tweet_id,username,content,timestamp,likes,retweets,replies,hashtags,mentions,source_hashtag,scraped_at,cashtags,date
"intraday_ishaan|2026-09-05T08:17:12.269575+00:00|Watching #banknifty closely, no clear tr",intraday_ishaan,"Watching #banknifty closely, no clear trend yet. What's everyone's view on 22711? #stockmarket #trading",2026-09-05 08:17:12.269575+00:00,12,1,0,['banknifty'],[],banknifty,2026-09-05 19:16:04.297825+00:00,[],2026-09-05
"niftyguru|2026-09-05T17:18:30.136971+00:00|बाजार में तेजी है, 23302 के ऊपर खरीदारी ",niftyguru,"बाजार में तेजी है, 23302 के ऊपर खरीदारी का मौका #sensex",2026-09-05 17:18:30.136971+00:00,7,1,1,"['sensex', 'nifty50']",[],sensex,2026-09-05 19:16:04.281839+00:00,[],2026-09-05
"bull_on_dalal_st|2026-09-05T09:56:58.651908+00:00|Panic selling in #nifty50, 22409 breakdo",bull_on_dalal_st,"Panic selling in #nifty50, 22409 breakdown confirmed, stop loss hit",2026-09-05 09:56:58.651908+00:00,12,1,1,"['nifty50', 'nifty50']",[],nifty50,2026-09-05 19:16:04.263020+00:00,[],2026-09-05
intraday_ishaan|2026-09-05T16:41:50.462134+00:00|Positional buy initiated on #banknifty a,intraday_ishaan,"Positional buy initiated on #banknifty above 49906, SL below 50206 RBI policy day today.",2026-09-05 16:41:50.462134+00:00,2,0,0,"['banknifty', 'intraday']",[],banknifty,2026-09-05 19:16:04.255989+00:00,[],2026-09-05
"trader_raj|2026-09-05T05:03:43.114694+00:00|#banknifty update: flat session so far, -dup",trader_raj,"#banknifty update: flat session so far, volumes low ahead of RBI policy",2026-09-05 05:03:43.114694+00:00,6,0,0,['banknifty'],['user_e3d83d'],banknifty,2026-09-05 19:16:04.314503+00:00,[],2026-09-05
"chartwizard|2026-09-05T02:33:15.038730+00:00|Sideways action continues on #sensex, 23",chartwizard,"Sideways action continues on #sensex, 23282-22662 range holding Volume bhi zyada hai aaj.",2026-09-05 02:33:15.038730+00:00,0,0,0,['sensex'],['user_a8f895'],sensex,2026-09-05 19:16:04.273015+00:00,[],2026-09-05
"chartwizard|2026-09-05T05:47:28.192604+00:00|#sensex breaking down below 49664, expec",chartwizard,"#sensex breaking down below 49664, expecting further downside to 50114",2026-09-05 05:47:28.192604+00:00,7,2,1,"['sensex', 'nifty50']",['user_6ab96f'],sensex,2026-09-05 19:16:04.281417+00:00,[],2026-09-05
"bull_on_dalal_st|2026-09-05T03:48:26.258131+00:00|Watching #sensex closely, no clear trend",bull_on_dalal_st,"Watching #sensex closely, no clear trend yet. What's everyone's view on 21767? Kya lagta hai aap logo ka?",2026-09-05 03:48:26.258131+00:00,8,0,0,['sensex'],['user_51e522'],sensex,2026-09-05 19:16:04.257545+00:00,[],2026-09-05
"the_bear_desk|2026-09-05T09:58:38.488845+00:00|Low volume day for #banknifty, market aw",the_bear_desk,"Low volume day for #banknifty, market awaiting 48820 confirmation Options data suggests the same.",2026-09-05 09:58:38.488845+00:00,10,2,0,['banknifty'],[],banknifty,2026-09-05 19:16:04.274128+00:00,[],2026-09-05
"MarketMaverick|2026-09-05T02:06:24.244377+00:00|#banknifty showing higher highs, 48891 b",MarketMaverick,"#banknifty showing higher highs, 48891 broken with volume, next stop 48441 Volume bhi zyada hai aaj.",2026-09-05 02:06:24.244377+00:00,12,2,2,"['banknifty', 'nifty50']",[],banknifty,2026-09-05 19:16:04.284354+00:00,[],2026-09-05
the_bear_desk|2026-09-04T23:52:05.274573+00:00|Nifty ne resistance todi! bullish moment,the_bear_desk,"Nifty ne resistance todi! bullish momentum building, 50193 ke upar accumulate karo #banknifty",2026-09-04 23:52:05.274573+00:00,9,2,0,['banknifty'],[],banknifty,2026-09-05 19:16:04.310211+00:00,[],2026-09-04
"swing_trader_in|2026-09-05T09:06:27.262506+00:00|FIIs buying heavily today, #nifty50 coul",swing_trader_in,"FIIs buying heavily today, #nifty50 could test 21772 by expiry #optionstrading #dalalstreet",2026-09-05 09:06:27.262506+00:00,15,3,0,['nifty50'],[],nifty50,2026-09-05 19:16:04.280420+00:00,[],2026-09-05
"swing_trader_in|2026-09-05T11:02:20.792740+00:00|Sensex rally continues, 49148 support ho",swing_trader_in,"Sensex rally continues, 49148 support holding well. Long positions looking good #sensex Thoughts? Reliance also in focus.",2026-09-05 11:02:20.792740+00:00,11,1,0,['sensex'],[],sensex,2026-09-05 19:16:04.260645+00:00,[],2026-09-05
sensex_scalper|2026-09-05T11:27:29.172317+00:00|Nifty ne resistance todi! bullish moment,sensex_scalper,"Nifty ne resistance todi! bullish momentum building, 22991 ke upar accumulate karo #banknifty Thoughts?",2026-09-05 11:27:29.172317+00:00,7,1,0,"['banknifty', 'nifty50']",[],banknifty,2026-09-05 19:16:04.296067+00:00,[],2026-09-05
"intraday_ishaan|2026-09-05T13:16:49.070277+00:00|Market crash ho sakta hai, 47651 ka supp",intraday_ishaan,"Market crash ho sakta hai, 47651 ka support toot gaya, bearish on #sensex",2026-09-05 13:16:49.070277+00:00,9,0,0,['sensex'],[],sensex,2026-09-05 19:16:04.253745+00:00,[],2026-09-05
"sensex_scalper|2026-09-05T09:56:48.725879+00:00|बाजार में तेजी है, 22248 के ऊपर खरीदारी ",sensex_scalper,"बाजार में तेजी है, 22248 के ऊपर खरीदारी का मौका #banknifty #optionstrading #dalalstreet",2026-09-05 09:56:48.725879+00:00,3,0,0,['banknifty'],[],banknifty,2026-09-05 19:16:04.310047+00:00,[],2026-09-05
"swing_trader_in|2026-09-04T19:08:31.708011+00:00|#nifty50 looking strong today, breakout ",swing_trader_in,"#nifty50 looking strong today, breakout above 49334, target 49954 RBI policy day today.",2026-09-04 19:08:31.708011+00:00,12,3,2,['nifty50'],[],nifty50,2026-09-05 19:16:04.286359+00:00,[],2026-09-04
"intraday_ishaan|2026-09-05T04:11:27.593779+00:00|Global markets weak overnight, #banknift",intraday_ishaan,"Global markets weak overnight, #banknifty may gap down below 21673 Volume bhi zyada hai aaj.",2026-09-05 04:11:27.593779+00:00,10,2,1,"['banknifty', 'intraday']",[],banknifty,2026-09-05 19:16:04.280600+00:00,[],2026-09-05
"riskmanager_99|2026-09-04T23:29:11.528037+00:00|Sell on rise strategy for #banknifty, re",riskmanager_99,"Sell on rise strategy for #banknifty, resistance at 21774 not breaking #stockmarket #trading",2026-09-04 23:29:11.528037+00:00,9,1,0,['banknifty'],[],banknifty,2026-09-05 19:16:04.299664+00:00,[],2026-09-04
"sensex_scalper|2026-09-05T10:55:39.105715+00:00|#banknifty consolidating near 48220, nee",sensex_scalper,"#banknifty consolidating near 48220, need a breakout either side Infosys also in focus.",2026-09-05 10:55:39.105715+00:00,4,0,0,"['banknifty', 'intraday']",[],banknifty,2026-09-05 19:16:04.268906+00:00,[],2026-09-05
"quant_priya|2026-09-04T20:07:38.093380+00:00|मंदी का माहौल है बाज़ार में, 21587 से नी",quant_priya,"मंदी का माहौल है बाज़ार में, 21587 से नीचे बिकवाली तेज #intraday #stockmarket #trading",2026-09-04 20:07:38.093380+00:00,15,2,1,['intraday'],[],intraday,2026-09-05 19:16:04.290248+00:00,[],2026-09-04
"sensex_scalper|2026-09-04T21:11:47.724695+00:00|Panic selling in #sensex, 50818 breakdow",sensex_scalper,"Panic selling in #sensex, 50818 breakdown confirmed, stop loss hit Budget session ahead, stay alert.",2026-09-04 21:11:47.724695+00:00,9,0,1,"['sensex', 'intraday']",['user_022935'],sensex,2026-09-05 19:16:04.285728+00:00,[],2026-09-04
"quant_priya|2026-09-05T11:23:22.104853+00:00|Market crash ho sakta hai, 50120 ka supp",quant_priya,"Market crash ho sakta hai, 50120 ka support toot gaya, bearish on #banknifty #optionstrading #dalalstreet TCS also in focus.",2026-09-05 11:23:22.104853+00:00,5,0,0,['banknifty'],[],banknifty,2026-09-05 19:16:04.255299+00:00,[],2026-09-05
"swing_trader_in|2026-09-05T15:39:39.444329+00:00|Buy the dip on 22498, 22048 target for s",swing_trader_in,"Buy the dip on 22498, 22048 target for swing trade #nifty50 $NIFTY RBI policy day today.",2026-09-05 15:39:39.444329+00:00,0,0,0,"['nifty50', 'intraday']",[],nifty50,2026-09-05 19:16:04.278869+00:00,['NIFTY'],2026-09-05
"bull_on_dalal_st|2026-09-04T22:01:02.321770+00:00|#banknifty consolidating near 21706, nee",bull_on_dalal_st,"#banknifty consolidating near 21706, need a breakout either side Keep an eye on FII/DII data. Adani Enterprises also in focus.",2026-09-04 22:01:02.321770+00:00,6,1,0,['banknifty'],['user_699c8d'],banknifty,2026-09-05 19:16:04.277221+00:00,[],2026-09-04
"MarketMaverick|2026-09-05T05:58:08.286066+00:00|Gap up opening expected for #intraday, 2",MarketMaverick,"Gap up opening expected for #intraday, 21991 is the level to watch DYOR.",2026-09-05 05:58:08.286066+00:00,3,0,0,['intraday'],[],intraday,2026-09-05 19:16:04.265140+00:00,[],2026-09-05
"dalalstreet_diary|2026-09-05T07:44:38.423284+00:00|Low volume day for #intraday, market awa",dalalstreet_diary,"Low volume day for #intraday, market awaiting 23153 confirmation Kya lagta hai aap logo ka?",2026-09-05 07:44:38.423284+00:00,1,0,0,"['intraday', 'sensex']",[],intraday,2026-09-05 19:16:04.273520+00:00,[],2026-09-05
"the_bear_desk|2026-09-04T22:26:57.634484+00:00|आज #sensex में भारी गिरावट, 49241 का सपो",the_bear_desk,"आज #sensex में भारी गिरावट, 49241 का सपोर्ट टूटा Keep an eye on FII/DII data. TCS also in focus.",2026-09-04 22:26:57.634484+00:00,13,1,1,['sensex'],[],sensex,2026-09-05 19:16:04.308974+00:00,[],2026-09-04
"riskmanager_99|2026-09-05T04:56:05.899391+00:00|मंदी का माहौल है बाज़ार में, 22253 से नी",riskmanager_99,"मंदी का माहौल है बाज़ार में, 22253 से नीचे बिकवाली तेज #banknifty DYOR.",2026-09-05 04:56:05.899391+00:00,1,0,0,['banknifty'],[],banknifty,2026-09-05 19:16:04.283315+00:00,[],2026-09-05
"bull_on_dalal_st|2026-09-05T00:14:07.442831+00:00|FIIs selling continuously, #intraday wea",bull_on_dalal_st,"FIIs selling continuously, #intraday weak below 21588 Thoughts?",2026-09-05 00:14:07.442831+00:00,3,0,0,['intraday'],[],intraday,2026-09-05 19:16:04.280928+00:00,[],2026-09-05
"trader_raj|2026-09-04T21:52:57.761687+00:00|Tejji ka mahaul hai #nifty50 mein, 50680",trader_raj,"Tejji ka mahaul hai #nifty50 mein, 50680 pe strong buying dekhi Budget session ahead, stay alert. Reliance also in focus.",2026-09-04 21:52:57.761687+00:00,8,1,1,"['nifty50', 'nifty50']",[],nifty50,2026-09-05 19:16:04.255726+00:00,[],2026-09-04
"quant_priya|2026-09-05T10:21:13.478791+00:00|#nifty50 showing higher highs, 23145 bro",quant_priya,"#nifty50 showing higher highs, 23145 broken with volume, next stop 23945 NFA.",2026-09-05 10:21:13.478791+00:00,5,1,0,"['nifty50', 'nifty50']",[],nifty50,2026-09-05 19:16:04.307002+00:00,[],2026-09-05
"riskmanager_99|2026-09-05T12:35:27.997960+00:00|Global cues supportive, #nifty50 likely ",riskmanager_99,"Global cues supportive, #nifty50 likely to open above 47779 tomorrow RBI policy day today.",2026-09-05 12:35:27.997960+00:00,0,0,0,"['nifty50', 'sensex']",[],nifty50,2026-09-05 19:16:04.259284+00:00,[],2026-09-05
"quant_priya|2026-09-05T05:04:06.223605+00:00|Mixed signals on #banknifty today, 21646",quant_priya,"Mixed signals on #banknifty today, 21646 acting as a pivot Let's see how it closes.",2026-09-05 05:04:06.223605+00:00,13,2,1,['banknifty'],[],banknifty,2026-09-05 19:16:04.280557+00:00,[],2026-09-05
"swing_trader_in|2026-09-05T08:36:19.007008+00:00|Low volume day for #banknifty, market aw",swing_trader_in,"Low volume day for #banknifty, market awaiting 22747 confirmation Keep an eye on FII/DII data.",2026-09-05 08:36:19.007008+00:00,10,2,1,"['banknifty', 'nifty50']",['user_acc1de'],banknifty,2026-09-05 19:16:04.281825+00:00,[],2026-09-05
banknifty_baba|2026-09-05T04:26:45.507007+00:00|#intraday range-bound between 21501 and ,banknifty_baba,"#intraday range-bound between 21501 and 21051 today, waiting for a clear direction Let's see how it closes.",2026-09-05 04:26:45.507007+00:00,0,0,0,['intraday'],[],intraday,2026-09-05 19:16:04.277036+00:00,[],2026-09-05
"MarketMaverick|2026-09-05T02:40:34.221663+00:00|#sensex showing higher highs, 49620 brok",MarketMaverick,"#sensex showing higher highs, 49620 broken with volume, next stop 50420 Adani Enterprises also in focus.",2026-09-05 02:40:34.221663+00:00,0,0,0,['sensex'],['user_912ff0'],sensex,2026-09-05 19:16:04.281447+00:00,[],2026-09-05
"swing_trader_in|2026-09-05T17:40:14.936387+00:00|आज #nifty50 में भारी गिरावट, 22451 का सप",swing_trader_in,"आज #nifty50 में भारी गिरावट, 22451 का सपोर्ट टूटा DYOR.",2026-09-05 17:40:14.936387+00:00,3,0,0,['nifty50'],[],nifty50,2026-09-05 19:16:04.275172+00:00,[],2026-09-05
"options_owl|2026-09-05T16:12:57.995848+00:00|#intraday consolidating near 48161, need",options_owl,"#intraday consolidating near 48161, need a breakout either side #stockmarket #trading",2026-09-05 16:12:57.995848+00:00,13,3,0,['intraday'],[],intraday,2026-09-05 19:16:04.273207+00:00,[],2026-09-05
"swing_trader_in|2026-09-04T21:19:24.069113+00:00|Sell on rise strategy for #intraday, res",swing_trader_in,"Sell on rise strategy for #intraday, resistance at 49241 not breaking Keep an eye on FII/DII data.",2026-09-04 21:19:24.069113+00:00,1,0,0,"['intraday', 'sensex']",[],intraday,2026-09-05 19:16:04.293403+00:00,[],2026-09-04
"the_bear_desk|2026-09-05T07:53:53.873137+00:00|Global cues supportive, #intraday likely-dup",the_bear_desk,"Global cues supportive, #intraday likely to open above 22900 tomorrow Thoughts? Bajaj Finance also in focus.",2026-09-05 07:53:53.873137+00:00,5,1,0,['intraday'],[],intraday,2026-09-05 19:16:04.314653+00:00,[],2026-09-05
"sensex_scalper|2026-09-05T14:05:20.136661+00:00|Tejji ka mahaul hai #banknifty mein, 484",sensex_scalper,"Tejji ka mahaul hai #banknifty mein, 48481 pe strong buying dekhi",2026-09-05 14:05:20.136661+00:00,14,3,0,['banknifty'],[],banknifty,2026-09-05 19:16:04.259271+00:00,[],2026-09-05
"quant_priya|2026-09-04T23:03:00.224397+00:00|Global cues supportive, #sensex likely t",quant_priya,"Global cues supportive, #sensex likely to open above 22883 tomorrow Keep an eye on FII/DII data.",2026-09-04 23:03:00.224397+00:00,15,1,2,['sensex'],[],sensex,2026-09-05 19:16:04.255920+00:00,[],2026-09-04
"trader_raj|2026-09-05T04:01:33.353111+00:00|#intraday update: flat session so far, v",trader_raj,"#intraday update: flat session so far, volumes low ahead of RBI policy #stockmarket #trading",2026-09-05 04:01:33.353111+00:00,4,1,0,['intraday'],['user_357fe0'],intraday,2026-09-05 19:16:04.268757+00:00,[],2026-09-05
"algo_anil|2026-09-05T00:27:51.024665+00:00|मंदी का माहौल है बाज़ार में, 48009 से नी",algo_anil,"मंदी का माहौल है बाज़ार में, 48009 से नीचे बिकवाली तेज #nifty50 Volume bhi zyada hai aaj.",2026-09-05 00:27:51.024665+00:00,7,1,1,"['nifty50', 'sensex']",[],nifty50,2026-09-05 19:16:04.298771+00:00,[],2026-09-05
"options_owl|2026-09-05T00:43:06.521858+00:00|Panic selling in #sensex, 22666 breakdow-dup",options_owl,"Panic selling in #sensex, 22666 breakdown confirmed, stop loss hit Options data suggests the same.",2026-09-05 00:43:06.521858+00:00,1,0,0,['sensex'],['user_8e5577'],sensex,2026-09-05 19:16:04.314743+00:00,[],2026-09-05
"MarketMaverick|2026-09-04T23:10:46.397782+00:00|Tejji ka mahaul hai #sensex mein, 21512 ",MarketMaverick,"Tejji ka mahaul hai #sensex mein, 21512 pe strong buying dekhi #optionstrading #dalalstreet",2026-09-04 23:10:46.397782+00:00,14,3,0,"['sensex', 'sensex']",[],sensex,2026-09-05 19:16:04.253808+00:00,[],2026-09-04
"the_bear_desk|2026-09-05T09:18:52.810717+00:00|Mixed signals on #intraday today, 50300 ",the_bear_desk,"Mixed signals on #intraday today, 50300 acting as a pivot NFA.",2026-09-05 09:18:52.810717+00:00,2,0,0,"['intraday', 'sensex']",[],intraday,2026-09-05 19:16:04.284576+00:00,[],2026-09-05
"MarketMaverick|2026-09-05T08:52:22.555375+00:00|Watching #sensex closely, no clear trend",MarketMaverick,"Watching #sensex closely, no clear trend yet. What's everyone's view on 22790? Kya lagta hai aap logo ka? Tata Motors also in focus.",2026-09-05 08:52:22.555375+00:00,9,1,1,['sensex'],[],sensex,2026-09-05 19:16:04.279932+00:00,[],2026-09-05
"riskmanager_99|2026-09-05T02:28:57.212814+00:00|#sensex looking strong today, breakout a-dup",riskmanager_99,"#sensex looking strong today, breakout above 22867, target 23317",2026-09-05 02:28:57.212814+00:00,14,1,1,"['sensex', 'banknifty']",[],sensex,2026-09-05 19:16:04.313675+00:00,[],2026-09-05
"intraday_ishaan|2026-09-04T23:38:50.166150+00:00|Market crash ho sakta hai, 22632 ka supp",intraday_ishaan,"Market crash ho sakta hai, 22632 ka support toot gaya, bearish on #sensex Volume bhi zyada hai aaj.",2026-09-04 23:38:50.166150+00:00,9,0,1,"['sensex', 'nifty50']",[],sensex,2026-09-05 19:16:04.311848+00:00,[],2026-09-04
"algo_anil|2026-09-05T03:50:25.179639+00:00|Global cues supportive, #sensex likely t",algo_anil,"Global cues supportive, #sensex likely to open above 50455 tomorrow Keep an eye on FII/DII data. Infosys also in focus.",2026-09-05 03:50:25.179639+00:00,22,6,1,['sensex'],[],sensex,2026-09-05 19:16:04.310154+00:00,[],2026-09-05
"quant_priya|2026-09-04T20:52:00.438056+00:00|Tejji ka mahaul hai #sensex mein, 23464 ",quant_priya,"Tejji ka mahaul hai #sensex mein, 23464 pe strong buying dekhi NFA. SBI also in focus.",2026-09-04 20:52:00.438056+00:00,8,0,1,['sensex'],[],sensex,2026-09-05 19:16:04.307552+00:00,[],2026-09-04
"bull_on_dalal_st|2026-09-04T22:21:26.007665+00:00|#sensex breaking down below 47816, expec-dup",bull_on_dalal_st,"#sensex breaking down below 47816, expecting further downside to 47516 Thoughts?",2026-09-04 22:21:26.007665+00:00,7,1,0,"['sensex', 'sensex']",[],sensex,2026-09-05 19:16:04.313958+00:00,[],2026-09-04
"trader_raj|2026-09-05T11:21:22.289064+00:00|Tejji ka mahaul hai #sensex mein, 23305 ",trader_raj,"Tejji ka mahaul hai #sensex mein, 23305 pe strong buying dekhi Volume bhi zyada hai aaj.",2026-09-05 11:21:22.289064+00:00,1,0,0,['sensex'],[],sensex,2026-09-05 19:16:04.270825+00:00,[],2026-09-05
"intraday_ishaan|2026-09-05T10:07:47.490681+00:00|Sensex rally continues, 22693 support ho",intraday_ishaan,"Sensex rally continues, 22693 support holding well. Long positions looking good #nifty50",2026-09-05 10:07:47.490681+00:00,0,0,0,"['nifty50', 'banknifty']",['user_7efd00'],nifty50,2026-09-05 19:16:04.293289+00:00,[],2026-09-05
sensex_scalper|2026-09-05T13:18:56.328003+00:00|Positional buy initiated on #sensex abov-dup,sensex_scalper,"Positional buy initiated on #sensex above 49707, SL below 50157 DYOR.",2026-09-05 13:18:56.328003+00:00,1,0,0,['sensex'],['user_91ed10'],sensex,2026-09-05 19:16:04.314216+00:00,[],2026-09-05
"dalalstreet_diary|2026-09-05T11:34:20.734687+00:00|FIIs buying heavily today, #intraday cou",dalalstreet_diary,"FIIs buying heavily today, #intraday could test 22116 by expiry Options data suggests the same.",2026-09-05 11:34:20.734687+00:00,6,1,1,['intraday'],['user_869654'],intraday,2026-09-05 19:16:04.270462+00:00,[],2026-09-05
"quant_priya|2026-09-05T16:00:19.348490+00:00|Gap up opening expected for #banknifty, ",quant_priya,"Gap up opening expected for #banknifty, 22032 is the level to watch",2026-09-05 16:00:19.348490+00:00,6,1,0,['banknifty'],[],banknifty,2026-09-05 19:16:04.312503+00:00,[],2026-09-05
"chartwizard|2026-09-05T08:20:29.014904+00:00|Panic selling in #sensex, 49337 breakdow",chartwizard,"Panic selling in #sensex, 49337 breakdown confirmed, stop loss hit Thoughts?",2026-09-05 08:20:29.014904+00:00,4,0,0,['sensex'],[],sensex,2026-09-05 19:16:04.304713+00:00,[],2026-09-05
"options_owl|2026-09-05T01:18:59.314579+00:00|#nifty50 forming lower lows, 49211 suppo",options_owl,"#nifty50 forming lower lows, 49211 support gone, next target 49361 Keep an eye on FII/DII data.",2026-09-05 01:18:59.314579+00:00,8,0,0,['nifty50'],[],nifty50,2026-09-05 19:16:04.252781+00:00,[],2026-09-05
"banknifty_baba|2026-09-05T01:33:15.430828+00:00|Market crash ho sakta hai, 22936 ka supp",banknifty_baba,"Market crash ho sakta hai, 22936 ka support toot gaya, bearish on #nifty50 Budget session ahead, stay alert.",2026-09-05 01:33:15.430828+00:00,14,2,2,['nifty50'],['user_a68841'],nifty50,2026-09-05 19:16:04.262428+00:00,[],2026-09-05
"trader_raj|2026-09-05T15:47:57.082340+00:00|Sideways action continues on #intraday, ",trader_raj,"Sideways action continues on #intraday, 48876-49676 range holding",2026-09-05 15:47:57.082340+00:00,7,1,0,"['intraday', 'nifty50']",[],intraday,2026-09-05 19:16:04.283451+00:00,[],2026-09-05
"options_owl|2026-09-04T22:21:26.010565+00:00|Watching #sensex closely, no clear trend",options_owl,"Watching #sensex closely, no clear trend yet. What's everyone's view on 49907? Volume bhi zyada hai aaj.",2026-09-04 22:21:26.010565+00:00,12,1,2,"['sensex', 'sensex']",[],sensex,2026-09-05 19:16:04.296575+00:00,[],2026-09-04
"intraday_ishaan|2026-09-05T09:45:58.382816+00:00|#nifty50 showing higher highs, 21952 bro",intraday_ishaan,"#nifty50 showing higher highs, 21952 broken with volume, next stop 22102 DYOR.",2026-09-05 09:45:58.382816+00:00,14,2,0,"['nifty50', 'banknifty']",[],nifty50,2026-09-05 19:16:04.261771+00:00,[],2026-09-05
"riskmanager_99|2026-09-04T21:41:57.817636+00:00|Panic selling in #banknifty, 49542 break",riskmanager_99,"Panic selling in #banknifty, 49542 breakdown confirmed, stop loss hit Keep an eye on FII/DII data.",2026-09-04 21:41:57.817636+00:00,4,1,0,['banknifty'],[],banknifty,2026-09-05 19:16:04.257273+00:00,[],2026-09-04
"dalalstreet_diary|2026-09-04T20:55:00.698951+00:00|Buy the dip on 22701, 22081 target for s",dalalstreet_diary,"Buy the dip on 22701, 22081 target for swing trade #nifty50 $NIFTY Thoughts?",2026-09-04 20:55:00.698951+00:00,15,2,0,['nifty50'],[],nifty50,2026-09-05 19:16:04.255157+00:00,['NIFTY'],2026-09-04
"dalalstreet_diary|2026-09-05T13:11:18.710204+00:00|Watching #sensex closely, no clear trend",dalalstreet_diary,"Watching #sensex closely, no clear trend yet. What's everyone's view on 23329? RBI policy day today. SBI also in focus.",2026-09-05 13:11:18.710204+00:00,3,0,0,['sensex'],[],sensex,2026-09-05 19:16:04.292517+00:00,[],2026-09-05
"riskmanager_99|2026-09-05T02:42:34.419473+00:00|#banknifty update: flat session so far, ",riskmanager_99,"#banknifty update: flat session so far, volumes low ahead of RBI policy Let's see how it closes.",2026-09-05 02:42:34.419473+00:00,0,0,0,['banknifty'],[],banknifty,2026-09-05 19:16:04.310437+00:00,[],2026-09-05
"chartwizard|2026-09-04T21:23:43.611313+00:00|Global markets weak overnight, #intraday",chartwizard,"Global markets weak overnight, #intraday may gap down below 47966 Thoughts?",2026-09-04 21:23:43.611313+00:00,12,3,1,['intraday'],[],intraday,2026-09-05 19:16:04.307512+00:00,[],2026-09-04
chartwizard|2026-09-05T00:39:53.624615+00:00|#sensex range-bound between 50114 and 50,chartwizard,"#sensex range-bound between 50114 and 50734 today, waiting for a clear direction Infosys also in focus.",2026-09-05 00:39:53.624615+00:00,5,0,0,"['sensex', 'sensex']",[],sensex,2026-09-05 19:16:04.277949+00:00,[],2026-09-05
"MarketMaverick|2026-09-05T10:42:51.176570+00:00|आज #banknifty में जबरदस्त तेजी, 50598 का",MarketMaverick,"आज #banknifty में जबरदस्त तेजी, 50598 का स्तर पार Budget session ahead, stay alert.",2026-09-05 10:42:51.176570+00:00,13,0,0,"['banknifty', 'sensex']",[],banknifty,2026-09-05 19:16:04.292488+00:00,[],2026-09-05
the_bear_desk|2026-09-05T10:33:48.244827+00:00|Profit booking seen in #banknifty near 5,the_bear_desk,"Profit booking seen in #banknifty near 50180, caution advised #stockmarket #trading HDFC Bank also in focus.",2026-09-05 10:33:48.244827+00:00,7,1,0,['banknifty'],[],banknifty,2026-09-05 19:16:04.277596+00:00,[],2026-09-05
"options_owl|2026-09-05T11:21:32.517664+00:00|Buy the dip on 22247, 22547 target for s",options_owl,"Buy the dip on 22247, 22547 target for swing trade #banknifty $NIFTY Budget session ahead, stay alert.",2026-09-05 11:21:32.517664+00:00,9,2,1,['banknifty'],[],banknifty,2026-09-05 19:16:04.257527+00:00,['NIFTY'],2026-09-05
riskmanager_99|2026-09-05T01:31:53.341319+00:00|Short positions added on #sensex below 2-dup,riskmanager_99,"Short positions added on #sensex below 21914, target 22214 NFA.",2026-09-05 01:31:53.341319+00:00,10,2,1,['sensex'],[],sensex,2026-09-05 19:16:04.314589+00:00,[],2026-09-05
"sensex_scalper|2026-09-05T06:47:21.555284+00:00|Gap up opening expected for #intraday, 4",sensex_scalper,"Gap up opening expected for #intraday, 47727 is the level to watch",2026-09-05 06:47:21.555284+00:00,7,1,0,"['intraday', 'intraday']",[],intraday,2026-09-05 19:16:04.259839+00:00,[],2026-09-05
"banknifty_baba|2026-09-04T23:24:56.920640+00:00|Mixed signals on #intraday today, 21669 ",banknifty_baba,"Mixed signals on #intraday today, 21669 acting as a pivot Options data suggests the same.",2026-09-04 23:24:56.920640+00:00,8,1,0,"['intraday', 'nifty50']",[],intraday,2026-09-05 19:16:04.258711+00:00,[],2026-09-04
"the_bear_desk|2026-09-05T13:09:31.929600+00:00|Gap up opening expected for #intraday, 2",the_bear_desk,"Gap up opening expected for #intraday, 21969 is the level to watch Volume bhi zyada hai aaj.",2026-09-05 13:09:31.929600+00:00,9,1,1,['intraday'],[],intraday,2026-09-05 19:16:04.300160+00:00,[],2026-09-05
"banknifty_baba|2026-09-05T05:14:56.628872+00:00|Gap up opening expected for #nifty50, 22",banknifty_baba,"Gap up opening expected for #nifty50, 22665 is the level to watch #optionstrading #dalalstreet TCS also in focus.",2026-09-05 05:14:56.628872+00:00,0,0,0,['nifty50'],[],nifty50,2026-09-05 19:16:04.294601+00:00,[],2026-09-05
"chartwizard|2026-09-05T10:31:15.259198+00:00|आज #sensex में जबरदस्त तेजी, 21642 का स्",chartwizard,"आज #sensex में जबरदस्त तेजी, 21642 का स्तर पार",2026-09-05 10:31:15.259198+00:00,4,0,0,['sensex'],['user_499c81'],sensex,2026-09-05 19:16:04.260538+00:00,[],2026-09-05
"banknifty_baba|2026-09-05T06:03:09.113531+00:00|#sensex looking strong today, breakout a-dup",banknifty_baba,"#sensex looking strong today, breakout above 49705, target 49555 #optionstrading #dalalstreet",2026-09-05 06:03:09.113531+00:00,6,0,0,['sensex'],[],sensex,2026-09-05 19:16:04.314829+00:00,[],2026-09-05
"sensex_scalper|2026-09-04T19:03:27.062263+00:00|Sell on rise strategy for #sensex, resis",sensex_scalper,"Sell on rise strategy for #sensex, resistance at 48025 not breaking Volume bhi zyada hai aaj.",2026-09-04 19:03:27.062263+00:00,2,0,0,"['sensex', 'intraday']",[],sensex,2026-09-05 19:16:04.283920+00:00,[],2026-09-04
intraday_ishaan|2026-09-04T18:54:05.770110+00:00|Positional buy initiated on #intraday ab,intraday_ishaan,"Positional buy initiated on #intraday above 50524, SL below 50374 #stockmarket #trading",2026-09-04 18:54:05.770110+00:00,13,2,2,"['intraday', 'sensex']",[],intraday,2026-09-05 19:16:04.265700+00:00,[],2026-09-04
"riskmanager_99|2026-09-05T15:36:06.715414+00:00|Gap up opening expected for #intraday, 2",riskmanager_99,"Gap up opening expected for #intraday, 22740 is the level to watch RBI policy day today.",2026-09-05 15:36:06.715414+00:00,14,3,2,['intraday'],[],intraday,2026-09-05 19:16:04.273356+00:00,[],2026-09-05
"swing_trader_in|2026-09-05T04:41:45.447595+00:00|Market crash ho sakta hai, 50275 ka supp",swing_trader_in,"Market crash ho sakta hai, 50275 ka support toot gaya, bearish on #sensex",2026-09-05 04:41:45.447595+00:00,4,0,0,['sensex'],[],sensex,2026-09-05 19:16:04.288642+00:00,[],2026-09-05
intraday_ishaan|2026-09-05T08:39:05.537797+00:00|Short positions added on #sensex below 2,intraday_ishaan,"Short positions added on #sensex below 22999, target 23449",2026-09-05 08:39:05.537797+00:00,12,0,1,['sensex'],['user_9df05c'],sensex,2026-09-05 19:16:04.258734+00:00,[],2026-09-05
"sensex_scalper|2026-09-05T06:27:09.233121+00:00|#banknifty showing higher highs, 48242 b",sensex_scalper,"#banknifty showing higher highs, 48242 broken with volume, next stop 48092 Options data suggests the same.",2026-09-05 06:27:09.233121+00:00,7,1,0,"['banknifty', 'banknifty']",[],banknifty,2026-09-05 19:16:04.269398+00:00,[],2026-09-05
"dalalstreet_diary|2026-09-05T14:35:52.758639+00:00|#banknifty forming lower lows, 22220 sup",dalalstreet_diary,"#banknifty forming lower lows, 22220 support gone, next target 22670 Let's see how it closes.",2026-09-05 14:35:52.758639+00:00,11,1,1,['banknifty'],[],banknifty,2026-09-05 19:16:04.298736+00:00,[],2026-09-05
"quant_priya|2026-09-05T08:14:06.076460+00:00|बाजार में तेजी है, 21981 के ऊपर खरीदारी ",quant_priya,"बाजार में तेजी है, 21981 के ऊपर खरीदारी का मौका #sensex Keep an eye on FII/DII data.",2026-09-05 08:14:06.076460+00:00,2,0,0,['sensex'],[],sensex,2026-09-05 19:16:04.279599+00:00,[],2026-09-05
"quant_priya|2026-09-05T06:52:06.431702+00:00|Tejji ka mahaul hai #sensex mein, 22261 ",quant_priya,"Tejji ka mahaul hai #sensex mein, 22261 pe strong buying dekhi #optionstrading #dalalstreet",2026-09-05 06:52:06.431702+00:00,11,1,1,"['sensex', 'banknifty']",[],sensex,2026-09-05 19:16:04.278123+00:00,[],2026-09-05
"options_owl|2026-09-05T09:27:26.541735+00:00|Panic selling in #intraday, 50441 breakd",options_owl,"Panic selling in #intraday, 50441 breakdown confirmed, stop loss hit RBI policy day today.",2026-09-05 09:27:26.541735+00:00,2,0,0,"['intraday', 'intraday']",[],intraday,2026-09-05 19:16:04.292280+00:00,[],2026-09-05
"chartwizard|2026-09-05T17:43:43.720910+00:00|Tejji ka mahaul hai #sensex mein, 21745 ",chartwizard,"Tejji ka mahaul hai #sensex mein, 21745 pe strong buying dekhi DYOR.",2026-09-05 17:43:43.720910+00:00,2,0,0,['sensex'],['user_62a5db'],sensex,2026-09-05 19:16:04.293832+00:00,[],2026-09-05
"sensex_scalper|2026-09-05T16:20:10.204089+00:00|#sensex looking strong today, breakout a",sensex_scalper,"#sensex looking strong today, breakout above 23072, target 23372 Keep an eye on FII/DII data.",2026-09-05 16:20:10.204089+00:00,7,1,1,['sensex'],[],sensex,2026-09-05 19:16:04.268309+00:00,[],2026-09-05
"trader_raj|2026-09-05T04:42:38.062320+00:00|Sideways action continues on #intraday, ",trader_raj,"Sideways action continues on #intraday, 21619-21469 range holding #stockmarket #trading",2026-09-05 04:42:38.062320+00:00,3,0,0,"['intraday', 'intraday']",[],intraday,2026-09-05 19:16:04.269275+00:00,[],2026-09-05
"sensex_scalper|2026-09-05T02:57:21.768103+00:00|#nifty50 looking strong today, breakout ",sensex_scalper,"#nifty50 looking strong today, breakout above 49753, target 50053 #optionstrading #dalalstreet",2026-09-05 02:57:21.768103+00:00,8,2,0,['nifty50'],[],nifty50,2026-09-05 19:16:04.307894+00:00,[],2026-09-05
"trader_raj|2026-09-05T04:03:53.132027+00:00|#nifty50 breaking down below 22125, expe",trader_raj,"#nifty50 breaking down below 22125, expecting further downside to 22425 Budget session ahead, stay alert.",2026-09-05 04:03:53.132027+00:00,8,0,1,['nifty50'],[],nifty50,2026-09-05 19:16:04.255743+00:00,[],2026-09-05
"dalalstreet_diary|2026-09-05T10:08:26.853829+00:00|Panic selling in #intraday, 47799 breakd",dalalstreet_diary,"Panic selling in #intraday, 47799 breakdown confirmed, stop loss hit Volume bhi zyada hai aaj.",2026-09-05 10:08:26.853829+00:00,2,0,0,['intraday'],[],intraday,2026-09-05 19:16:04.252045+00:00,[],2026-09-05
"trader_raj|2026-09-05T03:05:03.643526+00:00|#intraday consolidating near 48265, need",trader_raj,"#intraday consolidating near 48265, need a breakout either side Volume bhi zyada hai aaj.",2026-09-05 03:05:03.643526+00:00,5,0,0,['intraday'],[],intraday,2026-09-05 19:16:04.260306+00:00,[],2026-09-05
"trader_raj|2026-09-05T09:15:16.221600+00:00|Gap up opening expected for #banknifty, ",trader_raj,"Gap up opening expected for #banknifty, 50145 is the level to watch Keep an eye on FII/DII data.",2026-09-05 09:15:16.221600+00:00,11,2,2,['banknifty'],[],banknifty,2026-09-05 19:16:04.313125+00:00,[],2026-09-05
swing_trader_in|2026-09-05T18:15:47.633570+00:00|Positional buy initiated on #banknifty a,swing_trader_in,"Positional buy initiated on #banknifty above 22691, SL below 23311 Budget session ahead, stay alert.",2026-09-05 18:15:47.633570+00:00,5,0,0,['banknifty'],['user_4a13e4'],banknifty,2026-09-05 19:16:04.295550+00:00,[],2026-09-05
"banknifty_baba|2026-09-05T15:40:57.291374+00:00|#banknifty breaking down below 23091, ex",banknifty_baba,"#banknifty breaking down below 23091, expecting further downside to 22791",2026-09-05 15:40:57.291374+00:00,8,0,0,['banknifty'],['user_3746f9'],banknifty,2026-09-05 19:16:04.261020+00:00,[],2026-09-05
dalalstreet_diary|2026-09-05T16:28:38.358169+00:00|#banknifty range-bound between 47732 and,dalalstreet_diary,"#banknifty range-bound between 47732 and 47582 today, waiting for a clear direction #stockmarket #trading",2026-09-05 16:28:38.358169+00:00,4,0,0,['banknifty'],[],banknifty,2026-09-05 19:16:04.252576+00:00,[],2026-09-05
"trader_raj|2026-09-04T20:08:46.930175+00:00|Tejji ka mahaul hai #banknifty mein, 233",trader_raj,"Tejji ka mahaul hai #banknifty mein, 23310 pe strong buying dekhi #optionstrading #dalalstreet",2026-09-04 20:08:46.930175+00:00,8,2,0,['banknifty'],[],banknifty,2026-09-05 19:16:04.304160+00:00,[],2026-09-04
options_owl|2026-09-05T03:01:56.356631+00:00|Short positions added on #banknifty belo,options_owl,"Short positions added on #banknifty below 47547, target 48347 Kya lagta hai aap logo ka?",2026-09-05 03:01:56.356631+00:00,2,0,0,"['banknifty', 'banknifty']",['user_d9a03d'],banknifty,2026-09-05 19:16:04.271756+00:00,[],2026-09-05
"banknifty_baba|2026-09-04T22:01:44.299214+00:00|Sell on rise strategy for #banknifty, re",banknifty_baba,"Sell on rise strategy for #banknifty, resistance at 49123 not breaking Options data suggests the same.",2026-09-04 22:01:44.299214+00:00,13,3,2,['banknifty'],[],banknifty,2026-09-05 19:16:04.270439+00:00,[],2026-09-04
"niftyguru|2026-09-05T11:38:02.161732+00:00|Low volume day for #sensex, market await",niftyguru,"Low volume day for #sensex, market awaiting 49296 confirmation Budget session ahead, stay alert.",2026-09-05 11:38:02.161732+00:00,5,0,0,['sensex'],[],sensex,2026-09-05 19:16:04.299049+00:00,[],2026-09-05
"swing_trader_in|2026-09-05T10:51:49.326181+00:00|FIIs buying heavily today, #sensex could",swing_trader_in,"FIIs buying heavily today, #sensex could test 22043 by expiry #stockmarket #trading",2026-09-05 10:51:49.326181+00:00,10,0,0,['sensex'],[],sensex,2026-09-05 19:16:04.279557+00:00,[],2026-09-05
"banknifty_baba|2026-09-04T22:08:41.352945+00:00|Watching #sensex closely, no clear trend",banknifty_baba,"Watching #sensex closely, no clear trend yet. What's everyone's view on 22088? RBI policy day today.",2026-09-04 22:08:41.352945+00:00,2,0,0,['sensex'],[],sensex,2026-09-05 19:16:04.296050+00:00,[],2026-09-04
"quant_priya|2026-09-05T18:15:59.678904+00:00|Global cues supportive, #banknifty likel",quant_priya,"Global cues supportive, #banknifty likely to open above 48198 tomorrow #optionstrading #dalalstreet",2026-09-05 18:15:59.678904+00:00,9,1,0,['banknifty'],[],banknifty,2026-09-05 19:16:04.310909+00:00,[],2026-09-05
"chartwizard|2026-09-05T16:36:53.318625+00:00|बाजार में तेजी है, 50756 के ऊपर खरीदारी ",chartwizard,"बाजार में तेजी है, 50756 के ऊपर खरीदारी का मौका #banknifty Volume bhi zyada hai aaj.",2026-09-05 16:36:53.318625+00:00,9,0,0,"['banknifty', 'banknifty']",[],banknifty,2026-09-05 19:16:04.300396+00:00,[],2026-09-05
"bull_on_dalal_st|2026-09-05T13:38:59.089589+00:00|Market crash ho sakta hai, 22022 ka supp",bull_on_dalal_st,"Market crash ho sakta hai, 22022 ka support toot gaya, bearish on #sensex RBI policy day today.",2026-09-05 13:38:59.089589+00:00,8,1,0,['sensex'],[],sensex,2026-09-05 19:16:04.286835+00:00,[],2026-09-05
"quant_priya|2026-09-05T12:28:41.391031+00:00|Global markets weak overnight, #banknift",quant_priya,"Global markets weak overnight, #banknifty may gap down below 23189 Thoughts?",2026-09-05 12:28:41.391031+00:00,14,3,2,['banknifty'],[],banknifty,2026-09-05 19:16:04.309584+00:00,[],2026-09-05
"algo_anil|2026-09-05T01:36:59.487266+00:00|Panic selling in #banknifty, 48675 break",algo_anil,"Panic selling in #banknifty, 48675 breakdown confirmed, stop loss hit DYOR. Tata Motors also in focus.",2026-09-05 01:36:59.487266+00:00,11,2,1,['banknifty'],['user_defd4a'],banknifty,2026-09-05 19:16:04.278887+00:00,[],2026-09-05
"riskmanager_99|2026-09-05T04:06:30.223144+00:00|आज #nifty50 में भारी गिरावट, 22892 का सप",riskmanager_99,"आज #nifty50 में भारी गिरावट, 22892 का सपोर्ट टूटा",2026-09-05 04:06:30.223144+00:00,1,0,0,"['nifty50', 'intraday']",[],nifty50,2026-09-05 19:16:04.310330+00:00,[],2026-09-05
"sensex_scalper|2026-09-04T22:02:00.501001+00:00|#nifty50 showing higher highs, 49892 bro",sensex_scalper,"#nifty50 showing higher highs, 49892 broken with volume, next stop 49592 Options data suggests the same.",2026-09-04 22:02:00.501001+00:00,1,0,0,"['nifty50', 'nifty50']",[],nifty50,2026-09-05 19:16:04.293773+00:00,[],2026-09-04
"dalalstreet_diary|2026-09-05T03:22:42.333607+00:00|#banknifty showing higher highs, 21733 b",dalalstreet_diary,"#banknifty showing higher highs, 21733 broken with volume, next stop 21113 RBI policy day today.",2026-09-05 03:22:42.333607+00:00,15,2,2,['banknifty'],[],banknifty,2026-09-05 19:16:04.281149+00:00,[],2026-09-05
"sensex_scalper|2026-09-05T10:38:53.582482+00:00|#nifty50 looking strong today, breakout ",sensex_scalper,"#nifty50 looking strong today, breakout above 23455, target 24075 #optionstrading #dalalstreet",2026-09-05 10:38:53.582482+00:00,9,1,1,['nifty50'],[],nifty50,2026-09-05 19:16:04.279043+00:00,[],2026-09-05
"MarketMaverick|2026-09-05T07:46:34.180542+00:00|Sell on rise strategy for #sensex, resis",MarketMaverick,"Sell on rise strategy for #sensex, resistance at 22137 not breaking Let's see how it closes.",2026-09-05 07:46:34.180542+00:00,2,0,0,['sensex'],[],sensex,2026-09-05 19:16:04.309891+00:00,[],2026-09-05
"riskmanager_99|2026-09-05T14:30:30.648794+00:00|FIIs buying heavily today, #intraday cou",riskmanager_99,"FIIs buying heavily today, #intraday could test 47973 by expiry Budget session ahead, stay alert.",2026-09-05 14:30:30.648794+00:00,2,0,0,['intraday'],[],intraday,2026-09-05 19:16:04.313100+00:00,[],2026-09-05
algo_anil|2026-09-05T02:45:05.024607+00:00|Positional buy initiated on #banknifty a,algo_anil,"Positional buy initiated on #banknifty above 49203, SL below 48903 Options data suggests the same.",2026-09-05 02:45:05.024607+00:00,1,0,0,['banknifty'],[],banknifty,2026-09-05 19:16:04.270504+00:00,[],2026-09-05
riskmanager_99|2026-09-05T03:16:18.239929+00:00|Nifty ne resistance todi! bullish moment,riskmanager_99,"Nifty ne resistance todi! bullish momentum building, 23007 ke upar accumulate karo #intraday RBI policy day today.",2026-09-05 03:16:18.239929+00:00,1,0,0,['intraday'],[],intraday,2026-09-05 19:16:04.312719+00:00,[],2026-09-05
"MarketMaverick|2026-09-05T02:43:17.116106+00:00|Buy the dip on 47636, 47016 target for s",MarketMaverick,"Buy the dip on 47636, 47016 target for swing trade #nifty50 $NIFTY",2026-09-05 02:43:17.116106+00:00,13,1,0,"['nifty50', 'banknifty']",[],nifty50,2026-09-05 19:16:04.279132+00:00,['NIFTY'],2026-09-05
"niftyguru|2026-09-04T20:40:55.164125+00:00|आज #nifty50 में जबरदस्त तेजी, 47574 का स",niftyguru,"आज #nifty50 में जबरदस्त तेजी, 47574 का स्तर पार RBI policy day today.",2026-09-04 20:40:55.164125+00:00,11,2,2,"['nifty50', 'intraday']",[],nifty50,2026-09-05 19:16:04.282987+00:00,[],2026-09-04
"trader_raj|2026-09-05T02:49:06.879937+00:00|बाजार में तेजी है, 49796 के ऊपर खरीदारी ",trader_raj,"बाजार में तेजी है, 49796 के ऊपर खरीदारी का मौका #sensex DYOR.",2026-09-05 02:49:06.879937+00:00,14,3,1,"['sensex', 'sensex']",[],sensex,2026-09-05 19:16:04.278206+00:00,[],2026-09-05
"options_owl|2026-09-05T17:11:21.539901+00:00|Mixed signals on #nifty50 today, 48339 a",options_owl,"Mixed signals on #nifty50 today, 48339 acting as a pivot Volume bhi zyada hai aaj.",2026-09-05 17:11:21.539901+00:00,8,0,1,"['nifty50', 'intraday']",[],nifty50,2026-09-05 19:16:04.296590+00:00,[],2026-09-05
"chartwizard|2026-09-05T07:41:50.746657+00:00|Global markets weak overnight, #sensex m",chartwizard,"Global markets weak overnight, #sensex may gap down below 50136 RBI policy day today. TCS also in focus.",2026-09-05 07:41:50.746657+00:00,0,0,0,"['sensex', 'banknifty']",[],sensex,2026-09-05 19:16:04.305263+00:00,[],2026-09-05
"banknifty_baba|2026-09-05T15:19:06.836699+00:00|बाजार में तेजी है, 49438 के ऊपर खरीदारी ",banknifty_baba,"बाजार में तेजी है, 49438 के ऊपर खरीदारी का मौका #nifty50 Volume bhi zyada hai aaj. Tata Motors also in focus.",2026-09-05 15:19:06.836699+00:00,0,0,0,['nifty50'],[],nifty50,2026-09-05 19:16:04.254768+00:00,[],2026-09-05
"bull_on_dalal_st|2026-09-04T22:10:04.456779+00:00|Watching #intraday closely, no clear tre",bull_on_dalal_st,"Watching #intraday closely, no clear trend yet. What's everyone's view on 21809? Options data suggests the same. SBI also in focus.",2026-09-04 22:10:04.456779+00:00,1,0,0,['intraday'],[],intraday,2026-09-05 19:16:04.290305+00:00,[],2026-09-04
"trader_raj|2026-09-05T06:15:05.506077+00:00|आज #nifty50 में भारी गिरावट, 23292 का सप",trader_raj,"आज #nifty50 में भारी गिरावट, 23292 का सपोर्ट टूटा DYOR.",2026-09-05 06:15:05.506077+00:00,13,3,2,['nifty50'],['user_b7d7bd'],nifty50,2026-09-05 19:16:04.265165+00:00,[],2026-09-05
bull_on_dalal_st|2026-09-04T22:06:58.017451+00:00|#banknifty range-bound between 21816 and,bull_on_dalal_st,"#banknifty range-bound between 21816 and 21966 today, waiting for a clear direction Thoughts?",2026-09-04 22:06:58.017451+00:00,13,3,2,['banknifty'],[],banknifty,2026-09-05 19:16:04.285454+00:00,[],2026-09-04
"the_bear_desk|2026-09-05T07:13:54.426184+00:00|Gap up opening expected for #banknifty, ",the_bear_desk,"Gap up opening expected for #banknifty, 23467 is the level to watch NFA.",2026-09-05 07:13:54.426184+00:00,8,0,0,['banknifty'],['user_1e17f9'],banknifty,2026-09-05 19:16:04.306871+00:00,[],2026-09-05
"dalalstreet_diary|2026-09-04T21:36:53.171954+00:00|#intraday looking strong today, breakout",dalalstreet_diary,"#intraday looking strong today, breakout above 22435, target 22135 Keep an eye on FII/DII data.",2026-09-04 21:36:53.171954+00:00,7,0,0,['intraday'],[],intraday,2026-09-05 19:16:04.283469+00:00,[],2026-09-04
"the_bear_desk|2026-09-05T05:37:11.110295+00:00|Global cues supportive, #nifty50 likely ",the_bear_desk,"Global cues supportive, #nifty50 likely to open above 48574 tomorrow Volume bhi zyada hai aaj.",2026-09-05 05:37:11.110295+00:00,14,1,1,['nifty50'],[],nifty50,2026-09-05 19:16:04.270869+00:00,[],2026-09-05
"riskmanager_99|2026-09-05T01:07:50.366691+00:00|FIIs buying heavily today, #banknifty co",riskmanager_99,"FIIs buying heavily today, #banknifty could test 22413 by expiry Infosys also in focus.",2026-09-05 01:07:50.366691+00:00,13,1,1,['banknifty'],[],banknifty,2026-09-05 19:16:04.272854+00:00,[],2026-09-05
"the_bear_desk|2026-09-05T07:43:57.157667+00:00|मंदी का माहौल है बाज़ार में, 22299 से नी",the_bear_desk,"मंदी का माहौल है बाज़ार में, 22299 से नीचे बिकवाली तेज #nifty50 NFA.",2026-09-05 07:43:57.157667+00:00,3,0,0,"['nifty50', 'nifty50']",[],nifty50,2026-09-05 19:16:04.284454+00:00,[],2026-09-05
"quant_priya|2026-09-05T03:18:30.357214+00:00|मंदी का माहौल है बाज़ार में, 48188 से नी",quant_priya,"मंदी का माहौल है बाज़ार में, 48188 से नीचे बिकवाली तेज #nifty50 Budget session ahead, stay alert.",2026-09-05 03:18:30.357214+00:00,0,0,0,"['nifty50', 'banknifty']",['user_e5101a'],nifty50,2026-09-05 19:16:04.261614+00:00,[],2026-09-05
"riskmanager_99|2026-09-04T23:40:20.537823+00:00|बाजार में तेजी है, 48448 के ऊपर खरीदारी ",riskmanager_99,"बाजार में तेजी है, 48448 के ऊपर खरीदारी का मौका #sensex TCS also in focus.",2026-09-04 23:40:20.537823+00:00,10,1,0,['sensex'],[],sensex,2026-09-05 19:16:04.254429+00:00,[],2026-09-04
dalalstreet_diary|2026-09-05T12:33:41.863493+00:00|Nifty ne resistance todi! bullish moment,dalalstreet_diary,"Nifty ne resistance todi! bullish momentum building, 50134 ke upar accumulate karo #nifty50 Volume bhi zyada hai aaj.",2026-09-05 12:33:41.863493+00:00,1,0,0,"['nifty50', 'sensex']",[],nifty50,2026-09-05 19:16:04.297716+00:00,[],2026-09-05
"the_bear_desk|2026-09-05T13:53:28.994335+00:00|Buy the dip on 21577, 21277 target for s",the_bear_desk,"Buy the dip on 21577, 21277 target for swing trade #nifty50 $NIFTY Options data suggests the same.",2026-09-05 13:53:28.994335+00:00,1,0,0,['nifty50'],[],nifty50,2026-09-05 19:16:04.293389+00:00,['NIFTY'],2026-09-05
"sensex_scalper|2026-09-05T17:10:31.244501+00:00|Market crash ho sakta hai, 22230 ka supp",sensex_scalper,"Market crash ho sakta hai, 22230 ka support toot gaya, bearish on #banknifty DYOR.",2026-09-05 17:10:31.244501+00:00,10,1,1,['banknifty'],[],banknifty,2026-09-05 19:16:04.290518+00:00,[],2026-09-05
"swing_trader_in|2026-09-05T06:19:44.091121+00:00|Gap up opening expected for #nifty50, 49",swing_trader_in,"Gap up opening expected for #nifty50, 49357 is the level to watch",2026-09-05 06:19:44.091121+00:00,2,0,0,['nifty50'],[],nifty50,2026-09-05 19:16:04.300540+00:00,[],2026-09-05
"quant_priya|2026-09-05T17:33:06.182212+00:00|Market crash ho sakta hai, 23381 ka supp",quant_priya,"Market crash ho sakta hai, 23381 ka support toot gaya, bearish on #intraday #optionstrading #dalalstreet ICICI Bank also in focus.",2026-09-05 17:33:06.182212+00:00,4,1,0,['intraday'],[],intraday,2026-09-05 19:16:04.252730+00:00,[],2026-09-05
"quant_priya|2026-09-05T05:12:11.653363+00:00|Sensex rally continues, 22435 support ho",quant_priya,"Sensex rally continues, 22435 support holding well. Long positions looking good #banknifty NFA.",2026-09-05 05:12:11.653363+00:00,14,1,2,['banknifty'],[],banknifty,2026-09-05 19:16:04.305788+00:00,[],2026-09-05
"trader_raj|2026-09-05T14:06:56.347159+00:00|Tejji ka mahaul hai #banknifty mein, 506",trader_raj,"Tejji ka mahaul hai #banknifty mein, 50632 pe strong buying dekhi Volume bhi zyada hai aaj.",2026-09-05 14:06:56.347159+00:00,15,3,1,"['banknifty', 'nifty50']",[],banknifty,2026-09-05 19:16:04.270136+00:00,[],2026-09-05
"trader_raj|2026-09-04T19:26:39.790458+00:00|Sensex rally continues, 22580 support ho",trader_raj,"Sensex rally continues, 22580 support holding well. Long positions looking good #sensex Kya lagta hai aap logo ka?",2026-09-04 19:26:39.790458+00:00,9,1,1,['sensex'],['user_d01874'],sensex,2026-09-05 19:16:04.265326+00:00,[],2026-09-04
"banknifty_baba|2026-09-05T09:52:29.926546+00:00|#banknifty looking strong today, breakou",banknifty_baba,"#banknifty looking strong today, breakout above 22522, target 22072 NFA.",2026-09-05 09:52:29.926546+00:00,5,1,0,['banknifty'],[],banknifty,2026-09-05 19:16:04.305277+00:00,[],2026-09-05
"niftyguru|2026-09-05T16:32:12.109935+00:00|Watching #sensex closely, no clear trend",niftyguru,"Watching #sensex closely, no clear trend yet. What's everyone's view on 50585?",2026-09-05 16:32:12.109935+00:00,8,2,1,['sensex'],[],sensex,2026-09-05 19:16:04.259458+00:00,[],2026-09-05
intraday_ishaan|2026-09-04T20:00:19.511751+00:00|#nifty50 range-bound between 23181 and 2,intraday_ishaan,"#nifty50 range-bound between 23181 and 23631 today, waiting for a clear direction DYOR. HDFC Bank also in focus.",2026-09-04 20:00:19.511751+00:00,13,3,2,['nifty50'],[],nifty50,2026-09-05 19:16:04.290571+00:00,[],2026-09-04
"riskmanager_99|2026-09-05T09:38:35.753308+00:00|#sensex forming lower lows, 49205 suppor",riskmanager_99,"#sensex forming lower lows, 49205 support gone, next target 49505 Volume bhi zyada hai aaj.",2026-09-05 09:38:35.753308+00:00,6,1,0,['sensex'],[],sensex,2026-09-05 19:16:04.256712+00:00,[],2026-09-05
"banknifty_baba|2026-09-05T07:32:18.832723+00:00|Buy the dip on 21843, 21993 target for s-dup",banknifty_baba,"Buy the dip on 21843, 21993 target for swing trade #nifty50 $NIFTY Kya lagta hai aap logo ka? Tata Motors also in focus.",2026-09-05 07:32:18.832723+00:00,6,1,1,"['nifty50', 'sensex']",[],nifty50,2026-09-05 19:16:04.313590+00:00,['NIFTY'],2026-09-05
"intraday_ishaan|2026-09-05T14:48:40.776035+00:00|Gap up opening expected for #sensex, 477",intraday_ishaan,"Gap up opening expected for #sensex, 47715 is the level to watch RBI policy day today.",2026-09-05 14:48:40.776035+00:00,1,0,0,"['sensex', 'nifty50']",['user_d445c7'],sensex,2026-09-05 19:16:04.300244+00:00,[],2026-09-05
"chartwizard|2026-09-04T23:16:26.930945+00:00|Sell on rise strategy for #sensex, resis",chartwizard,"Sell on rise strategy for #sensex, resistance at 23266 not breaking Options data suggests the same.",2026-09-04 23:16:26.930945+00:00,13,1,0,['sensex'],[],sensex,2026-09-05 19:16:04.262588+00:00,[],2026-09-04
"chartwizard|2026-09-05T16:09:16.354547+00:00|आज #intraday में जबरदस्त तेजी, 48617 का ",chartwizard,"आज #intraday में जबरदस्त तेजी, 48617 का स्तर पार ITC also in focus.",2026-09-05 16:09:16.354547+00:00,10,2,0,['intraday'],[],intraday,2026-09-05 19:16:04.292143+00:00,[],2026-09-05
"banknifty_baba|2026-09-05T09:55:47.223270+00:00|Low volume day for #intraday, market awa",banknifty_baba,"Low volume day for #intraday, market awaiting 48830 confirmation",2026-09-05 09:55:47.223270+00:00,0,0,0,"['intraday', 'banknifty']",[],intraday,2026-09-05 19:16:04.255689+00:00,[],2026-09-05
"MarketMaverick|2026-09-05T17:19:49.337539+00:00|Global cues supportive, #intraday likely",MarketMaverick,"Global cues supportive, #intraday likely to open above 23049 tomorrow #optionstrading #dalalstreet HDFC Bank also in focus.",2026-09-05 17:19:49.337539+00:00,5,0,0,['intraday'],[],intraday,2026-09-05 19:16:04.257217+00:00,[],2026-09-05
niftyguru|2026-09-04T18:56:25.949860+00:00|Short positions added on #nifty50 below ,niftyguru,"Short positions added on #nifty50 below 48907, target 49357",2026-09-04 18:56:25.949860+00:00,12,1,1,['nifty50'],[],nifty50,2026-09-05 19:16:04.276138+00:00,[],2026-09-04
"chartwizard|2026-09-05T09:47:32.105163+00:00|#sensex looking strong today, breakout a",chartwizard,"#sensex looking strong today, breakout above 49038, target 49188 Thoughts?",2026-09-05 09:47:32.105163+00:00,8,0,0,['sensex'],[],sensex,2026-09-05 19:16:04.280613+00:00,[],2026-09-05
"MarketMaverick|2026-09-05T13:36:49.302072+00:00|Low volume day for #banknifty, market aw",MarketMaverick,"Low volume day for #banknifty, market awaiting 49706 confirmation",2026-09-05 13:36:49.302072+00:00,0,0,0,"['banknifty', 'banknifty']",[],banknifty,2026-09-05 19:16:04.292473+00:00,[],2026-09-05
"the_bear_desk|2026-09-04T23:38:57.050008+00:00|बाजार में तेजी है, 22761 के ऊपर खरीदारी ",the_bear_desk,"बाजार में तेजी है, 22761 के ऊपर खरीदारी का मौका #intraday Keep an eye on FII/DII data.",2026-09-04 23:38:57.050008+00:00,14,2,1,"['intraday', 'intraday']",[],intraday,2026-09-05 19:16:04.274278+00:00,[],2026-09-04
"bull_on_dalal_st|2026-09-05T07:27:19.278639+00:00|Sell on rise strategy for #banknifty, re",bull_on_dalal_st,"Sell on rise strategy for #banknifty, resistance at 23090 not breaking Options data suggests the same.",2026-09-05 07:27:19.278639+00:00,4,0,0,['banknifty'],[],banknifty,2026-09-05 19:16:04.254683+00:00,[],2026-09-05
intraday_ishaan|2026-09-04T19:17:06.547645+00:00|Nifty ne resistance todi! bullish moment-dup,intraday_ishaan,"Nifty ne resistance todi! bullish momentum building, 22727 ke upar accumulate karo #sensex DYOR.",2026-09-04 19:17:06.547645+00:00,0,0,0,['sensex'],[],sensex,2026-09-05 19:16:04.314563+00:00,[],2026-09-04
banknifty_baba|2026-09-05T08:49:55.982512+00:00|Positional buy initiated on #sensex abov,banknifty_baba,"Positional buy initiated on #sensex above 21774, SL below 22074 Options data suggests the same.",2026-09-05 08:49:55.982512+00:00,3,0,0,['sensex'],[],sensex,2026-09-05 19:16:04.268173+00:00,[],2026-09-05
"bull_on_dalal_st|2026-09-05T02:27:33.238322+00:00|Tejji ka mahaul hai #sensex mein, 47650 ",bull_on_dalal_st,"Tejji ka mahaul hai #sensex mein, 47650 pe strong buying dekhi Volume bhi zyada hai aaj.",2026-09-05 02:27:33.238322+00:00,12,1,1,"['sensex', 'intraday']",[],sensex,2026-09-05 19:16:04.286931+00:00,[],2026-09-05
"intraday_ishaan|2026-09-04T23:10:43.547813+00:00|Sideways action continues on #nifty50, 4",intraday_ishaan,"Sideways action continues on #nifty50, 49468-49318 range holding Let's see how it closes.",2026-09-04 23:10:43.547813+00:00,3,0,0,['nifty50'],[],nifty50,2026-09-05 19:16:04.303530+00:00,[],2026-09-04
"intraday_ishaan|2026-09-05T02:30:46.069640+00:00|#nifty50 looking strong today, breakout ",intraday_ishaan,"#nifty50 looking strong today, breakout above 48037, target 48657 NFA.",2026-09-05 02:30:46.069640+00:00,4,0,0,['nifty50'],[],nifty50,2026-09-05 19:16:04.274938+00:00,[],2026-09-05
"MarketMaverick|2026-09-05T01:16:33.835185+00:00|FIIs selling continuously, #nifty50 weak",MarketMaverick,"FIIs selling continuously, #nifty50 weak below 50026 RBI policy day today.",2026-09-05 01:16:33.835185+00:00,1,0,0,['nifty50'],[],nifty50,2026-09-05 19:16:04.270679+00:00,[],2026-09-05
"bull_on_dalal_st|2026-09-04T18:46:34.667311+00:00|Buy the dip on 22200, 22050 target for s",bull_on_dalal_st,"Buy the dip on 22200, 22050 target for swing trade #intraday $NIFTY Volume bhi zyada hai aaj.",2026-09-04 18:46:34.667311+00:00,2,0,0,['intraday'],[],intraday,2026-09-05 19:16:04.303757+00:00,['NIFTY'],2026-09-04
"options_owl|2026-09-05T07:19:45.802357+00:00|#nifty50 forming lower lows, 50493 suppo",options_owl,"#nifty50 forming lower lows, 50493 support gone, next target 50343 NFA.",2026-09-05 07:19:45.802357+00:00,13,2,1,['nifty50'],[],nifty50,2026-09-05 19:16:04.308349+00:00,[],2026-09-05
"sensex_scalper|2026-09-05T18:32:57.255571+00:00|FIIs buying heavily today, #intraday cou",sensex_scalper,"FIIs buying heavily today, #intraday could test 49878 by expiry Kya lagta hai aap logo ka?",2026-09-05 18:32:57.255571+00:00,5,0,0,['intraday'],[],intraday,2026-09-05 19:16:04.305033+00:00,[],2026-09-05
"trader_raj|2026-09-05T03:22:00.893534+00:00|#banknifty forming lower lows, 23068 sup",trader_raj,"#banknifty forming lower lows, 23068 support gone, next target 23368",2026-09-05 03:22:00.893534+00:00,5,1,0,"['banknifty', 'nifty50']",[],banknifty,2026-09-05 19:16:04.291046+00:00,[],2026-09-05
"MarketMaverick|2026-09-05T02:59:10.998244+00:00|#intraday breaking down below 23137, exp-dup",MarketMaverick,"#intraday breaking down below 23137, expecting further downside to 23287 Volume bhi zyada hai aaj.",2026-09-05 02:59:10.998244+00:00,2,0,0,"['intraday', 'sensex']",[],intraday,2026-09-05 19:16:04.314112+00:00,[],2026-09-05
"sensex_scalper|2026-09-04T21:48:05.162419+00:00|Watching #sensex closely, no clear trend",sensex_scalper,"Watching #sensex closely, no clear trend yet. What's everyone's view on 48403? #optionstrading #dalalstreet",2026-09-04 21:48:05.162419+00:00,3,0,0,"['sensex', 'nifty50']",[],sensex,2026-09-05 19:16:04.255374+00:00,[],2026-09-04
"bull_on_dalal_st|2026-09-04T22:07:45.093369+00:00|Tejji ka mahaul hai #sensex mein, 48608 ",bull_on_dalal_st,"Tejji ka mahaul hai #sensex mein, 48608 pe strong buying dekhi Budget session ahead, stay alert.",2026-09-04 22:07:45.093369+00:00,8,1,0,['sensex'],[],sensex,2026-09-05 19:16:04.299699+00:00,[],2026-09-04
"trader_raj|2026-09-04T21:30:12.014708+00:00|Sideways action continues on #intraday, ",trader_raj,"Sideways action continues on #intraday, 21605-22055 range holding #optionstrading #dalalstreet",2026-09-04 21:30:12.014708+00:00,5,1,0,['intraday'],[],intraday,2026-09-05 19:16:04.259481+00:00,[],2026-09-04
bull_on_dalal_st|2026-09-05T11:01:37.070264+00:00|#nifty50 range-bound between 22318 and 2,bull_on_dalal_st,"#nifty50 range-bound between 22318 and 22168 today, waiting for a clear direction Budget session ahead, stay alert.",2026-09-05 11:01:37.070264+00:00,9,1,1,['nifty50'],[],nifty50,2026-09-05 19:16:04.262152+00:00,[],2026-09-05
"quant_priya|2026-09-04T19:14:19.603839+00:00|Global cues supportive, #intraday likely",quant_priya,"Global cues supportive, #intraday likely to open above 23060 tomorrow RBI policy day today.",2026-09-04 19:14:19.603839+00:00,2,0,0,['intraday'],[],intraday,2026-09-05 19:16:04.275264+00:00,[],2026-09-04
"algo_anil|2026-09-05T12:46:32.820234+00:00|FIIs selling continuously, #nifty50 weak-dup",algo_anil,"FIIs selling continuously, #nifty50 weak below 22658 Volume bhi zyada hai aaj.",2026-09-05 12:46:32.820234+00:00,8,1,0,['nifty50'],[],nifty50,2026-09-05 19:16:04.313969+00:00,[],2026-09-05
"quant_priya|2026-09-05T02:10:22.508520+00:00|Sensex rally continues, 49539 support ho",quant_priya,"Sensex rally continues, 49539 support holding well. Long positions looking good #nifty50 Volume bhi zyada hai aaj.",2026-09-05 02:10:22.508520+00:00,8,1,0,['nifty50'],[],nifty50,2026-09-05 19:16:04.298535+00:00,[],2026-09-05
"the_bear_desk|2026-09-04T22:55:10.371515+00:00|आज #intraday में जबरदस्त तेजी, 48210 का ",the_bear_desk,"आज #intraday में जबरदस्त तेजी, 48210 का स्तर पार Volume bhi zyada hai aaj.",2026-09-04 22:55:10.371515+00:00,5,0,0,['intraday'],[],intraday,2026-09-05 19:16:04.298446+00:00,[],2026-09-04
"MarketMaverick|2026-09-05T05:50:56.054401+00:00|#nifty50 showing higher highs, 49359 bro",MarketMaverick,"#nifty50 showing higher highs, 49359 broken with volume, next stop 48909 Kya lagta hai aap logo ka?",2026-09-05 05:50:56.054401+00:00,15,1,0,['nifty50'],[],nifty50,2026-09-05 19:16:04.283026+00:00,[],2026-09-05
"swing_trader_in|2026-09-05T14:20:17.385692+00:00|Market crash ho sakta hai, 22342 ka supp",swing_trader_in,"Market crash ho sakta hai, 22342 ka support toot gaya, bearish on #nifty50 Budget session ahead, stay alert.",2026-09-05 14:20:17.385692+00:00,2,0,0,['nifty50'],[],nifty50,2026-09-05 19:16:04.289473+00:00,[],2026-09-05
"riskmanager_99|2026-09-04T19:31:38.767480+00:00|Mixed signals on #intraday today, 22083 ",riskmanager_99,"Mixed signals on #intraday today, 22083 acting as a pivot NFA.",2026-09-04 19:31:38.767480+00:00,10,1,1,"['intraday', 'nifty50']",[],intraday,2026-09-05 19:16:04.285084+00:00,[],2026-09-04
sensex_scalper|2026-09-05T03:36:22.300454+00:00|Profit booking seen in #intraday near 48,sensex_scalper,"Profit booking seen in #intraday near 48155, caution advised Options data suggests the same.",2026-09-05 03:36:22.300454+00:00,2,0,0,['intraday'],[],intraday,2026-09-05 19:16:04.309866+00:00,[],2026-09-05
"intraday_ishaan|2026-09-04T19:34:28.804171+00:00|Mixed signals on #banknifty today, 22862",intraday_ishaan,"Mixed signals on #banknifty today, 22862 acting as a pivot #stockmarket #trading",2026-09-04 19:34:28.804171+00:00,0,0,0,['banknifty'],['user_bf3899'],banknifty,2026-09-05 19:16:04.255564+00:00,[],2026-09-04
"quant_priya|2026-09-05T10:14:21.438185+00:00|#banknifty looking strong today, breakou",quant_priya,"#banknifty looking strong today, breakout above 21676, target 21226 #optionstrading #dalalstreet",2026-09-05 10:14:21.438185+00:00,8,2,0,['banknifty'],[],banknifty,2026-09-05 19:16:04.272522+00:00,[],2026-09-05
"algo_anil|2026-09-04T23:37:04.558564+00:00|बाजार में तेजी है, 21601 के ऊपर खरीदारी ",algo_anil,"बाजार में तेजी है, 21601 के ऊपर खरीदारी का मौका #nifty50 RBI policy day today. ICICI Bank also in focus.",2026-09-04 23:37:04.558564+00:00,1,0,0,['nifty50'],[],nifty50,2026-09-05 19:16:04.267354+00:00,[],2026-09-04
"the_bear_desk|2026-09-05T17:24:14.192733+00:00|#banknifty showing higher highs, 22884 b",the_bear_desk,"#banknifty showing higher highs, 22884 broken with volume, next stop 23184 Kya lagta hai aap logo ka?",2026-09-05 17:24:14.192733+00:00,12,2,2,"['banknifty', 'sensex']",[],banknifty,2026-09-05 19:16:04.255975+00:00,[],2026-09-05
riskmanager_99|2026-09-05T11:47:38.911407+00:00|Nifty ne resistance todi! bullish moment,riskmanager_99,"Nifty ne resistance todi! bullish momentum building, 22386 ke upar accumulate karo #banknifty NFA.",2026-09-05 11:47:38.911407+00:00,14,0,1,['banknifty'],[],banknifty,2026-09-05 19:16:04.299370+00:00,[],2026-09-05
"dalalstreet_diary|2026-09-05T02:55:15.153534+00:00|बाजार में तेजी है, 21772 के ऊपर खरीदारी ",dalalstreet_diary,"बाजार में तेजी है, 21772 के ऊपर खरीदारी का मौका #sensex",2026-09-05 02:55:15.153534+00:00,12,1,0,['sensex'],[],sensex,2026-09-05 19:16:04.308416+00:00,[],2026-09-05
"swing_trader_in|2026-09-05T15:46:17.122756+00:00|Market crash ho sakta hai, 48607 ka supp",swing_trader_in,"Market crash ho sakta hai, 48607 ka support toot gaya, bearish on #nifty50",2026-09-05 15:46:17.122756+00:00,5,1,0,"['nifty50', 'nifty50']",['user_ed85cc'],nifty50,2026-09-05 19:16:04.256259+00:00,[],2026-09-05
"banknifty_baba|2026-09-04T22:31:42.772503+00:00|Low volume day for #nifty50, market awai",banknifty_baba,"Low volume day for #nifty50, market awaiting 22651 confirmation",2026-09-04 22:31:42.772503+00:00,7,2,1,['nifty50'],['user_4ec234'],nifty50,2026-09-05 19:16:04.285756+00:00,[],2026-09-04
niftyguru|2026-09-05T13:13:44.091477+00:00|Positional buy initiated on #intraday ab,niftyguru,"Positional buy initiated on #intraday above 22020, SL below 22170 #stockmarket #trading",2026-09-05 13:13:44.091477+00:00,6,0,0,['intraday'],[],intraday,2026-09-05 19:16:04.253729+00:00,[],2026-09-05
"algo_anil|2026-09-05T04:43:12.735525+00:00|Buy the dip on 50731, 51031 target for s-dup",algo_anil,"Buy the dip on 50731, 51031 target for swing trade #nifty50 $NIFTY",2026-09-05 04:43:12.735525+00:00,13,1,1,"['nifty50', 'banknifty']",[],nifty50,2026-09-05 19:16:04.314017+00:00,['NIFTY'],2026-09-05
"quant_priya|2026-09-05T13:02:41.204578+00:00|FIIs buying heavily today, #intraday cou",quant_priya,"FIIs buying heavily today, #intraday could test 50226 by expiry RBI policy day today.",2026-09-05 13:02:41.204578+00:00,8,0,1,"['intraday', 'sensex']",[],intraday,2026-09-05 19:16:04.280451+00:00,[],2026-09-05
chartwizard|2026-09-05T15:38:56.047223+00:00|Nifty ne resistance todi! bullish moment,chartwizard,"Nifty ne resistance todi! bullish momentum building, 23298 ke upar accumulate karo #banknifty RBI policy day today.",2026-09-05 15:38:56.047223+00:00,2,0,0,"['banknifty', 'nifty50']",[],banknifty,2026-09-05 19:16:04.313334+00:00,[],2026-09-05
"trader_raj|2026-09-04T20:28:43.218460+00:00|Watching #sensex closely, no clear trend",trader_raj,"Watching #sensex closely, no clear trend yet. What's everyone's view on 50372? RBI policy day today.",2026-09-04 20:28:43.218460+00:00,2,0,0,['sensex'],[],sensex,2026-09-05 19:16:04.258664+00:00,[],2026-09-04
"dalalstreet_diary|2026-09-05T07:07:32.312114+00:00|मंदी का माहौल है बाज़ार में, 48943 से नी",dalalstreet_diary,"मंदी का माहौल है बाज़ार में, 48943 से नीचे बिकवाली तेज #sensex Kya lagta hai aap logo ka?",2026-09-05 07:07:32.312114+00:00,5,1,0,"['sensex', 'sensex']",[],sensex,2026-09-05 19:16:04.273737+00:00,[],2026-09-05
"bull_on_dalal_st|2026-09-04T19:22:03.490172+00:00|#sensex update: flat session so far, vol",bull_on_dalal_st,"#sensex update: flat session so far, volumes low ahead of RBI policy Kya lagta hai aap logo ka?",2026-09-04 19:22:03.490172+00:00,7,1,1,"['sensex', 'sensex']",[],sensex,2026-09-05 19:16:04.274761+00:00,[],2026-09-04
"intraday_ishaan|2026-09-04T23:27:57.154823+00:00|Sensex rally continues, 23094 support ho",intraday_ishaan,"Sensex rally continues, 23094 support holding well. Long positions looking good #sensex Options data suggests the same.",2026-09-04 23:27:57.154823+00:00,1,0,0,['sensex'],[],sensex,2026-09-05 19:16:04.303560+00:00,[],2026-09-04
"trader_raj|2026-09-05T15:53:58.518555+00:00|FIIs selling continuously, #nifty50 weak",trader_raj,"FIIs selling continuously, #nifty50 weak below 49539 Options data suggests the same.",2026-09-05 15:53:58.518555+00:00,9,0,1,['nifty50'],[],nifty50,2026-09-05 19:16:04.263585+00:00,[],2026-09-05
"swing_trader_in|2026-09-04T21:55:28.723698+00:00|Watching #intraday closely, no clear tre",swing_trader_in,"Watching #intraday closely, no clear trend yet. What's everyone's view on 23081?",2026-09-04 21:55:28.723698+00:00,1,0,0,"['intraday', 'sensex']",[],intraday,2026-09-05 19:16:04.255901+00:00,[],2026-09-04
"trader_raj|2026-09-05T03:16:38.486878+00:00|#intraday showing higher highs, 23477 br",trader_raj,"#intraday showing higher highs, 23477 broken with volume, next stop 24097 Keep an eye on FII/DII data.",2026-09-05 03:16:38.486878+00:00,10,2,1,"['intraday', 'nifty50']",[],intraday,2026-09-05 19:16:04.266129+00:00,[],2026-09-05
"the_bear_desk|2026-09-05T06:35:40.746824+00:00|बाजार में तेजी है, 50375 के ऊपर खरीदारी ",the_bear_desk,"बाजार में तेजी है, 50375 के ऊपर खरीदारी का मौका #nifty50",2026-09-05 06:35:40.746824+00:00,10,1,1,"['nifty50', 'sensex']",[],nifty50,2026-09-05 19:16:04.286322+00:00,[],2026-09-05
chartwizard|2026-09-05T10:35:15.364293+00:00|Positional buy initiated on #banknifty a,chartwizard,"Positional buy initiated on #banknifty above 21866, SL below 22486 #stockmarket #trading",2026-09-05 10:35:15.364293+00:00,1,0,0,['banknifty'],['user_84cb2e'],banknifty,2026-09-05 19:16:04.311306+00:00,[],2026-09-05
"sensex_scalper|2026-09-05T08:00:14.194653+00:00|#nifty50 looking strong today, breakout ",sensex_scalper,"#nifty50 looking strong today, breakout above 47717, target 47417 RBI policy day today.",2026-09-05 08:00:14.194653+00:00,13,2,0,"['nifty50', 'intraday']",[],nifty50,2026-09-05 19:16:04.278327+00:00,[],2026-09-05
"dalalstreet_diary|2026-09-04T21:50:43.763631+00:00|Watching #intraday closely, no clear tre",dalalstreet_diary,"Watching #intraday closely, no clear trend yet. What's everyone's view on 50548? Budget session ahead, stay alert.",2026-09-04 21:50:43.763631+00:00,10,1,1,['intraday'],[],intraday,2026-09-05 19:16:04.260188+00:00,[],2026-09-04
trader_raj|2026-09-05T01:19:48.920112+00:00|Profit booking seen in #sensex near 4887-dup,trader_raj,"Profit booking seen in #sensex near 48874, caution advised",2026-09-05 01:19:48.920112+00:00,13,1,1,['sensex'],[],sensex,2026-09-05 19:16:04.315042+00:00,[],2026-09-05
"riskmanager_99|2026-09-05T10:21:39.911639+00:00|Market crash ho sakta hai, 49693 ka supp",riskmanager_99,"Market crash ho sakta hai, 49693 ka support toot gaya, bearish on #intraday DYOR.",2026-09-05 10:21:39.911639+00:00,12,3,0,['intraday'],[],intraday,2026-09-05 19:16:04.297038+00:00,[],2026-09-05
"options_owl|2026-09-05T08:31:25.925227+00:00|FIIs selling continuously, #nifty50 weak",options_owl,"FIIs selling continuously, #nifty50 weak below 50659 NFA.",2026-09-05 08:31:25.925227+00:00,1,0,0,"['nifty50', 'banknifty']",[],nifty50,2026-09-05 19:16:04.293108+00:00,[],2026-09-05
"the_bear_desk|2026-09-05T16:10:10.964428+00:00|FIIs buying heavily today, #intraday cou",the_bear_desk,"FIIs buying heavily today, #intraday could test 21189 by expiry Budget session ahead, stay alert.",2026-09-05 16:10:10.964428+00:00,6,0,0,['intraday'],[],intraday,2026-09-05 19:16:04.285692+00:00,[],2026-09-05
"MarketMaverick|2026-09-05T03:07:16.006015+00:00|Global cues supportive, #intraday likely",MarketMaverick,"Global cues supportive, #intraday likely to open above 22380 tomorrow #optionstrading #dalalstreet Infosys also in focus.",2026-09-05 03:07:16.006015+00:00,0,0,0,['intraday'],['user_6de129'],intraday,2026-09-05 19:16:04.294209+00:00,[],2026-09-05
"dalalstreet_diary|2026-09-05T03:55:20.389917+00:00|Low volume day for #nifty50, market awai-dup",dalalstreet_diary,"Low volume day for #nifty50, market awaiting 48316 confirmation #optionstrading #dalalstreet",2026-09-05 03:55:20.389917+00:00,12,1,1,"['nifty50', 'sensex']",[],nifty50,2026-09-05 19:16:04.313858+00:00,[],2026-09-05
"options_owl|2026-09-05T06:55:59.475914+00:00|#nifty50 breaking down below 48975, expe",options_owl,"#nifty50 breaking down below 48975, expecting further downside to 49595 Let's see how it closes.",2026-09-05 06:55:59.475914+00:00,9,0,0,['nifty50'],[],nifty50,2026-09-05 19:16:04.298939+00:00,[],2026-09-05
"MarketMaverick|2026-09-05T06:37:41.998749+00:00|आज #intraday में जबरदस्त तेजी, 48971 का ",MarketMaverick,"आज #intraday में जबरदस्त तेजी, 48971 का स्तर पार",2026-09-05 06:37:41.998749+00:00,2,0,0,['intraday'],[],intraday,2026-09-05 19:16:04.291746+00:00,[],2026-09-05
"sensex_scalper|2026-09-05T00:23:01.338947+00:00|Panic selling in #banknifty, 23495 break",sensex_scalper,"Panic selling in #banknifty, 23495 breakdown confirmed, stop loss hit DYOR.",2026-09-05 00:23:01.338947+00:00,10,2,1,"['banknifty', 'intraday']",[],banknifty,2026-09-05 19:16:04.296255+00:00,[],2026-09-05
"algo_anil|2026-09-05T09:27:55.112005+00:00|#nifty50 showing higher highs, 49584 bro",algo_anil,"#nifty50 showing higher highs, 49584 broken with volume, next stop 49434 DYOR.",2026-09-05 09:27:55.112005+00:00,10,2,1,['nifty50'],[],nifty50,2026-09-05 19:16:04.257009+00:00,[],2026-09-05
"algo_anil|2026-09-05T05:50:57.981258+00:00|Global markets weak overnight, #sensex m",algo_anil,"Global markets weak overnight, #sensex may gap down below 50806 Volume bhi zyada hai aaj.",2026-09-05 05:50:57.981258+00:00,6,1,0,"['sensex', 'banknifty']",[],sensex,2026-09-05 19:16:04.252598+00:00,[],2026-09-05
"riskmanager_99|2026-09-05T04:20:51.969548+00:00|Global markets weak overnight, #intraday",riskmanager_99,"Global markets weak overnight, #intraday may gap down below 49180 #optionstrading #dalalstreet",2026-09-05 04:20:51.969548+00:00,2,0,0,"['intraday', 'sensex']",['user_95dfd4'],intraday,2026-09-05 19:16:04.292197+00:00,[],2026-09-05
"trader_raj|2026-09-05T14:59:07.857935+00:00|Global markets weak overnight, #intraday",trader_raj,"Global markets weak overnight, #intraday may gap down below 48134 #optionstrading #dalalstreet",2026-09-05 14:59:07.857935+00:00,10,2,1,['intraday'],[],intraday,2026-09-05 19:16:04.257830+00:00,[],2026-09-05
"the_bear_desk|2026-09-05T01:10:22.813487+00:00|FIIs buying heavily today, #sensex could-dup",the_bear_desk,"FIIs buying heavily today, #sensex could test 48087 by expiry Volume bhi zyada hai aaj.",2026-09-05 01:10:22.813487+00:00,10,2,1,['sensex'],[],sensex,2026-09-05 19:16:04.314620+00:00,[],2026-09-05
"algo_anil|2026-09-05T13:11:22.108379+00:00|FIIs buying heavily today, #banknifty co",algo_anil,"FIIs buying heavily today, #banknifty could test 22743 by expiry DYOR.",2026-09-05 13:11:22.108379+00:00,13,1,1,['banknifty'],[],banknifty,2026-09-05 19:16:04.260475+00:00,[],2026-09-05
"algo_anil|2026-09-05T05:05:03.508604+00:00|FIIs buying heavily today, #intraday cou",algo_anil,"FIIs buying heavily today, #intraday could test 51800 by expiry DYOR.",2026-09-05 05:05:03.508604+00:00,1,0,0,['intraday'],[],intraday,2026-09-05 19:16:04.284736+00:00,[],2026-09-05
"chartwizard|2026-09-05T12:06:25.128164+00:00|Panic selling in #sensex, 49267 breakdow",chartwizard,"Panic selling in #sensex, 49267 breakdown confirmed, stop loss hit Thoughts?",2026-09-05 12:06:25.128164+00:00,2,0,0,['sensex'],[],sensex,2026-09-05 19:16:04.270961+00:00,[],2026-09-05
"niftyguru|2026-09-05T06:42:21.723246+00:00|Market crash ho sakta hai, 22399 ka supp",niftyguru,"Market crash ho sakta hai, 22399 ka support toot gaya, bearish on #intraday Thoughts?",2026-09-05 06:42:21.723246+00:00,0,0,0,['intraday'],[],intraday,2026-09-05 19:16:04.306254+00:00,[],2026-09-05
intraday_ishaan|2026-09-05T02:19:27.795626+00:00|#nifty50 range-bound between 49102 and 4,intraday_ishaan,"#nifty50 range-bound between 49102 and 48482 today, waiting for a clear direction",2026-09-05 02:19:27.795626+00:00,14,3,1,['nifty50'],[],nifty50,2026-09-05 19:16:04.284235+00:00,[],2026-09-05
"quant_priya|2026-09-05T02:36:29.967163+00:00|#sensex showing higher highs, 23144 brok",quant_priya,"#sensex showing higher highs, 23144 broken with volume, next stop 22524 RBI policy day today.",2026-09-05 02:36:29.967163+00:00,9,2,1,['sensex'],[],sensex,2026-09-05 19:16:04.301653+00:00,[],2026-09-05
"banknifty_baba|2026-09-05T03:08:07.515532+00:00|FIIs selling continuously, #nifty50 weak",banknifty_baba,"FIIs selling continuously, #nifty50 weak below 50175 Let's see how it closes.",2026-09-05 03:08:07.515532+00:00,10,0,1,['nifty50'],[],nifty50,2026-09-05 19:16:04.282681+00:00,[],2026-09-05
"banknifty_baba|2026-09-05T16:48:59.103138+00:00|Sensex rally continues, 48157 support ho",banknifty_baba,"Sensex rally continues, 48157 support holding well. Long positions looking good #intraday NFA.",2026-09-05 16:48:59.103138+00:00,14,2,1,['intraday'],[],intraday,2026-09-05 19:16:04.270067+00:00,[],2026-09-05
"niftyguru|2026-09-05T13:30:29.583534+00:00|Low volume day for #intraday, market awa",niftyguru,"Low volume day for #intraday, market awaiting 22496 confirmation RBI policy day today.",2026-09-05 13:30:29.583534+00:00,10,1,1,['intraday'],[],intraday,2026-09-05 19:16:04.269896+00:00,[],2026-09-05
chartwizard|2026-09-05T18:11:53.005176+00:00|Nifty ne resistance todi! bullish moment,chartwizard,"Nifty ne resistance todi! bullish momentum building, 22354 ke upar accumulate karo #sensex #optionstrading #dalalstreet",2026-09-05 18:11:53.005176+00:00,14,1,0,"['sensex', 'banknifty']",[],sensex,2026-09-05 19:16:04.262293+00:00,[],2026-09-05
"trader_raj|2026-09-05T13:51:11.206359+00:00|#intraday breaking down below 22599, exp",trader_raj,"#intraday breaking down below 22599, expecting further downside to 21979 Budget session ahead, stay alert.",2026-09-05 13:51:11.206359+00:00,15,2,2,['intraday'],['user_b5b671'],intraday,2026-09-05 19:16:04.257076+00:00,[],2026-09-05
"the_bear_desk|2026-09-04T22:04:18.017990+00:00|Watching #sensex closely, no clear trend",the_bear_desk,"Watching #sensex closely, no clear trend yet. What's everyone's view on 22569? Let's see how it closes.",2026-09-04 22:04:18.017990+00:00,2,0,0,['sensex'],['user_7cb95f'],sensex,2026-09-05 19:16:04.253392+00:00,[],2026-09-04
MarketMaverick|2026-09-05T05:56:43.541062+00:00|Short positions added on #sensex below 2,MarketMaverick,"Short positions added on #sensex below 22460, target 22760 NFA.",2026-09-05 05:56:43.541062+00:00,1,0,0,['sensex'],['user_be9e55'],sensex,2026-09-05 19:16:04.275067+00:00,[],2026-09-05
"the_bear_desk|2026-09-05T16:35:56.842548+00:00|Sell on rise strategy for #banknifty, re",the_bear_desk,"Sell on rise strategy for #banknifty, resistance at 49004 not breaking #optionstrading #dalalstreet",2026-09-05 16:35:56.842548+00:00,4,1,0,['banknifty'],[],banknifty,2026-09-05 19:16:04.272608+00:00,[],2026-09-05
options_owl|2026-09-05T18:19:33.359308+00:00|Profit booking seen in #banknifty near 4,options_owl,"Profit booking seen in #banknifty near 49322, caution advised Options data suggests the same.",2026-09-05 18:19:33.359308+00:00,12,1,0,['banknifty'],[],banknifty,2026-09-05 19:16:04.312093+00:00,[],2026-09-05
"quant_priya|2026-09-05T18:33:29.055475+00:00|#intraday showing higher highs, 22678 br",quant_priya,"#intraday showing higher highs, 22678 broken with volume, next stop 23478",2026-09-05 18:33:29.055475+00:00,14,2,1,['intraday'],[],intraday,2026-09-05 19:16:04.298048+00:00,[],2026-09-05
"riskmanager_99|2026-09-05T04:29:22.501214+00:00|Market crash ho sakta hai, 21673 ka supp",riskmanager_99,"Market crash ho sakta hai, 21673 ka support toot gaya, bearish on #sensex",2026-09-05 04:29:22.501214+00:00,12,2,2,['sensex'],[],sensex,2026-09-05 19:16:04.299295+00:00,[],2026-09-05
"quant_priya|2026-09-05T07:29:47.845081+00:00|#banknifty looking strong today, breakou",quant_priya,"#banknifty looking strong today, breakout above 22368, target 23168 NFA.",2026-09-05 07:29:47.845081+00:00,11,1,1,"['banknifty', 'sensex']",[],banknifty,2026-09-05 19:16:04.273285+00:00,[],2026-09-05
swing_trader_in|2026-09-05T14:50:27.145283+00:00|#banknifty range-bound between 22626 and,swing_trader_in,"#banknifty range-bound between 22626 and 22176 today, waiting for a clear direction Kya lagta hai aap logo ka?",2026-09-05 14:50:27.145283+00:00,3,0,0,['banknifty'],[],banknifty,2026-09-05 19:16:04.255935+00:00,[],2026-09-05
"bull_on_dalal_st|2026-09-04T22:42:21.985709+00:00|Watching #banknifty closely, no clear tr",bull_on_dalal_st,"Watching #banknifty closely, no clear trend yet. What's everyone's view on 23023? Thoughts?",2026-09-04 22:42:21.985709+00:00,2,0,0,['banknifty'],[],banknifty,2026-09-05 19:16:04.288099+00:00,[],2026-09-04
banknifty_baba|2026-09-04T23:05:53.499134+00:00|Positional buy initiated on #nifty50 abo,banknifty_baba,"Positional buy initiated on #nifty50 above 50413, SL below 49963",2026-09-04 23:05:53.499134+00:00,1,0,0,['nifty50'],[],nifty50,2026-09-05 19:16:04.295107+00:00,[],2026-09-04
"dalalstreet_diary|2026-09-05T05:34:38.766430+00:00|#banknifty update: flat session so far, ",dalalstreet_diary,"#banknifty update: flat session so far, volumes low ahead of RBI policy #optionstrading #dalalstreet Reliance also in focus.",2026-09-05 05:34:38.766430+00:00,5,0,0,['banknifty'],[],banknifty,2026-09-05 19:16:04.305740+00:00,[],2026-09-05
"sensex_scalper|2026-09-04T23:08:24.979773+00:00|Market crash ho sakta hai, 49714 ka supp",sensex_scalper,"Market crash ho sakta hai, 49714 ka support toot gaya, bearish on #intraday DYOR.",2026-09-04 23:08:24.979773+00:00,1,0,0,['intraday'],[],intraday,2026-09-05 19:16:04.294936+00:00,[],2026-09-04
sensex_scalper|2026-09-04T21:18:30.421306+00:00|Nifty ne resistance todi! bullish moment,sensex_scalper,"Nifty ne resistance todi! bullish momentum building, 47630 ke upar accumulate karo #banknifty RBI policy day today.",2026-09-04 21:18:30.421306+00:00,0,0,0,['banknifty'],[],banknifty,2026-09-05 19:16:04.273120+00:00,[],2026-09-04
"intraday_ishaan|2026-09-05T01:05:40.099162+00:00|#intraday consolidating near 48463, need",intraday_ishaan,"#intraday consolidating near 48463, need a breakout either side Budget session ahead, stay alert.",2026-09-05 01:05:40.099162+00:00,0,0,0,"['intraday', 'nifty50']",[],intraday,2026-09-05 19:16:04.296205+00:00,[],2026-09-05
"niftyguru|2026-09-05T15:16:55.633350+00:00|Global cues supportive, #nifty50 likely ",niftyguru,"Global cues supportive, #nifty50 likely to open above 22152 tomorrow Volume bhi zyada hai aaj.",2026-09-05 15:16:55.633350+00:00,4,1,0,['nifty50'],[],nifty50,2026-09-05 19:16:04.267730+00:00,[],2026-09-05
"dalalstreet_diary|2026-09-05T06:43:51.143775+00:00|Sensex rally continues, 22670 support ho",dalalstreet_diary,"Sensex rally continues, 22670 support holding well. Long positions looking good #nifty50 Thoughts?",2026-09-05 06:43:51.143775+00:00,5,1,0,['nifty50'],[],nifty50,2026-09-05 19:16:04.287330+00:00,[],2026-09-05
"banknifty_baba|2026-09-05T05:48:04.691360+00:00|Sensex rally continues, 50740 support ho",banknifty_baba,"Sensex rally continues, 50740 support holding well. Long positions looking good #nifty50",2026-09-05 05:48:04.691360+00:00,15,3,1,['nifty50'],[],nifty50,2026-09-05 19:16:04.273161+00:00,[],2026-09-05
"dalalstreet_diary|2026-09-04T21:08:12.340786+00:00|Mixed signals on #nifty50 today, 23179 a",dalalstreet_diary,"Mixed signals on #nifty50 today, 23179 acting as a pivot #stockmarket #trading",2026-09-04 21:08:12.340786+00:00,7,1,0,"['nifty50', 'intraday']",['user_6404d8'],nifty50,2026-09-05 19:16:04.281399+00:00,[],2026-09-04
"quant_priya|2026-09-05T00:16:10.027539+00:00|#nifty50 showing higher highs, 50634 bro",quant_priya,"#nifty50 showing higher highs, 50634 broken with volume, next stop 50934",2026-09-05 00:16:10.027539+00:00,10,0,0,['nifty50'],[],nifty50,2026-09-05 19:16:04.279012+00:00,[],2026-09-05
"sensex_scalper|2026-09-05T07:24:36.988026+00:00|FIIs selling continuously, #nifty50 weak",sensex_scalper,"FIIs selling continuously, #nifty50 weak below 21646 NFA. Tata Motors also in focus.",2026-09-05 07:24:36.988026+00:00,0,0,0,"['nifty50', 'banknifty']",[],nifty50,2026-09-05 19:16:04.303546+00:00,[],2026-09-05
"banknifty_baba|2026-09-05T16:18:11.218322+00:00|Tejji ka mahaul hai #banknifty mein, 218",banknifty_baba,"Tejji ka mahaul hai #banknifty mein, 21819 pe strong buying dekhi Options data suggests the same.",2026-09-05 16:18:11.218322+00:00,6,1,0,"['banknifty', 'banknifty']",[],banknifty,2026-09-05 19:16:04.267237+00:00,[],2026-09-05
"the_bear_desk|2026-09-04T19:36:03.681440+00:00|#sensex forming lower lows, 49770 suppor",the_bear_desk,"#sensex forming lower lows, 49770 support gone, next target 49320",2026-09-04 19:36:03.681440+00:00,3,0,0,['sensex'],[],sensex,2026-09-05 19:16:04.270154+00:00,[],2026-09-04
riskmanager_99|2026-09-05T15:41:49.273732+00:00|#sensex range-bound between 22209 and 23,riskmanager_99,"#sensex range-bound between 22209 and 23009 today, waiting for a clear direction RBI policy day today.",2026-09-05 15:41:49.273732+00:00,4,0,0,['sensex'],[],sensex,2026-09-05 19:16:04.301605+00:00,[],2026-09-05
swing_trader_in|2026-09-05T18:02:07.062643+00:00|Positional buy initiated on #intraday ab,swing_trader_in,"Positional buy initiated on #intraday above 21964, SL below 21344 #stockmarket #trading",2026-09-05 18:02:07.062643+00:00,8,1,0,['intraday'],[],intraday,2026-09-05 19:16:04.256974+00:00,[],2026-09-05
"trader_raj|2026-09-05T16:54:10.983367+00:00|आज #intraday में भारी गिरावट, 22526 का स",trader_raj,"आज #intraday में भारी गिरावट, 22526 का सपोर्ट टूटा NFA.",2026-09-05 16:54:10.983367+00:00,10,0,0,['intraday'],[],intraday,2026-09-05 19:16:04.274155+00:00,[],2026-09-05
"swing_trader_in|2026-09-04T18:57:08.014448+00:00|#sensex looking strong today, breakout a",swing_trader_in,"#sensex looking strong today, breakout above 50369, target 50519",2026-09-04 18:57:08.014448+00:00,10,2,1,['sensex'],[],sensex,2026-09-05 19:16:04.298187+00:00,[],2026-09-04
"chartwizard|2026-09-04T21:07:24.970596+00:00|Tejji ka mahaul hai #nifty50 mein, 22168-dup",chartwizard,"Tejji ka mahaul hai #nifty50 mein, 22168 pe strong buying dekhi DYOR.",2026-09-04 21:07:24.970596+00:00,0,0,0,['nifty50'],[],nifty50,2026-09-05 19:16:04.314736+00:00,[],2026-09-04
"options_owl|2026-09-05T16:11:06.172130+00:00|#banknifty breaking down below 49932, ex",options_owl,"#banknifty breaking down below 49932, expecting further downside to 49632 Kya lagta hai aap logo ka?",2026-09-05 16:11:06.172130+00:00,4,0,0,"['banknifty', 'nifty50']",[],banknifty,2026-09-05 19:16:04.254994+00:00,[],2026-09-05
"the_bear_desk|2026-09-05T03:30:32.608393+00:00|आज #intraday में भारी गिरावट, 23295 का स",the_bear_desk,"आज #intraday में भारी गिरावट, 23295 का सपोर्ट टूटा Let's see how it closes.",2026-09-05 03:30:32.608393+00:00,3,0,0,"['intraday', 'banknifty']",[],intraday,2026-09-05 19:16:04.303096+00:00,[],2026-09-05
"banknifty_baba|2026-09-05T00:45:19.292801+00:00|#intraday looking strong today, breakout",banknifty_baba,"#intraday looking strong today, breakout above 48439, target 48739 #stockmarket #trading",2026-09-05 00:45:19.292801+00:00,12,1,2,['intraday'],[],intraday,2026-09-05 19:16:04.293524+00:00,[],2026-09-05
trader_raj|2026-09-05T08:41:18.474672+00:00|Short positions added on #intraday below,trader_raj,"Short positions added on #intraday below 49038, target 48738 Options data suggests the same. TCS also in focus.",2026-09-05 08:41:18.474672+00:00,6,0,0,['intraday'],[],intraday,2026-09-05 19:16:04.275884+00:00,[],2026-09-05
"MarketMaverick|2026-09-05T02:43:58.764246+00:00|#banknifty breaking down below 50126, ex",MarketMaverick,"#banknifty breaking down below 50126, expecting further downside to 49976 RBI policy day today.",2026-09-05 02:43:58.764246+00:00,14,2,1,['banknifty'],[],banknifty,2026-09-05 19:16:04.313210+00:00,[],2026-09-05
"quant_priya|2026-09-05T11:11:30.525663+00:00|Sideways action continues on #nifty50, 4-dup",quant_priya,"Sideways action continues on #nifty50, 49454-49004 range holding Infosys also in focus.",2026-09-05 11:11:30.525663+00:00,1,0,0,['nifty50'],[],nifty50,2026-09-05 19:16:04.314184+00:00,[],2026-09-05
"quant_priya|2026-09-05T03:48:30.098953+00:00|Mixed signals on #nifty50 today, 23373 a",quant_priya,"Mixed signals on #nifty50 today, 23373 acting as a pivot SBI also in focus.",2026-09-05 03:48:30.098953+00:00,15,4,0,['nifty50'],[],nifty50,2026-09-05 19:16:04.281605+00:00,[],2026-09-05
"intraday_ishaan|2026-09-05T12:39:16.641115+00:00|Market crash ho sakta hai, 21578 ka supp",intraday_ishaan,"Market crash ho sakta hai, 21578 ka support toot gaya, bearish on #nifty50 Keep an eye on FII/DII data.",2026-09-05 12:39:16.641115+00:00,7,1,1,['nifty50'],[],nifty50,2026-09-05 19:16:04.272869+00:00,[],2026-09-05
"options_owl|2026-09-04T18:53:54.768840+00:00|Global cues supportive, #intraday likely",options_owl,"Global cues supportive, #intraday likely to open above 23101 tomorrow #stockmarket #trading",2026-09-04 18:53:54.768840+00:00,8,1,1,['intraday'],[],intraday,2026-09-05 19:16:04.261043+00:00,[],2026-09-04
intraday_ishaan|2026-09-05T10:31:30.131120+00:00|Short positions added on #intraday below,intraday_ishaan,"Short positions added on #intraday below 22959, target 22659 Options data suggests the same.",2026-09-05 10:31:30.131120+00:00,0,0,0,['intraday'],[],intraday,2026-09-05 19:16:04.309250+00:00,[],2026-09-05
"trader_raj|2026-09-05T18:03:12.173527+00:00|आज #intraday में जबरदस्त तेजी, 47891 का ",trader_raj,"आज #intraday में जबरदस्त तेजी, 47891 का स्तर पार Kya lagta hai aap logo ka? Bajaj Finance also in focus.",2026-09-05 18:03:12.173527+00:00,1,0,0,['intraday'],['user_4bae68'],intraday,2026-09-05 19:16:04.311409+00:00,[],2026-09-05
"dalalstreet_diary|2026-09-05T02:03:05.633005+00:00|#banknifty consolidating near 21513, nee",dalalstreet_diary,"#banknifty consolidating near 21513, need a breakout either side Budget session ahead, stay alert.",2026-09-05 02:03:05.633005+00:00,1,0,0,"['banknifty', 'sensex']",[],banknifty,2026-09-05 19:16:04.305754+00:00,[],2026-09-05
chartwizard|2026-09-05T08:19:44.145100+00:00|Nifty ne resistance todi! bullish moment-dup,chartwizard,"Nifty ne resistance todi! bullish momentum building, 50684 ke upar accumulate karo #banknifty Volume bhi zyada hai aaj. Adani Enterprises also in focus.",2026-09-05 08:19:44.145100+00:00,10,2,1,['banknifty'],[],banknifty,2026-09-05 19:16:04.313732+00:00,[],2026-09-05
banknifty_baba|2026-09-05T07:13:35.363623+00:00|Nifty ne resistance todi! bullish moment,banknifty_baba,"Nifty ne resistance todi! bullish momentum building, 22480 ke upar accumulate karo #banknifty",2026-09-05 07:13:35.363623+00:00,14,0,1,['banknifty'],[],banknifty,2026-09-05 19:16:04.300951+00:00,[],2026-09-05
"niftyguru|2026-09-05T02:41:07.176768+00:00|#banknifty showing higher highs, 23137 b",niftyguru,"#banknifty showing higher highs, 23137 broken with volume, next stop 23287 Kya lagta hai aap logo ka?",2026-09-05 02:41:07.176768+00:00,13,2,1,['banknifty'],['user_51c493'],banknifty,2026-09-05 19:16:04.304182+00:00,[],2026-09-05
"dalalstreet_diary|2026-09-05T14:52:09.810102+00:00|#banknifty consolidating near 21810, nee",dalalstreet_diary,"#banknifty consolidating near 21810, need a breakout either side Volume bhi zyada hai aaj. Tata Motors also in focus.",2026-09-05 14:52:09.810102+00:00,5,0,0,"['banknifty', 'nifty50']",[],banknifty,2026-09-05 19:16:04.252557+00:00,[],2026-09-05
"intraday_ishaan|2026-09-04T20:45:11.969835+00:00|आज #intraday में जबरदस्त तेजी, 50173 का ",intraday_ishaan,"आज #intraday में जबरदस्त तेजी, 50173 का स्तर पार Keep an eye on FII/DII data.",2026-09-04 20:45:11.969835+00:00,1,0,0,['intraday'],['user_cde90a'],intraday,2026-09-05 19:16:04.275488+00:00,[],2026-09-04
"MarketMaverick|2026-09-05T07:12:36.413351+00:00|बाजार में तेजी है, 21842 के ऊपर खरीदारी -dup",MarketMaverick,"बाजार में तेजी है, 21842 के ऊपर खरीदारी का मौका #banknifty #optionstrading #dalalstreet",2026-09-05 07:12:36.413351+00:00,15,4,1,"['banknifty', 'sensex']",[],banknifty,2026-09-05 19:16:04.313821+00:00,[],2026-09-05
"bull_on_dalal_st|2026-09-05T12:17:46.895078+00:00|बाजार में तेजी है, 22371 के ऊपर खरीदारी ",bull_on_dalal_st,"बाजार में तेजी है, 22371 के ऊपर खरीदारी का मौका #banknifty",2026-09-05 12:17:46.895078+00:00,1,0,0,['banknifty'],[],banknifty,2026-09-05 19:16:04.295600+00:00,[],2026-09-05
niftyguru|2026-09-05T09:28:54.350566+00:00|Positional buy initiated on #nifty50 abo,niftyguru,"Positional buy initiated on #nifty50 above 47520, SL below 47820",2026-09-05 09:28:54.350566+00:00,1,0,0,['nifty50'],[],nifty50,2026-09-05 19:16:04.296125+00:00,[],2026-09-05
"algo_anil|2026-09-05T17:12:16.510192+00:00|बाजार में तेजी है, 22786 के ऊपर खरीदारी ",algo_anil,"बाजार में तेजी है, 22786 के ऊपर खरीदारी का मौका #intraday",2026-09-05 17:12:16.510192+00:00,4,0,0,['intraday'],[],intraday,2026-09-05 19:16:04.255416+00:00,[],2026-09-05
"intraday_ishaan|2026-09-05T04:54:13.638893+00:00|Sideways action continues on #banknifty,",intraday_ishaan,"Sideways action continues on #banknifty, 50033-49583 range holding #optionstrading #dalalstreet",2026-09-05 04:54:13.638893+00:00,7,1,1,"['banknifty', 'sensex']",['user_26534d'],banknifty,2026-09-05 19:16:04.297965+00:00,[],2026-09-05
niftyguru|2026-09-05T07:35:58.468934+00:00|Positional buy initiated on #nifty50 abo,niftyguru,"Positional buy initiated on #nifty50 above 21610, SL below 22230",2026-09-05 07:35:58.468934+00:00,7,1,0,['nifty50'],[],nifty50,2026-09-05 19:16:04.285934+00:00,[],2026-09-05
swing_trader_in|2026-09-05T07:43:28.053564+00:00|Short positions added on #nifty50 below ,swing_trader_in,"Short positions added on #nifty50 below 21698, target 21848",2026-09-05 07:43:28.053564+00:00,7,0,0,['nifty50'],[],nifty50,2026-09-05 19:16:04.294975+00:00,[],2026-09-05
trader_raj|2026-09-05T11:11:19.500725+00:00|Profit booking seen in #sensex near 2201,trader_raj,"Profit booking seen in #sensex near 22012, caution advised DYOR.",2026-09-05 11:11:19.500725+00:00,0,0,0,['sensex'],[],sensex,2026-09-05 19:16:04.302527+00:00,[],2026-09-05
"MarketMaverick|2026-09-05T18:29:46.204759+00:00|FIIs selling continuously, #sensex weak ",MarketMaverick,"FIIs selling continuously, #sensex weak below 48095 Volume bhi zyada hai aaj.",2026-09-05 18:29:46.204759+00:00,15,3,1,['sensex'],['user_e78c8c'],sensex,2026-09-05 19:16:04.256085+00:00,[],2026-09-05
"sensex_scalper|2026-09-05T01:16:03.875652+00:00|Watching #nifty50 closely, no clear tren",sensex_scalper,"Watching #nifty50 closely, no clear trend yet. What's everyone's view on 49142? #optionstrading #dalalstreet",2026-09-05 01:16:03.875652+00:00,11,0,0,"['nifty50', 'intraday']",['user_9acd67'],nifty50,2026-09-05 19:16:04.259534+00:00,[],2026-09-05
"riskmanager_99|2026-09-05T07:02:12.814515+00:00|Watching #nifty50 closely, no clear tren",riskmanager_99,"Watching #nifty50 closely, no clear trend yet. What's everyone's view on 48340? RBI policy day today.",2026-09-05 07:02:12.814515+00:00,9,2,1,['nifty50'],['user_af9774'],nifty50,2026-09-05 19:16:04.253125+00:00,[],2026-09-05
"dalalstreet_diary|2026-09-05T08:04:09.412434+00:00|#intraday breaking down below 50939, exp-dup",dalalstreet_diary,"#intraday breaking down below 50939, expecting further downside to 51559 #optionstrading #dalalstreet",2026-09-05 08:04:09.412434+00:00,6,0,0,['intraday'],['user_21b370'],intraday,2026-09-05 19:16:04.314799+00:00,[],2026-09-05
"sensex_scalper|2026-09-05T06:25:30.775413+00:00|Sensex rally continues, 49153 support ho",sensex_scalper,"Sensex rally continues, 49153 support holding well. Long positions looking good #sensex Let's see how it closes.",2026-09-05 06:25:30.775413+00:00,5,0,0,"['sensex', 'banknifty']",[],sensex,2026-09-05 19:16:04.285776+00:00,[],2026-09-05
"dalalstreet_diary|2026-09-05T03:54:00.636353+00:00|Global markets weak overnight, #nifty50 ",dalalstreet_diary,"Global markets weak overnight, #nifty50 may gap down below 21835 Thoughts?",2026-09-05 03:54:00.636353+00:00,5,1,0,['nifty50'],[],nifty50,2026-09-05 19:16:04.304017+00:00,[],2026-09-05
quant_priya|2026-09-05T15:12:55.341783+00:00|Positional buy initiated on #banknifty a,quant_priya,"Positional buy initiated on #banknifty above 50519, SL below 51319",2026-09-05 15:12:55.341783+00:00,1,0,0,['banknifty'],[],banknifty,2026-09-05 19:16:04.253866+00:00,[],2026-09-05
the_bear_desk|2026-09-05T06:10:00.723627+00:00|Profit booking seen in #banknifty near 2,the_bear_desk,"Profit booking seen in #banknifty near 22853, caution advised",2026-09-05 06:10:00.723627+00:00,12,1,1,['banknifty'],[],banknifty,2026-09-05 19:16:04.263212+00:00,[],2026-09-05
the_bear_desk|2026-09-05T19:03:38.045777+00:00|#sensex range-bound between 21632 and 21,the_bear_desk,"#sensex range-bound between 21632 and 21782 today, waiting for a clear direction #stockmarket #trading",2026-09-05 19:03:38.045777+00:00,2,0,0,"['sensex', 'intraday']",['user_764684'],sensex,2026-09-05 19:16:04.273226+00:00,[],2026-09-05
"quant_priya|2026-09-05T14:56:51.000736+00:00|बाजार में तेजी है, 22711 के ऊपर खरीदारी ",quant_priya,"बाजार में तेजी है, 22711 के ऊपर खरीदारी का मौका #sensex Thoughts?",2026-09-05 14:56:51.000736+00:00,7,1,0,"['sensex', 'banknifty']",[],sensex,2026-09-05 19:16:04.311616+00:00,[],2026-09-05
"the_bear_desk|2026-09-05T08:30:13.627847+00:00|#intraday forming lower lows, 50119 supp",the_bear_desk,"#intraday forming lower lows, 50119 support gone, next target 49819 DYOR.",2026-09-05 08:30:13.627847+00:00,0,0,0,['intraday'],[],intraday,2026-09-05 19:16:04.295474+00:00,[],2026-09-05
"riskmanager_99|2026-09-04T22:39:04.351441+00:00|आज #sensex में भारी गिरावट, 49035 का सपो",riskmanager_99,"आज #sensex में भारी गिरावट, 49035 का सपोर्ट टूटा DYOR.",2026-09-04 22:39:04.351441+00:00,1,0,0,['sensex'],[],sensex,2026-09-05 19:16:04.294702+00:00,[],2026-09-04
"quant_priya|2026-09-05T10:19:31.484390+00:00|मंदी का माहौल है बाज़ार में, 22546 से नी",quant_priya,"मंदी का माहौल है बाज़ार में, 22546 से नीचे बिकवाली तेज #sensex Budget session ahead, stay alert.",2026-09-05 10:19:31.484390+00:00,0,0,0,['sensex'],[],sensex,2026-09-05 19:16:04.291346+00:00,[],2026-09-05
"sensex_scalper|2026-09-05T04:34:50.755676+00:00|#banknifty consolidating near 48515, nee",sensex_scalper,"#banknifty consolidating near 48515, need a breakout either side DYOR. SBI also in focus.",2026-09-05 04:34:50.755676+00:00,2,0,0,['banknifty'],[],banknifty,2026-09-05 19:16:04.280665+00:00,[],2026-09-05
"niftyguru|2026-09-05T08:04:34.154627+00:00|Panic selling in #sensex, 47503 breakdow",niftyguru,"Panic selling in #sensex, 47503 breakdown confirmed, stop loss hit Keep an eye on FII/DII data.",2026-09-05 08:04:34.154627+00:00,10,2,0,"['sensex', 'nifty50']",[],sensex,2026-09-05 19:16:04.272681+00:00,[],2026-09-05
"riskmanager_99|2026-09-05T05:45:10.646142+00:00|Panic selling in #nifty50, 21823 breakdo",riskmanager_99,"Panic selling in #nifty50, 21823 breakdown confirmed, stop loss hit RBI policy day today.",2026-09-05 05:45:10.646142+00:00,3,0,0,['nifty50'],[],nifty50,2026-09-05 19:16:04.290184+00:00,[],2026-09-05
"swing_trader_in|2026-09-05T08:04:25.086000+00:00|#intraday breaking down below 48430, exp",swing_trader_in,"#intraday breaking down below 48430, expecting further downside to 49230 Kya lagta hai aap logo ka?",2026-09-05 08:04:25.086000+00:00,8,2,1,['intraday'],[],intraday,2026-09-05 19:16:04.313436+00:00,[],2026-09-05
"options_owl|2026-09-05T12:46:55.292773+00:00|Buy the dip on 50898, 50278 target for s",options_owl,"Buy the dip on 50898, 50278 target for swing trade #intraday $NIFTY",2026-09-05 12:46:55.292773+00:00,1,0,0,['intraday'],[],intraday,2026-09-05 19:16:04.268322+00:00,['NIFTY'],2026-09-05
"bull_on_dalal_st|2026-09-04T19:14:17.566502+00:00|#banknifty forming lower lows, 23002 sup",bull_on_dalal_st,"#banknifty forming lower lows, 23002 support gone, next target 23152 RBI policy day today.",2026-09-04 19:14:17.566502+00:00,10,2,0,"['banknifty', 'intraday']",[],banknifty,2026-09-05 19:16:04.308121+00:00,[],2026-09-04
options_owl|2026-09-05T08:28:23.892818+00:00|Nifty ne resistance todi! bullish moment,options_owl,"Nifty ne resistance todi! bullish momentum building, 50340 ke upar accumulate karo #banknifty Options data suggests the same.",2026-09-05 08:28:23.892818+00:00,1,0,0,"['banknifty', 'intraday']",['user_e59262'],banknifty,2026-09-05 19:16:04.301222+00:00,[],2026-09-05
"options_owl|2026-09-05T16:12:51.308786+00:00|Mixed signals on #sensex today, 48827 ac",options_owl,"Mixed signals on #sensex today, 48827 acting as a pivot Options data suggests the same.",2026-09-05 16:12:51.308786+00:00,15,1,2,['sensex'],[],sensex,2026-09-05 19:16:04.265619+00:00,[],2026-09-05
"options_owl|2026-09-05T15:58:47.695169+00:00|Gap up opening expected for #intraday, 2",options_owl,"Gap up opening expected for #intraday, 22442 is the level to watch Let's see how it closes.",2026-09-05 15:58:47.695169+00:00,14,2,2,['intraday'],[],intraday,2026-09-05 19:16:04.273481+00:00,[],2026-09-05
"options_owl|2026-09-05T08:27:24.930633+00:00|Gap up opening expected for #sensex, 485-dup",options_owl,"Gap up opening expected for #sensex, 48538 is the level to watch Options data suggests the same.",2026-09-05 08:27:24.930633+00:00,2,0,0,"['sensex', 'intraday']",[],sensex,2026-09-05 19:16:04.314521+00:00,[],2026-09-05
"riskmanager_99|2026-09-05T06:34:24.268016+00:00|आज #banknifty में भारी गिरावट, 50794 का ",riskmanager_99,"आज #banknifty में भारी गिरावट, 50794 का सपोर्ट टूटा NFA.",2026-09-05 06:34:24.268016+00:00,12,2,0,['banknifty'],[],banknifty,2026-09-05 19:16:04.284131+00:00,[],2026-09-05
"chartwizard|2026-09-05T14:16:18.824041+00:00|Global markets weak overnight, #sensex m",chartwizard,"Global markets weak overnight, #sensex may gap down below 23341 Keep an eye on FII/DII data. ICICI Bank also in focus.",2026-09-05 14:16:18.824041+00:00,0,0,0,['sensex'],[],sensex,2026-09-05 19:16:04.270477+00:00,[],2026-09-05
"algo_anil|2026-09-05T08:07:06.096045+00:00|Mixed signals on #intraday today, 50678 ",algo_anil,"Mixed signals on #intraday today, 50678 acting as a pivot Budget session ahead, stay alert.",2026-09-05 08:07:06.096045+00:00,8,0,0,['intraday'],[],intraday,2026-09-05 19:16:04.257164+00:00,[],2026-09-05
"niftyguru|2026-09-05T03:50:01.317854+00:00|#sensex consolidating near 50937, need a",niftyguru,"#sensex consolidating near 50937, need a breakout either side DYOR.",2026-09-05 03:50:01.317854+00:00,4,0,0,['sensex'],[],sensex,2026-09-05 19:16:04.272329+00:00,[],2026-09-05
"MarketMaverick|2026-09-05T10:28:49.622633+00:00|#sensex showing higher highs, 22990 brok",MarketMaverick,"#sensex showing higher highs, 22990 broken with volume, next stop 22690 DYOR.",2026-09-05 10:28:49.622633+00:00,15,1,1,"['sensex', 'sensex']",['user_1dcbf6'],sensex,2026-09-05 19:16:04.257958+00:00,[],2026-09-05
"dalalstreet_diary|2026-09-05T12:35:56.584770+00:00|आज #banknifty में भारी गिरावट, 49677 का ",dalalstreet_diary,"आज #banknifty में भारी गिरावट, 49677 का सपोर्ट टूटा Options data suggests the same.",2026-09-05 12:35:56.584770+00:00,3,0,0,['banknifty'],['user_43768b'],banknifty,2026-09-05 19:16:04.273870+00:00,[],2026-09-05
"banknifty_baba|2026-09-05T03:27:01.041953+00:00|FIIs selling continuously, #nifty50 weak",banknifty_baba,"FIIs selling continuously, #nifty50 weak below 23407 RBI policy day today.",2026-09-05 03:27:01.041953+00:00,6,0,0,['nifty50'],['user_4b7daf'],nifty50,2026-09-05 19:16:04.312038+00:00,[],2026-09-05
"riskmanager_99|2026-09-05T18:29:42.238738+00:00|Global cues supportive, #nifty50 likely ",riskmanager_99,"Global cues supportive, #nifty50 likely to open above 49485 tomorrow RBI policy day today.",2026-09-05 18:29:42.238738+00:00,1,0,0,['nifty50'],[],nifty50,2026-09-05 19:16:04.267477+00:00,[],2026-09-05
"trader_raj|2026-09-05T06:28:37.350367+00:00|FIIs selling continuously, #nifty50 weak",trader_raj,"FIIs selling continuously, #nifty50 weak below 23354 DYOR.",2026-09-05 06:28:37.350367+00:00,5,0,0,['nifty50'],[],nifty50,2026-09-05 19:16:04.287899+00:00,[],2026-09-05
"trader_raj|2026-09-04T23:03:55.195302+00:00|आज #intraday में भारी गिरावट, 23028 का स",trader_raj,"आज #intraday में भारी गिरावट, 23028 का सपोर्ट टूटा",2026-09-04 23:03:55.195302+00:00,10,1,1,"['intraday', 'sensex']",[],intraday,2026-09-05 19:16:04.276332+00:00,[],2026-09-04
"quant_priya|2026-09-05T03:09:17.851207+00:00|Sensex rally continues, 23310 support ho",quant_priya,"Sensex rally continues, 23310 support holding well. Long positions looking good #sensex",2026-09-05 03:09:17.851207+00:00,6,1,0,"['sensex', 'nifty50']",[],sensex,2026-09-05 19:16:04.307220+00:00,[],2026-09-05
"chartwizard|2026-09-05T17:05:18.773695+00:00|FIIs selling continuously, #banknifty we",chartwizard,"FIIs selling continuously, #banknifty weak below 48226 Options data suggests the same.",2026-09-05 17:05:18.773695+00:00,1,0,0,"['banknifty', 'banknifty']",[],banknifty,2026-09-05 19:16:04.287761+00:00,[],2026-09-05
"trader_raj|2026-09-05T17:06:48.655849+00:00|Global cues supportive, #banknifty likel",trader_raj,"Global cues supportive, #banknifty likely to open above 22862 tomorrow NFA.",2026-09-05 17:06:48.655849+00:00,14,2,1,['banknifty'],[],banknifty,2026-09-05 19:16:04.254134+00:00,[],2026-09-05
options_owl|2026-09-05T06:51:58.682720+00:00|Profit booking seen in #nifty50 near 219,options_owl,"Profit booking seen in #nifty50 near 21922, caution advised Thoughts?",2026-09-05 06:51:58.682720+00:00,7,2,0,['nifty50'],[],nifty50,2026-09-05 19:16:04.254443+00:00,[],2026-09-05
"options_owl|2026-09-05T09:11:45.018091+00:00|मंदी का माहौल है बाज़ार में, 23100 से नी",options_owl,"मंदी का माहौल है बाज़ार में, 23100 से नीचे बिकवाली तेज #banknifty Kya lagta hai aap logo ka?",2026-09-05 09:11:45.018091+00:00,0,0,0,"['banknifty', 'nifty50']",[],banknifty,2026-09-05 19:16:04.296479+00:00,[],2026-09-05
"dalalstreet_diary|2026-09-04T20:52:12.242489+00:00|आज #nifty50 में जबरदस्त तेजी, 50849 का स",dalalstreet_diary,"आज #nifty50 में जबरदस्त तेजी, 50849 का स्तर पार #optionstrading #dalalstreet",2026-09-04 20:52:12.242489+00:00,10,1,1,"['nifty50', 'banknifty']",['user_407703'],nifty50,2026-09-05 19:16:04.269149+00:00,[],2026-09-04
"intraday_ishaan|2026-09-05T16:53:19.437105+00:00|#nifty50 update: flat session so far, vo",intraday_ishaan,"#nifty50 update: flat session so far, volumes low ahead of RBI policy #optionstrading #dalalstreet",2026-09-05 16:53:19.437105+00:00,1,0,0,['nifty50'],[],nifty50,2026-09-05 19:16:04.256049+00:00,[],2026-09-05
"dalalstreet_diary|2026-09-05T08:44:16.813033+00:00|मंदी का माहौल है बाज़ार में, 49941 से नी",dalalstreet_diary,"मंदी का माहौल है बाज़ार में, 49941 से नीचे बिकवाली तेज #nifty50 Options data suggests the same.",2026-09-05 08:44:16.813033+00:00,4,0,0,"['nifty50', 'nifty50']",[],nifty50,2026-09-05 19:16:04.279299+00:00,[],2026-09-05
"quant_priya|2026-09-05T16:27:41.034635+00:00|Tejji ka mahaul hai #intraday mein, 2233",quant_priya,"Tejji ka mahaul hai #intraday mein, 22334 pe strong buying dekhi",2026-09-05 16:27:41.034635+00:00,14,3,1,['intraday'],[],intraday,2026-09-05 19:16:04.285487+00:00,[],2026-09-05
riskmanager_99|2026-09-04T20:09:38.943417+00:00|Positional buy initiated on #nifty50 abo,riskmanager_99,"Positional buy initiated on #nifty50 above 50524, SL below 50074 Options data suggests the same.",2026-09-04 20:09:38.943417+00:00,7,1,0,['nifty50'],[],nifty50,2026-09-05 19:16:04.309223+00:00,[],2026-09-04
"MarketMaverick|2026-09-05T05:23:31.061546+00:00|#sensex showing higher highs, 22903 brok",MarketMaverick,"#sensex showing higher highs, 22903 broken with volume, next stop 23203 Kya lagta hai aap logo ka?",2026-09-05 05:23:31.061546+00:00,8,2,1,['sensex'],[],sensex,2026-09-05 19:16:04.311817+00:00,[],2026-09-05
"intraday_ishaan|2026-09-05T07:34:42.584283+00:00|Mixed signals on #sensex today, 22699 ac",intraday_ishaan,"Mixed signals on #sensex today, 22699 acting as a pivot Options data suggests the same. Reliance also in focus.",2026-09-05 07:34:42.584283+00:00,7,1,0,['sensex'],[],sensex,2026-09-05 19:16:04.258768+00:00,[],2026-09-05
"intraday_ishaan|2026-09-05T11:58:03.394128+00:00|Tejji ka mahaul hai #banknifty mein, 223",intraday_ishaan,"Tejji ka mahaul hai #banknifty mein, 22369 pe strong buying dekhi",2026-09-05 11:58:03.394128+00:00,6,1,1,"['banknifty', 'sensex']",['user_ca1bac'],banknifty,2026-09-05 19:16:04.266043+00:00,[],2026-09-05
sensex_scalper|2026-09-05T17:12:06.593879+00:00|Positional buy initiated on #sensex abov,sensex_scalper,"Positional buy initiated on #sensex above 21805, SL below 21655 RBI policy day today.",2026-09-05 17:12:06.593879+00:00,6,0,0,['sensex'],[],sensex,2026-09-05 19:16:04.310893+00:00,[],2026-09-05
"trader_raj|2026-09-04T22:55:45.556395+00:00|#intraday showing higher highs, 22625 br",trader_raj,"#intraday showing higher highs, 22625 broken with volume, next stop 22005 Options data suggests the same.",2026-09-04 22:55:45.556395+00:00,1,0,0,['intraday'],[],intraday,2026-09-05 19:16:04.302540+00:00,[],2026-09-04
"MarketMaverick|2026-09-05T07:03:31.272904+00:00|Watching #intraday closely, no clear tre-dup",MarketMaverick,"Watching #intraday closely, no clear trend yet. What's everyone's view on 47553?",2026-09-05 07:03:31.272904+00:00,12,1,1,['intraday'],['user_8dce5d'],intraday,2026-09-05 19:16:04.313972+00:00,[],2026-09-05
"MarketMaverick|2026-09-05T12:44:20.411853+00:00|#intraday breaking down below 48962, exp",MarketMaverick,"#intraday breaking down below 48962, expecting further downside to 49412 Thoughts?",2026-09-05 12:44:20.411853+00:00,2,0,0,['intraday'],[],intraday,2026-09-05 19:16:04.300848+00:00,[],2026-09-05
"quant_priya|2026-09-05T09:27:07.459638+00:00|बाजार में तेजी है, 50492 के ऊपर खरीदारी ",quant_priya,"बाजार में तेजी है, 50492 के ऊपर खरीदारी का मौका #banknifty NFA.",2026-09-05 09:27:07.459638+00:00,13,2,1,"['banknifty', 'sensex']",[],banknifty,2026-09-05 19:16:04.269706+00:00,[],2026-09-05
"intraday_ishaan|2026-09-04T20:23:51.408933+00:00|FIIs buying heavily today, #sensex could-dup",intraday_ishaan,"FIIs buying heavily today, #sensex could test 23780 by expiry",2026-09-04 20:23:51.408933+00:00,7,0,0,"['sensex', 'sensex']",['user_b0d14f'],sensex,2026-09-05 19:16:04.314265+00:00,[],2026-09-04
niftyguru|2026-09-05T16:18:41.501503+00:00|Profit booking seen in #intraday near 21,niftyguru,"Profit booking seen in #intraday near 21728, caution advised #stockmarket #trading",2026-09-05 16:18:41.501503+00:00,10,1,1,['intraday'],[],intraday,2026-09-05 19:16:04.287783+00:00,[],2026-09-05
"options_owl|2026-09-05T15:59:12.038755+00:00|#intraday forming lower lows, 23176 supp",options_owl,"#intraday forming lower lows, 23176 support gone, next target 23326 NFA.",2026-09-05 15:59:12.038755+00:00,1,0,0,['intraday'],[],intraday,2026-09-05 19:16:04.298459+00:00,[],2026-09-05
riskmanager_99|2026-09-04T22:16:58.785204+00:00|#banknifty range-bound between 48870 and,riskmanager_99,"#banknifty range-bound between 48870 and 49490 today, waiting for a clear direction Keep an eye on FII/DII data.",2026-09-04 22:16:58.785204+00:00,10,0,1,['banknifty'],[],banknifty,2026-09-05 19:16:04.257134+00:00,[],2026-09-04
"trader_raj|2026-09-04T20:55:46.228566+00:00|Global cues supportive, #sensex likely t-dup",trader_raj,"Global cues supportive, #sensex likely to open above 23470 tomorrow ITC also in focus.",2026-09-04 20:55:46.228566+00:00,3,0,0,['sensex'],[],sensex,2026-09-05 19:16:04.313978+00:00,[],2026-09-04
"riskmanager_99|2026-09-05T15:02:34.562600+00:00|Gap up opening expected for #banknifty, ",riskmanager_99,"Gap up opening expected for #banknifty, 50485 is the level to watch",2026-09-05 15:02:34.562600+00:00,4,0,0,['banknifty'],[],banknifty,2026-09-05 19:16:04.258232+00:00,[],2026-09-05
"sensex_scalper|2026-09-05T01:11:52.228845+00:00|बाजार में तेजी है, 22147 के ऊपर खरीदारी ",sensex_scalper,"बाजार में तेजी है, 22147 के ऊपर खरीदारी का मौका #sensex",2026-09-05 01:11:52.228845+00:00,13,3,2,['sensex'],[],sensex,2026-09-05 19:16:04.287876+00:00,[],2026-09-05
"quant_priya|2026-09-04T20:01:21.317735+00:00|FIIs buying heavily today, #sensex could",quant_priya,"FIIs buying heavily today, #sensex could test 48330 by expiry Kya lagta hai aap logo ka?",2026-09-04 20:01:21.317735+00:00,8,1,0,"['sensex', 'banknifty']",[],sensex,2026-09-05 19:16:04.270095+00:00,[],2026-09-04
"chartwizard|2026-09-05T13:28:31.519117+00:00|Low volume day for #banknifty, market aw",chartwizard,"Low volume day for #banknifty, market awaiting 22488 confirmation Kya lagta hai aap logo ka?",2026-09-05 13:28:31.519117+00:00,1,0,0,"['banknifty', 'intraday']",[],banknifty,2026-09-05 19:16:04.290050+00:00,[],2026-09-05
"intraday_ishaan|2026-09-04T21:47:51.762368+00:00|आज #sensex में जबरदस्त तेजी, 23103 का स्",intraday_ishaan,"आज #sensex में जबरदस्त तेजी, 23103 का स्तर पार Keep an eye on FII/DII data.",2026-09-04 21:47:51.762368+00:00,2,0,0,"['sensex', 'intraday']",[],sensex,2026-09-05 19:16:04.273179+00:00,[],2026-09-04
"MarketMaverick|2026-09-04T22:29:43.740831+00:00|Tejji ka mahaul hai #sensex mein, 50814 ",MarketMaverick,"Tejji ka mahaul hai #sensex mein, 50814 pe strong buying dekhi Thoughts? Infosys also in focus.",2026-09-04 22:29:43.740831+00:00,6,0,1,['sensex'],[],sensex,2026-09-05 19:16:04.288568+00:00,[],2026-09-04
sensex_scalper|2026-09-05T05:49:19.546860+00:00|Positional buy initiated on #banknifty a,sensex_scalper,"Positional buy initiated on #banknifty above 23364, SL below 24164 #optionstrading #dalalstreet",2026-09-05 05:49:19.546860+00:00,1,0,0,"['banknifty', 'sensex']",[],banknifty,2026-09-05 19:16:04.295123+00:00,[],2026-09-05
"options_owl|2026-09-05T14:34:07.159739+00:00|Global markets weak overnight, #nifty50 ",options_owl,"Global markets weak overnight, #nifty50 may gap down below 49901 #optionstrading #dalalstreet",2026-09-05 14:34:07.159739+00:00,12,1,1,"['nifty50', 'sensex']",[],nifty50,2026-09-05 19:16:04.259498+00:00,[],2026-09-05
"swing_trader_in|2026-09-05T01:21:28.687016+00:00|FIIs buying heavily today, #nifty50 coul",swing_trader_in,"FIIs buying heavily today, #nifty50 could test 48507 by expiry",2026-09-05 01:21:28.687016+00:00,13,2,0,['nifty50'],[],nifty50,2026-09-05 19:16:04.292573+00:00,[],2026-09-05
chartwizard|2026-09-05T02:38:28.243113+00:00|Nifty ne resistance todi! bullish moment,chartwizard,"Nifty ne resistance todi! bullish momentum building, 22919 ke upar accumulate karo #intraday #optionstrading #dalalstreet",2026-09-05 02:38:28.243113+00:00,1,0,0,"['intraday', 'intraday']",[],intraday,2026-09-05 19:16:04.293202+00:00,[],2026-09-05
"niftyguru|2026-09-05T06:48:18.180937+00:00|आज #sensex में भारी गिरावट, 22443 का सपो",niftyguru,"आज #sensex में भारी गिरावट, 22443 का सपोर्ट टूटा Let's see how it closes. HDFC Bank also in focus.",2026-09-05 06:48:18.180937+00:00,1,0,0,['sensex'],['user_fc74eb'],sensex,2026-09-05 19:16:04.274048+00:00,[],2026-09-05
"banknifty_baba|2026-09-05T03:34:11.586849+00:00|Global cues supportive, #nifty50 likely ",banknifty_baba,"Global cues supportive, #nifty50 likely to open above 22891 tomorrow Let's see how it closes.",2026-09-05 03:34:11.586849+00:00,9,2,1,['nifty50'],[],nifty50,2026-09-05 19:16:04.282063+00:00,[],2026-09-05
"algo_anil|2026-09-05T14:49:50.684328+00:00|Watching #intraday closely, no clear tre",algo_anil,"Watching #intraday closely, no clear trend yet. What's everyone's view on 49251? Kya lagta hai aap logo ka?",2026-09-05 14:49:50.684328+00:00,3,0,0,['intraday'],[],intraday,2026-09-05 19:16:04.269825+00:00,[],2026-09-05
"banknifty_baba|2026-09-05T08:29:21.204023+00:00|Gap up opening expected for #intraday, 2",banknifty_baba,"Gap up opening expected for #intraday, 22790 is the level to watch NFA.",2026-09-05 08:29:21.204023+00:00,3,0,0,['intraday'],['user_28023c'],intraday,2026-09-05 19:16:04.290750+00:00,[],2026-09-05
banknifty_baba|2026-09-05T11:54:26.608735+00:00|Short positions added on #banknifty belo,banknifty_baba,"Short positions added on #banknifty below 49033, target 49183 NFA.",2026-09-05 11:54:26.608735+00:00,4,0,0,['banknifty'],['user_246afd'],banknifty,2026-09-05 19:16:04.276448+00:00,[],2026-09-05
MarketMaverick|2026-09-04T22:22:31.053268+00:00|Nifty ne resistance todi! bullish moment,MarketMaverick,"Nifty ne resistance todi! bullish momentum building, 49621 ke upar accumulate karo #intraday Let's see how it closes.",2026-09-04 22:22:31.053268+00:00,1,0,0,['intraday'],[],intraday,2026-09-05 19:16:04.298577+00:00,[],2026-09-04
"trader_raj|2026-09-05T01:32:22.502837+00:00|बाजार में तेजी है, 50671 के ऊपर खरीदारी ",trader_raj,"बाजार में तेजी है, 50671 के ऊपर खरीदारी का मौका #sensex RBI policy day today.",2026-09-05 01:32:22.502837+00:00,8,1,0,['sensex'],[],sensex,2026-09-05 19:16:04.281905+00:00,[],2026-09-05
"algo_anil|2026-09-05T09:57:22.283831+00:00|आज #nifty50 में भारी गिरावट, 23063 का सप",algo_anil,"आज #nifty50 में भारी गिरावट, 23063 का सपोर्ट टूटा Tata Motors also in focus.",2026-09-05 09:57:22.283831+00:00,2,0,0,['nifty50'],[],nifty50,2026-09-05 19:16:04.296895+00:00,[],2026-09-05
"MarketMaverick|2026-09-05T10:44:58.957936+00:00|बाजार में तेजी है, 22118 के ऊपर खरीदारी ",MarketMaverick,"बाजार में तेजी है, 22118 के ऊपर खरीदारी का मौका #sensex Let's see how it closes.",2026-09-05 10:44:58.957936+00:00,14,1,0,['sensex'],[],sensex,2026-09-05 19:16:04.302265+00:00,[],2026-09-05
"algo_anil|2026-09-05T02:36:47.414553+00:00|बाजार में तेजी है, 21728 के ऊपर खरीदारी ",algo_anil,"बाजार में तेजी है, 21728 के ऊपर खरीदारी का मौका #nifty50 Budget session ahead, stay alert.",2026-09-05 02:36:47.414553+00:00,15,3,0,"['nifty50', 'intraday']",[],nifty50,2026-09-05 19:16:04.305394+00:00,[],2026-09-05
"sensex_scalper|2026-09-05T14:46:01.743280+00:00|#nifty50 showing higher highs, 50953 bro",sensex_scalper,"#nifty50 showing higher highs, 50953 broken with volume, next stop 51573 Budget session ahead, stay alert.",2026-09-05 14:46:01.743280+00:00,7,0,0,['nifty50'],[],nifty50,2026-09-05 19:16:04.254458+00:00,[],2026-09-05
niftyguru|2026-09-05T04:50:39.890341+00:00|Positional buy initiated on #sensex abov,niftyguru,"Positional buy initiated on #sensex above 22670, SL below 22820 #optionstrading #dalalstreet",2026-09-05 04:50:39.890341+00:00,12,2,1,['sensex'],[],sensex,2026-09-05 19:16:04.275312+00:00,[],2026-09-05
banknifty_baba|2026-09-05T13:01:15.701920+00:00|Profit booking seen in #banknifty near 5,banknifty_baba,"Profit booking seen in #banknifty near 50886, caution advised DYOR.",2026-09-05 13:01:15.701920+00:00,7,2,0,['banknifty'],['user_da0dba'],banknifty,2026-09-05 19:16:04.304903+00:00,[],2026-09-05
"options_owl|2026-09-05T02:03:28.535453+00:00|#nifty50 showing higher highs, 23115 bro",options_owl,"#nifty50 showing higher highs, 23115 broken with volume, next stop 22665",2026-09-05 02:03:28.535453+00:00,14,1,2,['nifty50'],[],nifty50,2026-09-05 19:16:04.300558+00:00,[],2026-09-05
"riskmanager_99|2026-09-05T10:38:57.454573+00:00|बाजार में तेजी है, 48592 के ऊपर खरीदारी ",riskmanager_99,"बाजार में तेजी है, 48592 के ऊपर खरीदारी का मौका #sensex NFA.",2026-09-05 10:38:57.454573+00:00,15,1,2,['sensex'],[],sensex,2026-09-05 19:16:04.290776+00:00,[],2026-09-05
"sensex_scalper|2026-09-04T19:11:18.199111+00:00|FIIs buying heavily today, #nifty50 coul",sensex_scalper,"FIIs buying heavily today, #nifty50 could test 51193 by expiry",2026-09-04 19:11:18.199111+00:00,15,4,1,['nifty50'],[],nifty50,2026-09-05 19:16:04.256515+00:00,[],2026-09-04
"niftyguru|2026-09-05T07:27:44.345747+00:00|Low volume day for #sensex, market await-dup",niftyguru,"Low volume day for #sensex, market awaiting 23359 confirmation Options data suggests the same.",2026-09-05 07:27:44.345747+00:00,8,0,0,['sensex'],[],sensex,2026-09-05 19:16:04.314047+00:00,[],2026-09-05
"quant_priya|2026-09-05T13:27:34.687198+00:00|Sell on rise strategy for #banknifty, re",quant_priya,"Sell on rise strategy for #banknifty, resistance at 49803 not breaking #stockmarket #trading",2026-09-05 13:27:34.687198+00:00,10,1,0,['banknifty'],['user_bbd69d'],banknifty,2026-09-05 19:16:04.313243+00:00,[],2026-09-05
"sensex_scalper|2026-09-05T16:53:29.262844+00:00|Watching #intraday closely, no clear tre",sensex_scalper,"Watching #intraday closely, no clear trend yet. What's everyone's view on 49174? #optionstrading #dalalstreet ITC also in focus.",2026-09-05 16:53:29.262844+00:00,10,1,1,['intraday'],['user_36ff23'],intraday,2026-09-05 19:16:04.297583+00:00,[],2026-09-05
"trader_raj|2026-09-04T18:33:39.584252+00:00|Sell on rise strategy for #sensex, resis",trader_raj,"Sell on rise strategy for #sensex, resistance at 49519 not breaking Keep an eye on FII/DII data.",2026-09-04 18:33:39.584252+00:00,12,1,1,['sensex'],[],sensex,2026-09-05 19:16:04.282261+00:00,[],2026-09-04
"sensex_scalper|2026-09-05T18:01:33.402199+00:00|Low volume day for #intraday, market awa",sensex_scalper,"Low volume day for #intraday, market awaiting 22352 confirmation Thoughts?",2026-09-05 18:01:33.402199+00:00,14,1,2,"['intraday', 'intraday']",[],intraday,2026-09-05 19:16:04.265511+00:00,[],2026-09-05
"banknifty_baba|2026-09-05T00:41:33.685237+00:00|Gap up opening expected for #intraday, 4",banknifty_baba,"Gap up opening expected for #intraday, 48517 is the level to watch Thoughts?",2026-09-05 00:41:33.685237+00:00,7,1,1,"['intraday', 'banknifty']",[],intraday,2026-09-05 19:16:04.259229+00:00,[],2026-09-05
"dalalstreet_diary|2026-09-05T16:04:02.624760+00:00|Watching #nifty50 closely, no clear tren",dalalstreet_diary,"Watching #nifty50 closely, no clear trend yet. What's everyone's view on 22003? Let's see how it closes.",2026-09-05 16:04:02.624760+00:00,13,2,1,"['nifty50', 'intraday']",[],nifty50,2026-09-05 19:16:04.271458+00:00,[],2026-09-05
"dalalstreet_diary|2026-09-05T08:09:32.322777+00:00|Mixed signals on #sensex today, 21763 ac",dalalstreet_diary,"Mixed signals on #sensex today, 21763 acting as a pivot NFA.",2026-09-05 08:09:32.322777+00:00,1,0,0,['sensex'],[],sensex,2026-09-05 19:16:04.253934+00:00,[],2026-09-05
"algo_anil|2026-09-05T11:06:05.962851+00:00|#nifty50 breaking down below 49536, expe",algo_anil,"#nifty50 breaking down below 49536, expecting further downside to 49836 #stockmarket #trading",2026-09-05 11:06:05.962851+00:00,4,0,0,"['nifty50', 'sensex']",[],nifty50,2026-09-05 19:16:04.310601+00:00,[],2026-09-05
"algo_anil|2026-09-04T23:30:10.327650+00:00|Gap up opening expected for #sensex, 222",algo_anil,"Gap up opening expected for #sensex, 22235 is the level to watch",2026-09-04 23:30:10.327650+00:00,1,0,0,['sensex'],[],sensex,2026-09-05 19:16:04.253907+00:00,[],2026-09-04
"bull_on_dalal_st|2026-09-05T11:16:15.835846+00:00|#banknifty consolidating near 23393, nee",bull_on_dalal_st,"#banknifty consolidating near 23393, need a breakout either side",2026-09-05 11:16:15.835846+00:00,5,0,0,"['banknifty', 'nifty50']",[],banknifty,2026-09-05 19:16:04.279972+00:00,[],2026-09-05
"trader_raj|2026-09-05T04:06:13.884959+00:00|#intraday looking strong today, breakout",trader_raj,"#intraday looking strong today, breakout above 47745, target 47125 #stockmarket #trading",2026-09-05 04:06:13.884959+00:00,1,0,0,['intraday'],[],intraday,2026-09-05 19:16:04.278278+00:00,[],2026-09-05
"bull_on_dalal_st|2026-09-05T01:19:08.991373+00:00|आज #sensex में जबरदस्त तेजी, 50028 का स्",bull_on_dalal_st,"आज #sensex में जबरदस्त तेजी, 50028 का स्तर पार RBI policy day today.",2026-09-05 01:19:08.991373+00:00,7,0,0,['sensex'],[],sensex,2026-09-05 19:16:04.254472+00:00,[],2026-09-05
"sensex_scalper|2026-09-05T06:19:05.203510+00:00|Sideways action continues on #sensex, 22",sensex_scalper,"Sideways action continues on #sensex, 22755-22455 range holding Keep an eye on FII/DII data.",2026-09-05 06:19:05.203510+00:00,1,0,0,['sensex'],['user_5d1fb1'],sensex,2026-09-05 19:16:04.277843+00:00,[],2026-09-05
"trader_raj|2026-09-05T03:38:18.027096+00:00|FIIs selling continuously, #nifty50 weak",trader_raj,"FIIs selling continuously, #nifty50 weak below 21698 Volume bhi zyada hai aaj.",2026-09-05 03:38:18.027096+00:00,12,2,1,['nifty50'],[],nifty50,2026-09-05 19:16:04.293929+00:00,[],2026-09-05
"chartwizard|2026-09-05T17:06:51.317943+00:00|#banknifty breaking down below 49127, ex",chartwizard,"#banknifty breaking down below 49127, expecting further downside to 48827 #stockmarket #trading",2026-09-05 17:06:51.317943+00:00,12,1,2,['banknifty'],[],banknifty,2026-09-05 19:16:04.270325+00:00,[],2026-09-05
"MarketMaverick|2026-09-04T18:50:49.576917+00:00|FIIs selling continuously, #intraday wea",MarketMaverick,"FIIs selling continuously, #intraday weak below 49663 Kya lagta hai aap logo ka?",2026-09-04 18:50:49.576917+00:00,11,2,1,['intraday'],[],intraday,2026-09-05 19:16:04.282588+00:00,[],2026-09-04
"riskmanager_99|2026-09-05T12:36:29.791923+00:00|आज #nifty50 में जबरदस्त तेजी, 47999 का स",riskmanager_99,"आज #nifty50 में जबरदस्त तेजी, 47999 का स्तर पार #stockmarket #trading HDFC Bank also in focus.",2026-09-05 12:36:29.791923+00:00,1,0,0,"['nifty50', 'sensex']",[],nifty50,2026-09-05 19:16:04.258507+00:00,[],2026-09-05
"niftyguru|2026-09-05T06:50:30.531754+00:00|FIIs selling continuously, #intraday wea",niftyguru,"FIIs selling continuously, #intraday weak below 50785 RBI policy day today.",2026-09-05 06:50:30.531754+00:00,2,0,0,['intraday'],[],intraday,2026-09-05 19:16:04.280701+00:00,[],2026-09-05
"quant_priya|2026-09-05T16:33:38.574085+00:00|बाजार में तेजी है, 22037 के ऊपर खरीदारी ",quant_priya,"बाजार में तेजी है, 22037 के ऊपर खरीदारी का मौका #banknifty Let's see how it closes.",2026-09-05 16:33:38.574085+00:00,3,0,0,['banknifty'],['user_7f9612'],banknifty,2026-09-05 19:16:04.299860+00:00,[],2026-09-05
"swing_trader_in|2026-09-05T10:25:41.479774+00:00|आज #intraday में भारी गिरावट, 22283 का स",swing_trader_in,"आज #intraday में भारी गिरावट, 22283 का सपोर्ट टूटा Kya lagta hai aap logo ka?",2026-09-05 10:25:41.479774+00:00,13,3,1,['intraday'],[],intraday,2026-09-05 19:16:04.272198+00:00,[],2026-09-05
"swing_trader_in|2026-09-05T11:15:54.797358+00:00|#nifty50 consolidating near 23147, need ",swing_trader_in,"#nifty50 consolidating near 23147, need a breakout either side Let's see how it closes.",2026-09-05 11:15:54.797358+00:00,1,0,0,['nifty50'],[],nifty50,2026-09-05 19:16:04.268824+00:00,[],2026-09-05
"the_bear_desk|2026-09-05T15:45:18.933180+00:00|Tejji ka mahaul hai #nifty50 mein, 49948-dup",the_bear_desk,"Tejji ka mahaul hai #nifty50 mein, 49948 pe strong buying dekhi Let's see how it closes.",2026-09-05 15:45:18.933180+00:00,1,0,0,['nifty50'],[],nifty50,2026-09-05 19:16:04.314658+00:00,[],2026-09-05
"sensex_scalper|2026-09-05T09:08:44.441559+00:00|FIIs buying heavily today, #nifty50 coul",sensex_scalper,"FIIs buying heavily today, #nifty50 could test 23498 by expiry Thoughts?",2026-09-05 09:08:44.441559+00:00,10,1,1,['nifty50'],[],nifty50,2026-09-05 19:16:04.293047+00:00,[],2026-09-05
"riskmanager_99|2026-09-05T03:44:38.233672+00:00|बाजार में तेजी है, 23321 के ऊपर खरीदारी ",riskmanager_99,"बाजार में तेजी है, 23321 के ऊपर खरीदारी का मौका #sensex",2026-09-05 03:44:38.233672+00:00,1,0,0,['sensex'],[],sensex,2026-09-05 19:16:04.253448+00:00,[],2026-09-05
options_owl|2026-09-05T13:57:43.177761+00:00|Positional buy initiated on #intraday ab,options_owl,"Positional buy initiated on #intraday above 21541, SL below 21991 NFA.",2026-09-05 13:57:43.177761+00:00,15,1,2,"['intraday', 'sensex']",['user_f63f93'],intraday,2026-09-05 19:16:04.253338+00:00,[],2026-09-05
"quant_priya|2026-09-05T03:47:17.243829+00:00|#sensex looking strong today, breakout a-dup",quant_priya,"#sensex looking strong today, breakout above 22093, target 22713",2026-09-05 03:47:17.243829+00:00,8,1,0,['sensex'],[],sensex,2026-09-05 19:16:04.313723+00:00,[],2026-09-05
"banknifty_baba|2026-09-05T17:41:49.894783+00:00|Watching #sensex closely, no clear trend",banknifty_baba,"Watching #sensex closely, no clear trend yet. What's everyone's view on 23428? DYOR. ITC also in focus.",2026-09-05 17:41:49.894783+00:00,15,0,0,['sensex'],[],sensex,2026-09-05 19:16:04.255324+00:00,[],2026-09-05
"intraday_ishaan|2026-09-05T09:27:44.609004+00:00|Market crash ho sakta hai, 47689 ka supp",intraday_ishaan,"Market crash ho sakta hai, 47689 ka support toot gaya, bearish on #banknifty",2026-09-05 09:27:44.609004+00:00,6,0,1,"['banknifty', 'banknifty']",[],banknifty,2026-09-05 19:16:04.294347+00:00,[],2026-09-05
chartwizard|2026-09-05T06:36:57.029048+00:00|#banknifty range-bound between 23113 and,chartwizard,"#banknifty range-bound between 23113 and 23733 today, waiting for a clear direction Budget session ahead, stay alert.",2026-09-05 06:36:57.029048+00:00,13,3,1,['banknifty'],[],banknifty,2026-09-05 19:16:04.311111+00:00,[],2026-09-05
"MarketMaverick|2026-09-05T04:21:19.945237+00:00|#sensex showing higher highs, 21790 brok",MarketMaverick,"#sensex showing higher highs, 21790 broken with volume, next stop 21490",2026-09-05 04:21:19.945237+00:00,3,0,0,['sensex'],['user_7bcad1'],sensex,2026-09-05 19:16:04.261419+00:00,[],2026-09-05
"riskmanager_99|2026-09-05T09:58:27.540943+00:00|आज #intraday में जबरदस्त तेजी, 48504 का ",riskmanager_99,"आज #intraday में जबरदस्त तेजी, 48504 का स्तर पार DYOR.",2026-09-05 09:58:27.540943+00:00,2,0,0,['intraday'],[],intraday,2026-09-05 19:16:04.282717+00:00,[],2026-09-05
"swing_trader_in|2026-09-04T19:23:48.155015+00:00|Global cues supportive, #nifty50 likely ",swing_trader_in,"Global cues supportive, #nifty50 likely to open above 21732 tomorrow Options data suggests the same.",2026-09-04 19:23:48.155015+00:00,1,0,0,"['nifty50', 'nifty50']",[],nifty50,2026-09-05 19:16:04.306337+00:00,[],2026-09-04
"algo_anil|2026-09-05T09:27:38.229448+00:00|#banknifty looking strong today, breakou",algo_anil,"#banknifty looking strong today, breakout above 48213, target 48513 Options data suggests the same.",2026-09-05 09:27:38.229448+00:00,15,3,0,['banknifty'],[],banknifty,2026-09-05 19:16:04.279518+00:00,[],2026-09-05
sensex_scalper|2026-09-05T05:16:23.855629+00:00|#intraday range-bound between 22040 and ,sensex_scalper,"#intraday range-bound between 22040 and 21420 today, waiting for a clear direction #stockmarket #trading",2026-09-05 05:16:23.855629+00:00,13,3,2,['intraday'],['user_80905f'],intraday,2026-09-05 19:16:04.289146+00:00,[],2026-09-05
"sensex_scalper|2026-09-05T04:44:20.855565+00:00|Tejji ka mahaul hai #banknifty mein, 495-dup",sensex_scalper,"Tejji ka mahaul hai #banknifty mein, 49560 pe strong buying dekhi Options data suggests the same.",2026-09-05 04:44:20.855565+00:00,11,0,0,"['banknifty', 'sensex']",[],banknifty,2026-09-05 19:16:04.313648+00:00,[],2026-09-05
"swing_trader_in|2026-09-04T21:15:14.986500+00:00|FIIs buying heavily today, #nifty50 coul",swing_trader_in,"FIIs buying heavily today, #nifty50 could test 47793 by expiry Keep an eye on FII/DII data.",2026-09-04 21:15:14.986500+00:00,9,2,1,['nifty50'],[],nifty50,2026-09-05 19:16:04.278082+00:00,[],2026-09-04
"riskmanager_99|2026-09-04T21:41:11.760930+00:00|Global markets weak overnight, #intraday",riskmanager_99,"Global markets weak overnight, #intraday may gap down below 22315 Options data suggests the same.",2026-09-04 21:41:11.760930+00:00,3,0,0,['intraday'],[],intraday,2026-09-05 19:16:04.264455+00:00,[],2026-09-04
bull_on_dalal_st|2026-09-05T04:59:34.741312+00:00|Short positions added on #nifty50 below ,bull_on_dalal_st,"Short positions added on #nifty50 below 23200, target 23650 Volume bhi zyada hai aaj.",2026-09-05 04:59:34.741312+00:00,1,0,0,"['nifty50', 'sensex']",[],nifty50,2026-09-05 19:16:04.256770+00:00,[],2026-09-05
"algo_anil|2026-09-05T04:50:37.001552+00:00|#sensex looking strong today, breakout a",algo_anil,"#sensex looking strong today, breakout above 23496, target 24296 Let's see how it closes.",2026-09-05 04:50:37.001552+00:00,4,0,0,['sensex'],[],sensex,2026-09-05 19:16:04.310796+00:00,[],2026-09-05
"MarketMaverick|2026-09-05T05:13:54.560448+00:00|आज #sensex में जबरदस्त तेजी, 47605 का स्",MarketMaverick,"आज #sensex में जबरदस्त तेजी, 47605 का स्तर पार Options data suggests the same.",2026-09-05 05:13:54.560448+00:00,7,1,0,['sensex'],[],sensex,2026-09-05 19:16:04.279776+00:00,[],2026-09-05
bull_on_dalal_st|2026-09-05T13:42:39.735079+00:00|Profit booking seen in #banknifty near 5,bull_on_dalal_st,"Profit booking seen in #banknifty near 50453, caution advised Kya lagta hai aap logo ka?",2026-09-05 13:42:39.735079+00:00,3,0,0,['banknifty'],[],banknifty,2026-09-05 19:16:04.272186+00:00,[],2026-09-05
"bull_on_dalal_st|2026-09-04T23:33:24.127705+00:00|Watching #intraday closely, no clear tre",bull_on_dalal_st,"Watching #intraday closely, no clear trend yet. What's everyone's view on 23145? Kya lagta hai aap logo ka?",2026-09-04 23:33:24.127705+00:00,10,1,1,['intraday'],[],intraday,2026-09-05 19:16:04.301156+00:00,[],2026-09-04
"options_owl|2026-09-05T03:44:22.719394+00:00|Tejji ka mahaul hai #banknifty mein, 217",options_owl,"Tejji ka mahaul hai #banknifty mein, 21748 pe strong buying dekhi DYOR. SBI also in focus.",2026-09-05 03:44:22.719394+00:00,5,0,0,['banknifty'],['user_b80748'],banknifty,2026-09-05 19:16:04.308465+00:00,[],2026-09-05
"MarketMaverick|2026-09-05T01:05:24.784493+00:00|Sideways action continues on #sensex, 49",MarketMaverick,"Sideways action continues on #sensex, 49764-49314 range holding Kya lagta hai aap logo ka?",2026-09-05 01:05:24.784493+00:00,0,0,0,['sensex'],[],sensex,2026-09-05 19:16:04.293443+00:00,[],2026-09-05
"MarketMaverick|2026-09-04T21:59:07.175015+00:00|Low volume day for #nifty50, market awai",MarketMaverick,"Low volume day for #nifty50, market awaiting 23326 confirmation Let's see how it closes. TCS also in focus.",2026-09-04 21:59:07.175015+00:00,15,3,2,['nifty50'],[],nifty50,2026-09-05 19:16:04.304078+00:00,[],2026-09-04
dalalstreet_diary|2026-09-05T08:42:25.033592+00:00|Short positions added on #intraday below,dalalstreet_diary,"Short positions added on #intraday below 22871, target 23171",2026-09-05 08:42:25.033592+00:00,8,0,0,['intraday'],[],intraday,2026-09-05 19:16:04.304571+00:00,[],2026-09-05
"algo_anil|2026-09-04T23:07:06.426876+00:00|बाजार में तेजी है, 48079 के ऊपर खरीदारी ",algo_anil,"बाजार में तेजी है, 48079 के ऊपर खरीदारी का मौका #intraday DYOR.",2026-09-04 23:07:06.426876+00:00,12,1,2,"['intraday', 'sensex']",[],intraday,2026-09-05 19:16:04.310197+00:00,[],2026-09-04
"intraday_ishaan|2026-09-05T14:10:47.615211+00:00|#nifty50 looking strong today, breakout ",intraday_ishaan,"#nifty50 looking strong today, breakout above 50633, target 50333 RBI policy day today.",2026-09-05 14:10:47.615211+00:00,6,0,0,"['nifty50', 'sensex']",[],nifty50,2026-09-05 19:16:04.305437+00:00,[],2026-09-05
"chartwizard|2026-09-05T11:19:12.072065+00:00|FIIs buying heavily today, #sensex could",chartwizard,"FIIs buying heavily today, #sensex could test 23155 by expiry Budget session ahead, stay alert.",2026-09-05 11:19:12.072065+00:00,5,1,0,"['sensex', 'nifty50']",[],sensex,2026-09-05 19:16:04.270993+00:00,[],2026-09-05
"riskmanager_99|2026-09-04T23:10:19.862109+00:00|Global markets weak overnight, #banknift",riskmanager_99,"Global markets weak overnight, #banknifty may gap down below 50303 Kya lagta hai aap logo ka?",2026-09-04 23:10:19.862109+00:00,0,0,0,['banknifty'],['user_ab2654'],banknifty,2026-09-05 19:16:04.300196+00:00,[],2026-09-04
"the_bear_desk|2026-09-04T19:44:38.406813+00:00|#banknifty forming lower lows, 47763 sup",the_bear_desk,"#banknifty forming lower lows, 47763 support gone, next target 47143 Budget session ahead, stay alert.",2026-09-04 19:44:38.406813+00:00,4,0,0,['banknifty'],[],banknifty,2026-09-05 19:16:04.274897+00:00,[],2026-09-04
"intraday_ishaan|2026-09-04T22:59:35.316442+00:00|Market crash ho sakta hai, 47995 ka supp",intraday_ishaan,"Market crash ho sakta hai, 47995 ka support toot gaya, bearish on #sensex #stockmarket #trading ICICI Bank also in focus.",2026-09-04 22:59:35.316442+00:00,3,0,0,['sensex'],[],sensex,2026-09-05 19:16:04.313167+00:00,[],2026-09-04
"bull_on_dalal_st|2026-09-04T22:20:46.575817+00:00|#nifty50 consolidating near 48654, need ",bull_on_dalal_st,"#nifty50 consolidating near 48654, need a breakout either side Kya lagta hai aap logo ka?",2026-09-04 22:20:46.575817+00:00,9,1,1,['nifty50'],[],nifty50,2026-09-05 19:16:04.274115+00:00,[],2026-09-04
"trader_raj|2026-09-05T12:49:02.626797+00:00|Sensex rally continues, 48937 support ho",trader_raj,"Sensex rally continues, 48937 support holding well. Long positions looking good #banknifty Keep an eye on FII/DII data.",2026-09-05 12:49:02.626797+00:00,9,0,1,"['banknifty', 'nifty50']",[],banknifty,2026-09-05 19:16:04.288374+00:00,[],2026-09-05
"sensex_scalper|2026-09-05T13:22:53.027422+00:00|Sensex rally continues, 23049 support ho",sensex_scalper,"Sensex rally continues, 23049 support holding well. Long positions looking good #nifty50 #stockmarket #trading",2026-09-05 13:22:53.027422+00:00,12,1,1,"['nifty50', 'nifty50']",[],nifty50,2026-09-05 19:16:04.261478+00:00,[],2026-09-05
"sensex_scalper|2026-09-05T14:25:04.261060+00:00|Sensex rally continues, 48294 support ho-dup",sensex_scalper,"Sensex rally continues, 48294 support holding well. Long positions looking good #sensex DYOR.",2026-09-05 14:25:04.261060+00:00,5,1,0,['sensex'],[],sensex,2026-09-05 19:16:04.314933+00:00,[],2026-09-05
"quant_priya|2026-09-05T16:54:58.884470+00:00|FIIs selling continuously, #intraday wea",quant_priya,"FIIs selling continuously, #intraday weak below 48858 TCS also in focus.",2026-09-05 16:54:58.884470+00:00,6,0,0,['intraday'],[],intraday,2026-09-05 19:16:04.253476+00:00,[],2026-09-05
"bull_on_dalal_st|2026-09-05T06:54:13.201834+00:00|आज #banknifty में भारी गिरावट, 49826 का ",bull_on_dalal_st,"आज #banknifty में भारी गिरावट, 49826 का सपोर्ट टूटा",2026-09-05 06:54:13.201834+00:00,8,1,0,['banknifty'],[],banknifty,2026-09-05 19:16:04.300320+00:00,[],2026-09-05
"intraday_ishaan|2026-09-05T11:39:10.811436+00:00|आज #intraday में जबरदस्त तेजी, 48263 का ",intraday_ishaan,"आज #intraday में जबरदस्त तेजी, 48263 का स्तर पार Thoughts? TCS also in focus.",2026-09-05 11:39:10.811436+00:00,9,2,1,['intraday'],[],intraday,2026-09-05 19:16:04.265028+00:00,[],2026-09-05
"bull_on_dalal_st|2026-09-05T02:46:46.836907+00:00|FIIs buying heavily today, #intraday cou",bull_on_dalal_st,"FIIs buying heavily today, #intraday could test 22681 by expiry Let's see how it closes.",2026-09-05 02:46:46.836907+00:00,10,2,0,['intraday'],['user_51217d'],intraday,2026-09-05 19:16:04.254847+00:00,[],2026-09-05
"trader_raj|2026-09-05T00:03:58.552929+00:00|#intraday consolidating near 23463, need",trader_raj,"#intraday consolidating near 23463, need a breakout either side #stockmarket #trading",2026-09-05 00:03:58.552929+00:00,1,0,0,['intraday'],[],intraday,2026-09-05 19:16:04.311435+00:00,[],2026-09-05
"niftyguru|2026-09-05T11:55:54.567626+00:00|Watching #intraday closely, no clear tre",niftyguru,"Watching #intraday closely, no clear trend yet. What's everyone's view on 47825? DYOR.",2026-09-05 11:55:54.567626+00:00,10,2,1,['intraday'],[],intraday,2026-09-05 19:16:04.298752+00:00,[],2026-09-05
"intraday_ishaan|2026-09-04T23:58:31.973254+00:00|Low volume day for #banknifty, market aw",intraday_ishaan,"Low volume day for #banknifty, market awaiting 23359 confirmation DYOR.",2026-09-04 23:58:31.973254+00:00,0,0,0,['banknifty'],[],banknifty,2026-09-05 19:16:04.274101+00:00,[],2026-09-04
sensex_scalper|2026-09-05T18:22:19.503716+00:00|#sensex range-bound between 21565 and 21,sensex_scalper,"#sensex range-bound between 21565 and 21865 today, waiting for a clear direction #optionstrading #dalalstreet",2026-09-05 18:22:19.503716+00:00,15,3,2,['sensex'],[],sensex,2026-09-05 19:16:04.306480+00:00,[],2026-09-05
"the_bear_desk|2026-09-05T02:50:50.094016+00:00|Sideways action continues on #intraday, ",the_bear_desk,"Sideways action continues on #intraday, 22541-23161 range holding RBI policy day today.",2026-09-05 02:50:50.094016+00:00,10,1,1,"['intraday', 'banknifty']",[],intraday,2026-09-05 19:16:04.278686+00:00,[],2026-09-05
"banknifty_baba|2026-09-05T15:20:48.685109+00:00|Watching #sensex closely, no clear trend",banknifty_baba,"Watching #sensex closely, no clear trend yet. What's everyone's view on 50461? Let's see how it closes.",2026-09-05 15:20:48.685109+00:00,8,2,0,['sensex'],['user_2b3389'],sensex,2026-09-05 19:16:04.303476+00:00,[],2026-09-05
"bull_on_dalal_st|2026-09-04T19:50:13.628581+00:00|#banknifty showing higher highs, 22212 b",bull_on_dalal_st,"#banknifty showing higher highs, 22212 broken with volume, next stop 22362 Kya lagta hai aap logo ka?",2026-09-04 19:50:13.628581+00:00,3,0,0,"['banknifty', 'nifty50']",[],banknifty,2026-09-05 19:16:04.279945+00:00,[],2026-09-04
"options_owl|2026-09-04T18:59:37.289963+00:00|#banknifty forming lower lows, 47750 sup",options_owl,"#banknifty forming lower lows, 47750 support gone, next target 48370 NFA.",2026-09-04 18:59:37.289963+00:00,9,1,0,['banknifty'],[],banknifty,2026-09-05 19:16:04.298261+00:00,[],2026-09-04
"dalalstreet_diary|2026-09-05T18:03:45.326246+00:00|Gap up opening expected for #intraday, 2",dalalstreet_diary,"Gap up opening expected for #intraday, 22075 is the level to watch Options data suggests the same.",2026-09-05 18:03:45.326246+00:00,13,2,0,"['intraday', 'banknifty']",[],intraday,2026-09-05 19:16:04.296444+00:00,[],2026-09-05
"trader_raj|2026-09-05T02:07:02.383956+00:00|Buy the dip on 48170, 48790 target for s",trader_raj,"Buy the dip on 48170, 48790 target for swing trade #nifty50 $NIFTY Budget session ahead, stay alert.",2026-09-05 02:07:02.383956+00:00,4,0,0,"['nifty50', 'nifty50']",[],nifty50,2026-09-05 19:16:04.301767+00:00,['NIFTY'],2026-09-05
"swing_trader_in|2026-09-05T14:27:20.334505+00:00|FIIs buying heavily today, #intraday cou",swing_trader_in,"FIIs buying heavily today, #intraday could test 49977 by expiry Budget session ahead, stay alert.",2026-09-05 14:27:20.334505+00:00,6,1,0,['intraday'],[],intraday,2026-09-05 19:16:04.303685+00:00,[],2026-09-05
"chartwizard|2026-09-05T14:24:32.074869+00:00|Sell on rise strategy for #intraday, res",chartwizard,"Sell on rise strategy for #intraday, resistance at 23144 not breaking Volume bhi zyada hai aaj.",2026-09-05 14:24:32.074869+00:00,12,1,1,['intraday'],[],intraday,2026-09-05 19:16:04.311762+00:00,[],2026-09-05
"trader_raj|2026-09-04T22:34:18.996148+00:00|Watching #banknifty closely, no clear tr",trader_raj,"Watching #banknifty closely, no clear trend yet. What's everyone's view on 21714?",2026-09-04 22:34:18.996148+00:00,12,2,2,['banknifty'],[],banknifty,2026-09-05 19:16:04.290999+00:00,[],2026-09-04
"swing_trader_in|2026-09-05T14:12:49.783593+00:00|Gap up opening expected for #sensex, 509",swing_trader_in,"Gap up opening expected for #sensex, 50913 is the level to watch DYOR.",2026-09-05 14:12:49.783593+00:00,2,0,0,['sensex'],[],sensex,2026-09-05 19:16:04.255216+00:00,[],2026-09-05
intraday_ishaan|2026-09-05T17:52:35.530133+00:00|Positional buy initiated on #sensex abov,intraday_ishaan,"Positional buy initiated on #sensex above 48876, SL below 49326 ICICI Bank also in focus.",2026-09-05 17:52:35.530133+00:00,14,0,0,['sensex'],['user_32358b'],sensex,2026-09-05 19:16:04.301837+00:00,[],2026-09-05
dalalstreet_diary|2026-09-05T16:12:00.805058+00:00|Nifty ne resistance todi! bullish moment,dalalstreet_diary,"Nifty ne resistance todi! bullish momentum building, 22903 ke upar accumulate karo #banknifty #optionstrading #dalalstreet",2026-09-05 16:12:00.805058+00:00,3,0,0,"['banknifty', 'sensex']",['user_e87f89'],banknifty,2026-09-05 19:16:04.293346+00:00,[],2026-09-05
"quant_priya|2026-09-05T11:54:25.291422+00:00|आज #sensex में जबरदस्त तेजी, 48454 का स्",quant_priya,"आज #sensex में जबरदस्त तेजी, 48454 का स्तर पार RBI policy day today.",2026-09-05 11:54:25.291422+00:00,14,2,2,['sensex'],[],sensex,2026-09-05 19:16:04.294647+00:00,[],2026-09-05
options_owl|2026-09-05T02:51:34.831419+00:00|Short positions added on #nifty50 below ,options_owl,"Short positions added on #nifty50 below 49405, target 50025",2026-09-05 02:51:34.831419+00:00,8,2,1,['nifty50'],[],nifty50,2026-09-05 19:16:04.267598+00:00,[],2026-09-05
"chartwizard|2026-09-05T16:19:10.544628+00:00|Sell on rise strategy for #intraday, res",chartwizard,"Sell on rise strategy for #intraday, resistance at 21761 not breaking NFA.",2026-09-05 16:19:10.544628+00:00,15,3,2,['intraday'],['user_aa85a1'],intraday,2026-09-05 19:16:04.307268+00:00,[],2026-09-05
"MarketMaverick|2026-09-05T04:09:59.156833+00:00|Market crash ho sakta hai, 50805 ka supp",MarketMaverick,"Market crash ho sakta hai, 50805 ka support toot gaya, bearish on #nifty50 ITC also in focus.",2026-09-05 04:09:59.156833+00:00,2,0,0,"['nifty50', 'intraday']",['user_2d1064'],nifty50,2026-09-05 19:16:04.302986+00:00,[],2026-09-05
"MarketMaverick|2026-09-04T22:38:17.989301+00:00|#nifty50 consolidating near 21675, need -dup",MarketMaverick,"#nifty50 consolidating near 21675, need a breakout either side",2026-09-04 22:38:17.989301+00:00,8,1,1,['nifty50'],['user_bbcd8c'],nifty50,2026-09-05 19:16:04.314894+00:00,[],2026-09-04
"riskmanager_99|2026-09-05T07:15:20.062807+00:00|बाजार में तेजी है, 22910 के ऊपर खरीदारी ",riskmanager_99,"बाजार में तेजी है, 22910 के ऊपर खरीदारी का मौका #sensex Kya lagta hai aap logo ka?",2026-09-05 07:15:20.062807+00:00,8,0,0,['sensex'],[],sensex,2026-09-05 19:16:04.280272+00:00,[],2026-09-05
"options_owl|2026-09-05T01:11:28.665118+00:00|FIIs buying heavily today, #banknifty co",options_owl,"FIIs buying heavily today, #banknifty could test 22253 by expiry NFA.",2026-09-05 01:11:28.665118+00:00,6,0,0,['banknifty'],[],banknifty,2026-09-05 19:16:04.257702+00:00,[],2026-09-05
"trader_raj|2026-09-04T20:09:35.278591+00:00|Mixed signals on #sensex today, 49893 ac",trader_raj,"Mixed signals on #sensex today, 49893 acting as a pivot",2026-09-04 20:09:35.278591+00:00,4,0,0,"['sensex', 'intraday']",[],sensex,2026-09-05 19:16:04.295488+00:00,[],2026-09-04
"dalalstreet_diary|2026-09-05T14:40:41.793684+00:00|Gap up opening expected for #nifty50, 22",dalalstreet_diary,"Gap up opening expected for #nifty50, 22212 is the level to watch DYOR. Reliance also in focus.",2026-09-05 14:40:41.793684+00:00,11,0,0,['nifty50'],['user_76aef5'],nifty50,2026-09-05 19:16:04.307435+00:00,[],2026-09-05
"MarketMaverick|2026-09-04T22:03:58.842192+00:00|#intraday forming lower lows, 49663 supp",MarketMaverick,"#intraday forming lower lows, 49663 support gone, next target 49213",2026-09-04 22:03:58.842192+00:00,5,1,0,['intraday'],[],intraday,2026-09-05 19:16:04.274700+00:00,[],2026-09-04
"niftyguru|2026-09-05T10:05:29.803697+00:00|Market crash ho sakta hai, 47534 ka supp",niftyguru,"Market crash ho sakta hai, 47534 ka support toot gaya, bearish on #intraday",2026-09-05 10:05:29.803697+00:00,8,1,1,"['intraday', 'nifty50']",[],intraday,2026-09-05 19:16:04.306118+00:00,[],2026-09-05
"banknifty_baba|2026-09-05T10:31:20.273858+00:00|Gap up opening expected for #intraday, 2",banknifty_baba,"Gap up opening expected for #intraday, 21615 is the level to watch NFA.",2026-09-05 10:31:20.273858+00:00,2,0,0,['intraday'],[],intraday,2026-09-05 19:16:04.279475+00:00,[],2026-09-05
"riskmanager_99|2026-09-05T16:17:18.079233+00:00|Watching #intraday closely, no clear tre",riskmanager_99,"Watching #intraday closely, no clear trend yet. What's everyone's view on 50979? Thoughts?",2026-09-05 16:17:18.079233+00:00,12,0,1,['intraday'],[],intraday,2026-09-05 19:16:04.277106+00:00,[],2026-09-05
"bull_on_dalal_st|2026-09-05T05:40:20.926889+00:00|#nifty50 looking strong today, breakout ",bull_on_dalal_st,"#nifty50 looking strong today, breakout above 49368, target 49218",2026-09-05 05:40:20.926889+00:00,3,0,0,['nifty50'],['user_5ae6f6'],nifty50,2026-09-05 19:16:04.276017+00:00,[],2026-09-05
swing_trader_in|2026-09-05T16:46:41.270616+00:00|Profit booking seen in #banknifty near 2,swing_trader_in,"Profit booking seen in #banknifty near 22260, caution advised",2026-09-05 16:46:41.270616+00:00,1,0,0,['banknifty'],[],banknifty,2026-09-05 19:16:04.308950+00:00,[],2026-09-05
"bull_on_dalal_st|2026-09-05T02:01:15.248536+00:00|Mixed signals on #sensex today, 22958 ac",bull_on_dalal_st,"Mixed signals on #sensex today, 22958 acting as a pivot #stockmarket #trading",2026-09-05 02:01:15.248536+00:00,2,0,0,['sensex'],[],sensex,2026-09-05 19:16:04.308863+00:00,[],2026-09-05
"algo_anil|2026-09-05T06:10:35.348091+00:00|Panic selling in #intraday, 48535 breakd",algo_anil,"Panic selling in #intraday, 48535 breakdown confirmed, stop loss hit RBI policy day today.",2026-09-05 06:10:35.348091+00:00,10,1,0,['intraday'],[],intraday,2026-09-05 19:16:04.277510+00:00,[],2026-09-05
"dalalstreet_diary|2026-09-04T22:51:06.888908+00:00|Buy the dip on 47646, 47496 target for s",dalalstreet_diary,"Buy the dip on 47646, 47496 target for swing trade #sensex $NIFTY Volume bhi zyada hai aaj.",2026-09-04 22:51:06.888908+00:00,15,2,2,['sensex'],[],sensex,2026-09-05 19:16:04.282128+00:00,['NIFTY'],2026-09-04
swing_trader_in|2026-09-05T06:58:49.934358+00:00|Nifty ne resistance todi! bullish moment,swing_trader_in,"Nifty ne resistance todi! bullish momentum building, 22548 ke upar accumulate karo #sensex Kya lagta hai aap logo ka?",2026-09-05 06:58:49.934358+00:00,14,2,1,"['sensex', 'banknifty']",[],sensex,2026-09-05 19:16:04.293993+00:00,[],2026-09-05
"niftyguru|2026-09-05T18:40:04.644455+00:00|बाजार में तेजी है, 48003 के ऊपर खरीदारी ",niftyguru,"बाजार में तेजी है, 48003 के ऊपर खरीदारी का मौका #nifty50 #stockmarket #trading",2026-09-05 18:40:04.644455+00:00,15,3,0,['nifty50'],[],nifty50,2026-09-05 19:16:04.289751+00:00,[],2026-09-05
bull_on_dalal_st|2026-09-05T14:26:38.537072+00:00|Nifty ne resistance todi! bullish moment,bull_on_dalal_st,"Nifty ne resistance todi! bullish momentum building, 50621 ke upar accumulate karo #intraday #stockmarket #trading TCS also in focus.",2026-09-05 14:26:38.537072+00:00,1,0,0,['intraday'],[],intraday,2026-09-05 19:16:04.288163+00:00,[],2026-09-05
"riskmanager_99|2026-09-05T03:05:19.166066+00:00|#sensex breaking down below 49173, expec",riskmanager_99,"#sensex breaking down below 49173, expecting further downside to 49023 Thoughts?",2026-09-05 03:05:19.166066+00:00,0,0,0,"['sensex', 'sensex']",[],sensex,2026-09-05 19:16:04.285600+00:00,[],2026-09-05
"sensex_scalper|2026-09-05T18:17:05.016491+00:00|#nifty50 update: flat session so far, vo",sensex_scalper,"#nifty50 update: flat session so far, volumes low ahead of RBI policy Keep an eye on FII/DII data. ICICI Bank also in focus.",2026-09-05 18:17:05.016491+00:00,13,1,1,['nifty50'],[],nifty50,2026-09-05 19:16:04.303221+00:00,[],2026-09-05
"the_bear_desk|2026-09-05T13:21:50.446469+00:00|बाजार में तेजी है, 22432 के ऊपर खरीदारी -dup",the_bear_desk,"बाजार में तेजी है, 22432 के ऊपर खरीदारी का मौका #intraday Volume bhi zyada hai aaj.",2026-09-05 13:21:50.446469+00:00,14,2,2,['intraday'],[],intraday,2026-09-05 19:16:04.315037+00:00,[],2026-09-05
"sensex_scalper|2026-09-04T18:54:35.943465+00:00|Gap up opening expected for #sensex, 495",sensex_scalper,"Gap up opening expected for #sensex, 49536 is the level to watch #stockmarket #trading",2026-09-04 18:54:35.943465+00:00,6,0,0,['sensex'],[],sensex,2026-09-05 19:16:04.253259+00:00,[],2026-09-04
"intraday_ishaan|2026-09-05T12:11:56.357984+00:00|बाजार में तेजी है, 49413 के ऊपर खरीदारी -dup",intraday_ishaan,"बाजार में तेजी है, 49413 के ऊपर खरीदारी का मौका #intraday Kya lagta hai aap logo ka? TCS also in focus.",2026-09-05 12:11:56.357984+00:00,10,1,0,['intraday'],['user_3850f6'],intraday,2026-09-05 19:16:04.313610+00:00,[],2026-09-05
MarketMaverick|2026-09-05T13:43:24.487367+00:00|Positional buy initiated on #intraday ab,MarketMaverick,"Positional buy initiated on #intraday above 50410, SL below 50710 Options data suggests the same.",2026-09-05 13:43:24.487367+00:00,13,3,1,"['intraday', 'banknifty']",[],intraday,2026-09-05 19:16:04.274308+00:00,[],2026-09-05
chartwizard|2026-09-05T17:50:31.036916+00:00|Nifty ne resistance todi! bullish moment,chartwizard,"Nifty ne resistance todi! bullish momentum building, 50180 ke upar accumulate karo #banknifty #stockmarket #trading",2026-09-05 17:50:31.036916+00:00,4,1,0,['banknifty'],[],banknifty,2026-09-05 19:16:04.273654+00:00,[],2026-09-05
"the_bear_desk|2026-09-05T05:23:30.645415+00:00|Watching #intraday closely, no clear tre",the_bear_desk,"Watching #intraday closely, no clear trend yet. What's everyone's view on 48784? Budget session ahead, stay alert.",2026-09-05 05:23:30.645415+00:00,5,0,0,['intraday'],[],intraday,2026-09-05 19:16:04.263846+00:00,[],2026-09-05
"niftyguru|2026-09-05T12:26:41.981877+00:00|FIIs buying heavily today, #banknifty co",niftyguru,"FIIs buying heavily today, #banknifty could test 48379 by expiry #optionstrading #dalalstreet",2026-09-05 12:26:41.981877+00:00,7,1,0,"['banknifty', 'nifty50']",[],banknifty,2026-09-05 19:16:04.291023+00:00,[],2026-09-05
trader_raj|2026-09-05T03:04:46.397637+00:00|Short positions added on #nifty50 below ,trader_raj,"Short positions added on #nifty50 below 22501, target 22651 Options data suggests the same.",2026-09-05 03:04:46.397637+00:00,7,0,0,['nifty50'],[],nifty50,2026-09-05 19:16:04.293541+00:00,[],2026-09-05
"trader_raj|2026-09-04T23:47:52.080481+00:00|Sensex rally continues, 22993 support ho",trader_raj,"Sensex rally continues, 22993 support holding well. Long positions looking good #sensex #optionstrading #dalalstreet",2026-09-04 23:47:52.080481+00:00,2,0,0,"['sensex', 'nifty50']",[],sensex,2026-09-05 19:16:04.268275+00:00,[],2026-09-04
"sensex_scalper|2026-09-04T22:36:01.582514+00:00|आज #sensex में जबरदस्त तेजी, 49966 का स्",sensex_scalper,"आज #sensex में जबरदस्त तेजी, 49966 का स्तर पार Volume bhi zyada hai aaj. Tata Motors also in focus.",2026-09-04 22:36:01.582514+00:00,13,0,0,['sensex'],[],sensex,2026-09-05 19:16:04.305205+00:00,[],2026-09-04
"MarketMaverick|2026-09-05T05:21:42.346742+00:00|Sell on rise strategy for #intraday, res",MarketMaverick,"Sell on rise strategy for #intraday, resistance at 48081 not breaking DYOR.",2026-09-05 05:21:42.346742+00:00,4,0,0,['intraday'],[],intraday,2026-09-05 19:16:04.256456+00:00,[],2026-09-05
"niftyguru|2026-09-05T09:32:44.464327+00:00|बाजार में तेजी है, 22832 के ऊपर खरीदारी ",niftyguru,"बाजार में तेजी है, 22832 के ऊपर खरीदारी का मौका #nifty50 NFA. ITC also in focus.",2026-09-05 09:32:44.464327+00:00,12,3,1,['nifty50'],[],nifty50,2026-09-05 19:16:04.285545+00:00,[],2026-09-05
"sensex_scalper|2026-09-05T00:00:58.498054+00:00|Sideways action continues on #nifty50, 4-dup",sensex_scalper,"Sideways action continues on #nifty50, 48572-48422 range holding DYOR.",2026-09-05 00:00:58.498054+00:00,10,1,1,['nifty50'],[],nifty50,2026-09-05 19:16:04.314873+00:00,[],2026-09-05
"chartwizard|2026-09-04T23:19:51.844804+00:00|बाजार में तेजी है, 50541 के ऊपर खरीदारी ",chartwizard,"बाजार में तेजी है, 50541 के ऊपर खरीदारी का मौका #intraday Volume bhi zyada hai aaj.",2026-09-04 23:19:51.844804+00:00,13,3,1,['intraday'],['user_4ab25b'],intraday,2026-09-05 19:16:04.299389+00:00,[],2026-09-04
"trader_raj|2026-09-05T11:39:37.390120+00:00|#sensex looking strong today, breakout a",trader_raj,"#sensex looking strong today, breakout above 22472, target 21852 #stockmarket #trading",2026-09-05 11:39:37.390120+00:00,9,2,1,['sensex'],[],sensex,2026-09-05 19:16:04.273588+00:00,[],2026-09-05
"chartwizard|2026-09-04T22:46:14.938437+00:00|Market crash ho sakta hai, 23208 ka supp",chartwizard,"Market crash ho sakta hai, 23208 ka support toot gaya, bearish on #nifty50 Keep an eye on FII/DII data.",2026-09-04 22:46:14.938437+00:00,12,2,2,"['nifty50', 'nifty50']",[],nifty50,2026-09-05 19:16:04.302480+00:00,[],2026-09-04
intraday_ishaan|2026-09-05T00:10:54.814015+00:00|Short positions added on #nifty50 below ,intraday_ishaan,"Short positions added on #nifty50 below 49108, target 48658",2026-09-05 00:10:54.814015+00:00,2,0,0,['nifty50'],[],nifty50,2026-09-05 19:16:04.296492+00:00,[],2026-09-05
"options_owl|2026-09-05T01:01:30.738147+00:00|मंदी का माहौल है बाज़ार में, 48194 से नी",options_owl,"मंदी का माहौल है बाज़ार में, 48194 से नीचे बिकवाली तेज #banknifty",2026-09-05 01:01:30.738147+00:00,10,2,1,"['banknifty', 'nifty50']",[],banknifty,2026-09-05 19:16:04.297406+00:00,[],2026-09-05
"dalalstreet_diary|2026-09-05T05:59:47.559551+00:00|#intraday consolidating near 21860, need",dalalstreet_diary,"#intraday consolidating near 21860, need a breakout either side #optionstrading #dalalstreet",2026-09-05 05:59:47.559551+00:00,11,0,2,['intraday'],[],intraday,2026-09-05 19:16:04.283939+00:00,[],2026-09-05
"quant_priya|2026-09-04T21:35:52.189006+00:00|#intraday forming lower lows, 49988 supp",quant_priya,"#intraday forming lower lows, 49988 support gone, next target 50288 Budget session ahead, stay alert.",2026-09-04 21:35:52.189006+00:00,2,0,0,"['intraday', 'intraday']",['user_c22a56'],intraday,2026-09-05 19:16:04.309066+00:00,[],2026-09-04
"swing_trader_in|2026-09-05T18:04:07.852797+00:00|बाजार में तेजी है, 21553 के ऊपर खरीदारी ",swing_trader_in,"बाजार में तेजी है, 21553 के ऊपर खरीदारी का मौका #sensex Keep an eye on FII/DII data.",2026-09-05 18:04:07.852797+00:00,7,1,1,['sensex'],[],sensex,2026-09-05 19:16:04.302360+00:00,[],2026-09-05
"riskmanager_99|2026-09-04T20:43:46.264694+00:00|Global cues supportive, #nifty50 likely ",riskmanager_99,"Global cues supportive, #nifty50 likely to open above 48556 tomorrow NFA.",2026-09-04 20:43:46.264694+00:00,15,3,0,"['nifty50', 'sensex']",[],nifty50,2026-09-05 19:16:04.298090+00:00,[],2026-09-04
"intraday_ishaan|2026-09-05T07:07:06.999223+00:00|Global cues supportive, #sensex likely t",intraday_ishaan,"Global cues supportive, #sensex likely to open above 22076 tomorrow",2026-09-05 07:07:06.999223+00:00,10,2,1,"['sensex', 'banknifty']",[],sensex,2026-09-05 19:16:04.301808+00:00,[],2026-09-05
"quant_priya|2026-09-05T09:34:33.266085+00:00|Panic selling in #nifty50, 50314 breakdo",quant_priya,"Panic selling in #nifty50, 50314 breakdown confirmed, stop loss hit Kya lagta hai aap logo ka?",2026-09-05 09:34:33.266085+00:00,11,0,0,['nifty50'],[],nifty50,2026-09-05 19:16:04.305230+00:00,[],2026-09-05
"banknifty_baba|2026-09-05T03:11:41.995145+00:00|Buy the dip on 21869, 22489 target for s-dup",banknifty_baba,"Buy the dip on 21869, 22489 target for swing trade #intraday $NIFTY Budget session ahead, stay alert.",2026-09-05 03:11:41.995145+00:00,1,0,0,['intraday'],[],intraday,2026-09-05 19:16:04.314518+00:00,['NIFTY'],2026-09-05
"niftyguru|2026-09-05T00:39:05.132067+00:00|FIIs buying heavily today, #sensex could-dup",niftyguru,"FIIs buying heavily today, #sensex could test 23680 by expiry RBI policy day today.",2026-09-05 00:39:05.132067+00:00,2,0,0,['sensex'],[],sensex,2026-09-05 19:16:04.315046+00:00,[],2026-09-05
niftyguru|2026-09-05T04:12:19.069235+00:00|Nifty ne resistance todi! bullish moment,niftyguru,"Nifty ne resistance todi! bullish momentum building, 22517 ke upar accumulate karo #nifty50",2026-09-05 04:12:19.069235+00:00,7,1,0,"['nifty50', 'banknifty']",[],nifty50,2026-09-05 19:16:04.308092+00:00,[],2026-09-05
options_owl|2026-09-04T19:08:47.518499+00:00|Profit booking seen in #sensex near 2288,options_owl,"Profit booking seen in #sensex near 22880, caution advised RBI policy day today.",2026-09-04 19:08:47.518499+00:00,7,0,0,['sensex'],[],sensex,2026-09-05 19:16:04.281269+00:00,[],2026-09-04
"sensex_scalper|2026-09-05T07:58:56.737260+00:00|#intraday consolidating near 49079, need",sensex_scalper,"#intraday consolidating near 49079, need a breakout either side",2026-09-05 07:58:56.737260+00:00,7,0,0,['intraday'],[],intraday,2026-09-05 19:16:04.312443+00:00,[],2026-09-05
"bull_on_dalal_st|2026-09-04T22:37:53.726422+00:00|आज #nifty50 में भारी गिरावट, 23340 का सप",bull_on_dalal_st,"आज #nifty50 में भारी गिरावट, 23340 का सपोर्ट टूटा Options data suggests the same.",2026-09-04 22:37:53.726422+00:00,10,2,0,['nifty50'],[],nifty50,2026-09-05 19:16:04.272883+00:00,[],2026-09-04
"riskmanager_99|2026-09-05T11:04:34.702617+00:00|Sensex rally continues, 22732 support ho-dup",riskmanager_99,"Sensex rally continues, 22732 support holding well. Long positions looking good #banknifty Keep an eye on FII/DII data.",2026-09-05 11:04:34.702617+00:00,15,1,1,"['banknifty', 'sensex']",[],banknifty,2026-09-05 19:16:04.314767+00:00,[],2026-09-05
"bull_on_dalal_st|2026-09-04T23:12:41.318652+00:00|आज #nifty50 में भारी गिरावट, 50218 का सप",bull_on_dalal_st,"आज #nifty50 में भारी गिरावट, 50218 का सपोर्ट टूटा Keep an eye on FII/DII data.",2026-09-04 23:12:41.318652+00:00,11,1,0,"['nifty50', 'intraday']",[],nifty50,2026-09-05 19:16:04.263421+00:00,[],2026-09-04
"trader_raj|2026-09-05T17:20:45.839500+00:00|Gap up opening expected for #nifty50, 49",trader_raj,"Gap up opening expected for #nifty50, 49733 is the level to watch NFA.",2026-09-05 17:20:45.839500+00:00,1,0,0,['nifty50'],[],nifty50,2026-09-05 19:16:04.254891+00:00,[],2026-09-05
"algo_anil|2026-09-05T03:48:24.154066+00:00|Panic selling in #sensex, 22304 breakdow",algo_anil,"Panic selling in #sensex, 22304 breakdown confirmed, stop loss hit Options data suggests the same.",2026-09-05 03:48:24.154066+00:00,5,1,0,"['sensex', 'nifty50']",[],sensex,2026-09-05 19:16:04.276524+00:00,[],2026-09-05
"MarketMaverick|2026-09-05T05:44:03.705374+00:00|#sensex looking strong today, breakout a",MarketMaverick,"#sensex looking strong today, breakout above 22653, target 22953 Keep an eye on FII/DII data.",2026-09-05 05:44:03.705374+00:00,4,1,0,['sensex'],[],sensex,2026-09-05 19:16:04.256623+00:00,[],2026-09-05
"chartwizard|2026-09-05T02:39:44.717052+00:00|बाजार में तेजी है, 23135 के ऊपर खरीदारी ",chartwizard,"बाजार में तेजी है, 23135 के ऊपर खरीदारी का मौका #nifty50 #stockmarket #trading",2026-09-05 02:39:44.717052+00:00,1,0,0,['nifty50'],[],nifty50,2026-09-05 19:16:04.279029+00:00,[],2026-09-05
"dalalstreet_diary|2026-09-05T06:26:33.262274+00:00|आज #nifty50 में जबरदस्त तेजी, 23417 का स",dalalstreet_diary,"आज #nifty50 में जबरदस्त तेजी, 23417 का स्तर पार RBI policy day today.",2026-09-05 06:26:33.262274+00:00,15,2,0,['nifty50'],[],nifty50,2026-09-05 19:16:04.282303+00:00,[],2026-09-05
"bull_on_dalal_st|2026-09-05T03:27:05.708014+00:00|#intraday forming lower lows, 49058 supp",bull_on_dalal_st,"#intraday forming lower lows, 49058 support gone, next target 48908 HDFC Bank also in focus.",2026-09-05 03:27:05.708014+00:00,5,0,0,['intraday'],[],intraday,2026-09-05 19:16:04.252148+00:00,[],2026-09-05
algo_anil|2026-09-05T12:03:58.465318+00:00|Positional buy initiated on #intraday ab,algo_anil,"Positional buy initiated on #intraday above 50501, SL below 51301 #stockmarket #trading",2026-09-05 12:03:58.465318+00:00,12,3,0,['intraday'],['user_7818bd'],intraday,2026-09-05 19:16:04.302341+00:00,[],2026-09-05
"intraday_ishaan|2026-09-05T01:50:41.895735+00:00|Sensex rally continues, 50374 support ho",intraday_ishaan,"Sensex rally continues, 50374 support holding well. Long positions looking good #intraday RBI policy day today. ITC also in focus.",2026-09-05 01:50:41.895735+00:00,5,0,0,['intraday'],['user_a517d6'],intraday,2026-09-05 19:16:04.277526+00:00,[],2026-09-05
"banknifty_baba|2026-09-05T02:32:44.649892+00:00|Tejji ka mahaul hai #sensex mein, 21615 -dup",banknifty_baba,"Tejji ka mahaul hai #sensex mein, 21615 pe strong buying dekhi Volume bhi zyada hai aaj.",2026-09-05 02:32:44.649892+00:00,9,2,1,['sensex'],[],sensex,2026-09-05 19:16:04.313873+00:00,[],2026-09-05
"quant_priya|2026-09-05T16:31:31.582800+00:00|Tejji ka mahaul hai #sensex mein, 23144 ",quant_priya,"Tejji ka mahaul hai #sensex mein, 23144 pe strong buying dekhi RBI policy day today.",2026-09-05 16:31:31.582800+00:00,11,1,0,['sensex'],['user_3e3bd1'],sensex,2026-09-05 19:16:04.273779+00:00,[],2026-09-05
"banknifty_baba|2026-09-04T21:10:15.043844+00:00|Watching #banknifty closely, no clear tr",banknifty_baba,"Watching #banknifty closely, no clear trend yet. What's everyone's view on 49583?",2026-09-04 21:10:15.043844+00:00,1,0,0,['banknifty'],['user_5e32f9'],banknifty,2026-09-05 19:16:04.262934+00:00,[],2026-09-04
"quant_priya|2026-09-05T14:42:09.237020+00:00|Sell on rise strategy for #nifty50, resi",quant_priya,"Sell on rise strategy for #nifty50, resistance at 23416 not breaking",2026-09-05 14:42:09.237020+00:00,7,1,0,['nifty50'],[],nifty50,2026-09-05 19:16:04.277864+00:00,[],2026-09-05
"options_owl|2026-09-05T17:08:25.527806+00:00|#nifty50 breaking down below 50089, expe",options_owl,"#nifty50 breaking down below 50089, expecting further downside to 50889 NFA. TCS also in focus.",2026-09-05 17:08:25.527806+00:00,5,1,0,['nifty50'],['user_a47330'],nifty50,2026-09-05 19:16:04.270979+00:00,[],2026-09-05
"dalalstreet_diary|2026-09-05T04:44:09.760508+00:00|Watching #nifty50 closely, no clear tren",dalalstreet_diary,"Watching #nifty50 closely, no clear trend yet. What's everyone's view on 22459?",2026-09-05 04:44:09.760508+00:00,7,1,0,['nifty50'],[],nifty50,2026-09-05 19:16:04.263651+00:00,[],2026-09-05
"sensex_scalper|2026-09-05T09:24:04.385877+00:00|Tejji ka mahaul hai #sensex mein, 48206 ",sensex_scalper,"Tejji ka mahaul hai #sensex mein, 48206 pe strong buying dekhi RBI policy day today. Bajaj Finance also in focus.",2026-09-05 09:24:04.385877+00:00,0,0,0,"['sensex', 'banknifty']",[],sensex,2026-09-05 19:16:04.285879+00:00,[],2026-09-05
"options_owl|2026-09-04T22:43:44.640019+00:00|बाजार में तेजी है, 22218 के ऊपर खरीदारी ",options_owl,"बाजार में तेजी है, 22218 के ऊपर खरीदारी का मौका #nifty50 Volume bhi zyada hai aaj.",2026-09-04 22:43:44.640019+00:00,1,0,0,['nifty50'],['user_7c47ce'],nifty50,2026-09-05 19:16:04.273986+00:00,[],2026-09-04
"the_bear_desk|2026-09-05T17:27:27.191055+00:00|आज #banknifty में जबरदस्त तेजी, 22636 का",the_bear_desk,"आज #banknifty में जबरदस्त तेजी, 22636 का स्तर पार #optionstrading #dalalstreet",2026-09-05 17:27:27.191055+00:00,8,0,1,['banknifty'],[],banknifty,2026-09-05 19:16:04.274528+00:00,[],2026-09-05
"dalalstreet_diary|2026-09-05T04:38:17.918127+00:00|Panic selling in #nifty50, 22027 breakdo",dalalstreet_diary,"Panic selling in #nifty50, 22027 breakdown confirmed, stop loss hit Keep an eye on FII/DII data.",2026-09-05 04:38:17.918127+00:00,8,2,0,['nifty50'],[],nifty50,2026-09-05 19:16:04.287115+00:00,[],2026-09-05
"MarketMaverick|2026-09-05T02:00:17.197910+00:00|#intraday showing higher highs, 21881 br",MarketMaverick,"#intraday showing higher highs, 21881 broken with volume, next stop 22181 Options data suggests the same.",2026-09-05 02:00:17.197910+00:00,14,0,2,['intraday'],[],intraday,2026-09-05 19:16:04.292791+00:00,[],2026-09-05
"MarketMaverick|2026-09-05T05:10:42.102696+00:00|Low volume day for #sensex, market await",MarketMaverick,"Low volume day for #sensex, market awaiting 50171 confirmation",2026-09-05 05:10:42.102696+00:00,3,0,0,['sensex'],[],sensex,2026-09-05 19:16:04.287977+00:00,[],2026-09-05
bull_on_dalal_st|2026-09-05T03:20:40.639060+00:00|Nifty ne resistance todi! bullish moment-dup,bull_on_dalal_st,"Nifty ne resistance todi! bullish momentum building, 50640 ke upar accumulate karo #sensex Let's see how it closes.",2026-09-05 03:20:40.639060+00:00,6,0,1,['sensex'],[],sensex,2026-09-05 19:16:04.314990+00:00,[],2026-09-05
"intraday_ishaan|2026-09-05T17:37:07.532802+00:00|Global cues supportive, #nifty50 likely ",intraday_ishaan,"Global cues supportive, #nifty50 likely to open above 50061 tomorrow",2026-09-05 17:37:07.532802+00:00,0,0,0,['nifty50'],[],nifty50,2026-09-05 19:16:04.254934+00:00,[],2026-09-05
"bull_on_dalal_st|2026-09-05T03:21:49.808959+00:00|FIIs buying heavily today, #banknifty co",bull_on_dalal_st,"FIIs buying heavily today, #banknifty could test 23171 by expiry Let's see how it closes.",2026-09-05 03:21:49.808959+00:00,3,0,0,['banknifty'],[],banknifty,2026-09-05 19:16:04.312541+00:00,[],2026-09-05
"dalalstreet_diary|2026-09-04T21:13:20.529413+00:00|Sell on rise strategy for #nifty50, resi",dalalstreet_diary,"Sell on rise strategy for #nifty50, resistance at 22102 not breaking Volume bhi zyada hai aaj.",2026-09-04 21:13:20.529413+00:00,9,1,0,"['nifty50', 'banknifty']",[],nifty50,2026-09-05 19:16:04.265098+00:00,[],2026-09-04
dalalstreet_diary|2026-09-05T05:46:56.578247+00:00|Positional buy initiated on #intraday ab,dalalstreet_diary,"Positional buy initiated on #intraday above 49597, SL below 50217 Budget session ahead, stay alert.",2026-09-05 05:46:56.578247+00:00,13,3,2,"['intraday', 'nifty50']",[],intraday,2026-09-05 19:16:04.262849+00:00,[],2026-09-05
"intraday_ishaan|2026-09-05T14:14:30.537776+00:00|Global cues supportive, #sensex likely t",intraday_ishaan,"Global cues supportive, #sensex likely to open above 49089 tomorrow Bajaj Finance also in focus.",2026-09-05 14:14:30.537776+00:00,14,2,1,"['sensex', 'sensex']",[],sensex,2026-09-05 19:16:04.262695+00:00,[],2026-09-05
"swing_trader_in|2026-09-05T14:51:39.091419+00:00|Sensex rally continues, 22094 support ho",swing_trader_in,"Sensex rally continues, 22094 support holding well. Long positions looking good #nifty50",2026-09-05 14:51:39.091419+00:00,10,1,1,['nifty50'],[],nifty50,2026-09-05 19:16:04.309914+00:00,[],2026-09-05
quant_priya|2026-09-05T04:03:27.252465+00:00|Positional buy initiated on #intraday ab,quant_priya,"Positional buy initiated on #intraday above 48780, SL below 48160 RBI policy day today. HDFC Bank also in focus.",2026-09-05 04:03:27.252465+00:00,1,0,0,['intraday'],['user_32791c'],intraday,2026-09-05 19:16:04.254072+00:00,[],2026-09-05
"dalalstreet_diary|2026-09-05T08:33:26.149809+00:00|FIIs buying heavily today, #sensex could",dalalstreet_diary,"FIIs buying heavily today, #sensex could test 47651 by expiry #optionstrading #dalalstreet",2026-09-05 08:33:26.149809+00:00,7,0,0,['sensex'],[],sensex,2026-09-05 19:16:04.299784+00:00,[],2026-09-05
"swing_trader_in|2026-09-04T20:48:05.531647+00:00|Watching #intraday closely, no clear tre",swing_trader_in,"Watching #intraday closely, no clear trend yet. What's everyone's view on 22152? NFA.",2026-09-04 20:48:05.531647+00:00,1,0,0,['intraday'],[],intraday,2026-09-05 19:16:04.254973+00:00,[],2026-09-04
"dalalstreet_diary|2026-09-05T02:19:57.669048+00:00|Gap up opening expected for #banknifty, ",dalalstreet_diary,"Gap up opening expected for #banknifty, 50368 is the level to watch",2026-09-05 02:19:57.669048+00:00,6,1,0,"['banknifty', 'sensex']",['user_04ea16'],banknifty,2026-09-05 19:16:04.252757+00:00,[],2026-09-05
the_bear_desk|2026-09-05T14:49:08.809715+00:00|#sensex range-bound between 50130 and 50-dup,the_bear_desk,"#sensex range-bound between 50130 and 50930 today, waiting for a clear direction Kya lagta hai aap logo ka?",2026-09-05 14:49:08.809715+00:00,8,0,0,['sensex'],[],sensex,2026-09-05 19:16:04.314499+00:00,[],2026-09-05
"banknifty_baba|2026-09-05T17:41:26.904014+00:00|बाजार में तेजी है, 50979 के ऊपर खरीदारी ",banknifty_baba,"बाजार में तेजी है, 50979 के ऊपर खरीदारी का मौका #banknifty Let's see how it closes.",2026-09-05 17:41:26.904014+00:00,3,0,0,['banknifty'],[],banknifty,2026-09-05 19:16:04.275786+00:00,[],2026-09-05
"niftyguru|2026-09-05T06:38:06.062665+00:00|#banknifty consolidating near 47914, nee",niftyguru,"#banknifty consolidating near 47914, need a breakout either side Options data suggests the same. Tata Motors also in focus.",2026-09-05 06:38:06.062665+00:00,13,3,2,['banknifty'],[],banknifty,2026-09-05 19:16:04.305595+00:00,[],2026-09-05
"options_owl|2026-09-05T14:15:44.022613+00:00|Gap up opening expected for #banknifty, ",options_owl,"Gap up opening expected for #banknifty, 48818 is the level to watch Let's see how it closes.",2026-09-05 14:15:44.022613+00:00,3,0,0,['banknifty'],[],banknifty,2026-09-05 19:16:04.274911+00:00,[],2026-09-05
"banknifty_baba|2026-09-05T18:10:34.672654+00:00|Mixed signals on #sensex today, 48625 ac",banknifty_baba,"Mixed signals on #sensex today, 48625 acting as a pivot #stockmarket #trading",2026-09-05 18:10:34.672654+00:00,5,0,0,"['sensex', 'nifty50']",['user_c3e9ad'],sensex,2026-09-05 19:16:04.301887+00:00,[],2026-09-05
"trader_raj|2026-09-05T08:22:23.442938+00:00|आज #banknifty में भारी गिरावट, 23386 का ",trader_raj,"आज #banknifty में भारी गिरावट, 23386 का सपोर्ट टूटा Budget session ahead, stay alert.",2026-09-05 08:22:23.442938+00:00,3,0,0,['banknifty'],[],banknifty,2026-09-05 19:16:04.264012+00:00,[],2026-09-05
"intraday_ishaan|2026-09-05T10:17:31.484874+00:00|Global markets weak overnight, #banknift",intraday_ishaan,"Global markets weak overnight, #banknifty may gap down below 49650 Volume bhi zyada hai aaj.",2026-09-05 10:17:31.484874+00:00,13,2,1,['banknifty'],[],banknifty,2026-09-05 19:16:04.311709+00:00,[],2026-09-05
"intraday_ishaan|2026-09-04T21:08:52.720603+00:00|Market crash ho sakta hai, 48943 ka supp",intraday_ishaan,"Market crash ho sakta hai, 48943 ka support toot gaya, bearish on #nifty50",2026-09-04 21:08:52.720603+00:00,1,0,0,['nifty50'],[],nifty50,2026-09-05 19:16:04.258911+00:00,[],2026-09-04
"chartwizard|2026-09-04T22:49:59.629643+00:00|Buy the dip on 48551, 48701 target for s",chartwizard,"Buy the dip on 48551, 48701 target for swing trade #nifty50 $NIFTY Let's see how it closes.",2026-09-04 22:49:59.629643+00:00,6,0,0,['nifty50'],[],nifty50,2026-09-05 19:16:04.300692+00:00,['NIFTY'],2026-09-04
niftyguru|2026-09-05T18:23:47.869617+00:00|Positional buy initiated on #sensex abov,niftyguru,"Positional buy initiated on #sensex above 22115, SL below 21965 Options data suggests the same.",2026-09-05 18:23:47.869617+00:00,15,1,2,['sensex'],[],sensex,2026-09-05 19:16:04.271358+00:00,[],2026-09-05
"niftyguru|2026-09-05T07:28:13.308120+00:00|Low volume day for #intraday, market awa",niftyguru,"Low volume day for #intraday, market awaiting 22269 confirmation #stockmarket #trading",2026-09-05 07:28:13.308120+00:00,4,1,0,['intraday'],[],intraday,2026-09-05 19:16:04.275009+00:00,[],2026-09-05
"MarketMaverick|2026-09-04T22:33:13.465796+00:00|Buy the dip on 23460, 23010 target for s",MarketMaverick,"Buy the dip on 23460, 23010 target for swing trade #intraday $NIFTY",2026-09-04 22:33:13.465796+00:00,15,3,1,['intraday'],[],intraday,2026-09-05 19:16:04.304729+00:00,['NIFTY'],2026-09-04
"sensex_scalper|2026-09-05T03:27:29.653745+00:00|Buy the dip on 47511, 47361 target for s",sensex_scalper,"Buy the dip on 47511, 47361 target for swing trade #sensex $NIFTY Let's see how it closes.",2026-09-05 03:27:29.653745+00:00,7,1,0,"['sensex', 'banknifty']",[],sensex,2026-09-05 19:16:04.290459+00:00,['NIFTY'],2026-09-05
"algo_anil|2026-09-05T09:44:32.297594+00:00|Sell on rise strategy for #sensex, resis",algo_anil,"Sell on rise strategy for #sensex, resistance at 21604 not breaking Volume bhi zyada hai aaj.",2026-09-05 09:44:32.297594+00:00,10,0,0,['sensex'],['user_9365d9'],sensex,2026-09-05 19:16:04.294683+00:00,[],2026-09-05
"swing_trader_in|2026-09-05T17:24:17.027929+00:00|आज #intraday में भारी गिरावट, 21995 का स",swing_trader_in,"आज #intraday में भारी गिरावट, 21995 का सपोर्ट टूटा",2026-09-05 17:24:17.027929+00:00,13,3,1,['intraday'],[],intraday,2026-09-05 19:16:04.289211+00:00,[],2026-09-05
"banknifty_baba|2026-09-04T23:58:06.590130+00:00|FIIs buying heavily today, #sensex could",banknifty_baba,"FIIs buying heavily today, #sensex could test 22538 by expiry Kya lagta hai aap logo ka?",2026-09-04 23:58:06.590130+00:00,5,0,0,['sensex'],[],sensex,2026-09-05 19:16:04.302197+00:00,[],2026-09-04
the_bear_desk|2026-09-05T09:34:46.854522+00:00|Profit booking seen in #banknifty near 4,the_bear_desk,"Profit booking seen in #banknifty near 47897, caution advised #stockmarket #trading",2026-09-05 09:34:46.854522+00:00,1,0,0,['banknifty'],['user_fddee9'],banknifty,2026-09-05 19:16:04.280830+00:00,[],2026-09-05
"riskmanager_99|2026-09-05T04:33:33.341256+00:00|Global cues supportive, #banknifty likel",riskmanager_99,"Global cues supportive, #banknifty likely to open above 50506 tomorrow Kya lagta hai aap logo ka?",2026-09-05 04:33:33.341256+00:00,2,0,0,['banknifty'],['user_98550d'],banknifty,2026-09-05 19:16:04.291164+00:00,[],2026-09-05
"sensex_scalper|2026-09-05T10:57:45.417557+00:00|Sell on rise strategy for #sensex, resis-dup",sensex_scalper,"Sell on rise strategy for #sensex, resistance at 22258 not breaking Volume bhi zyada hai aaj.",2026-09-05 10:57:45.417557+00:00,2,0,0,['sensex'],[],sensex,2026-09-05 19:16:04.314042+00:00,[],2026-09-05
"riskmanager_99|2026-09-05T10:16:55.874308+00:00|#nifty50 showing higher highs, 48187 bro",riskmanager_99,"#nifty50 showing higher highs, 48187 broken with volume, next stop 47567 NFA.",2026-09-05 10:16:55.874308+00:00,10,1,1,"['nifty50', 'sensex']",['user_1bd0f1'],nifty50,2026-09-05 19:16:04.269444+00:00,[],2026-09-05
"chartwizard|2026-09-05T16:03:36.596004+00:00|Global cues supportive, #nifty50 likely ",chartwizard,"Global cues supportive, #nifty50 likely to open above 21962 tomorrow",2026-09-05 16:03:36.596004+00:00,9,1,1,['nifty50'],[],nifty50,2026-09-05 19:16:04.311069+00:00,[],2026-09-05
"options_owl|2026-09-05T16:22:34.195212+00:00|Panic selling in #intraday, 48126 breakd",options_owl,"Panic selling in #intraday, 48126 breakdown confirmed, stop loss hit",2026-09-05 16:22:34.195212+00:00,15,3,1,"['intraday', 'banknifty']",[],intraday,2026-09-05 19:16:04.293262+00:00,[],2026-09-05
"bull_on_dalal_st|2026-09-04T20:51:08.615056+00:00|Watching #banknifty closely, no clear tr",bull_on_dalal_st,"Watching #banknifty closely, no clear trend yet. What's everyone's view on 48679? Thoughts?",2026-09-04 20:51:08.615056+00:00,2,0,0,"['banknifty', 'intraday']",[],banknifty,2026-09-05 19:16:04.268222+00:00,[],2026-09-04
"banknifty_baba|2026-09-05T16:21:02.862809+00:00|Sideways action continues on #sensex, 22",banknifty_baba,"Sideways action continues on #sensex, 22779-22159 range holding Let's see how it closes.",2026-09-05 16:21:02.862809+00:00,9,1,0,"['sensex', 'nifty50']",[],sensex,2026-09-05 19:16:04.259186+00:00,[],2026-09-05
"niftyguru|2026-09-05T09:14:20.066468+00:00|Gap up opening expected for #nifty50, 50",niftyguru,"Gap up opening expected for #nifty50, 50559 is the level to watch DYOR.",2026-09-05 09:14:20.066468+00:00,1,0,0,['nifty50'],[],nifty50,2026-09-05 19:16:04.263801+00:00,[],2026-09-05
"MarketMaverick|2026-09-05T02:52:58.087972+00:00|आज #banknifty में जबरदस्त तेजी, 21565 का",MarketMaverick,"आज #banknifty में जबरदस्त तेजी, 21565 का स्तर पार NFA.",2026-09-05 02:52:58.087972+00:00,10,0,0,['banknifty'],[],banknifty,2026-09-05 19:16:04.256609+00:00,[],2026-09-05
"dalalstreet_diary|2026-09-04T22:48:34.657312+00:00|Sideways action continues on #intraday, ",dalalstreet_diary,"Sideways action continues on #intraday, 21503-22303 range holding #optionstrading #dalalstreet Infosys also in focus.",2026-09-04 22:48:34.657312+00:00,5,0,0,"['intraday', 'banknifty']",[],intraday,2026-09-05 19:16:04.283598+00:00,[],2026-09-04
"banknifty_baba|2026-09-05T16:27:56.102930+00:00|आज #sensex में भारी गिरावट, 50692 का सपो",banknifty_baba,"आज #sensex में भारी गिरावट, 50692 का सपोर्ट टूटा Kya lagta hai aap logo ka?",2026-09-05 16:27:56.102930+00:00,13,1,0,['sensex'],[],sensex,2026-09-05 19:16:04.272155+00:00,[],2026-09-05
"riskmanager_99|2026-09-05T17:50:44.026525+00:00|बाजार में तेजी है, 50402 के ऊपर खरीदारी ",riskmanager_99,"बाजार में तेजी है, 50402 के ऊपर खरीदारी का मौका #sensex",2026-09-05 17:50:44.026525+00:00,2,0,0,"['sensex', 'nifty50']",[],sensex,2026-09-05 19:16:04.258058+00:00,[],2026-09-05
"algo_anil|2026-09-05T10:04:08.958012+00:00|मंदी का माहौल है बाज़ार में, 22752 से नी",algo_anil,"मंदी का माहौल है बाज़ार में, 22752 से नीचे बिकवाली तेज #nifty50",2026-09-05 10:04:08.958012+00:00,15,4,1,['nifty50'],[],nifty50,2026-09-05 19:16:04.289445+00:00,[],2026-09-05
algo_anil|2026-09-05T05:19:28.936195+00:00|#intraday range-bound between 23079 and ,algo_anil,"#intraday range-bound between 23079 and 22459 today, waiting for a clear direction",2026-09-05 05:19:28.936195+00:00,8,2,1,['intraday'],['user_56333f'],intraday,2026-09-05 19:16:04.258396+00:00,[],2026-09-05
"chartwizard|2026-09-05T07:02:52.810931+00:00|Buy the dip on 23311, 22691 target for s",chartwizard,"Buy the dip on 23311, 22691 target for swing trade #sensex $NIFTY Volume bhi zyada hai aaj.",2026-09-05 07:02:52.810931+00:00,2,0,0,['sensex'],['user_16b382'],sensex,2026-09-05 19:16:04.302804+00:00,['NIFTY'],2026-09-05
"sensex_scalper|2026-09-05T06:16:24.190633+00:00|Sell on rise strategy for #intraday, res-dup",sensex_scalper,"Sell on rise strategy for #intraday, resistance at 50484 not breaking NFA.",2026-09-05 06:16:24.190633+00:00,27,3,5,"['intraday', 'intraday']",[],intraday,2026-09-05 19:16:04.314514+00:00,[],2026-09-05
"algo_anil|2026-09-05T11:48:54.190358+00:00|Sideways action continues on #banknifty,",algo_anil,"Sideways action continues on #banknifty, 50797-50177 range holding #optionstrading #dalalstreet",2026-09-05 11:48:54.190358+00:00,8,0,0,['banknifty'],['user_ea3f85'],banknifty,2026-09-05 19:16:04.277437+00:00,[],2026-09-05
"MarketMaverick|2026-09-04T19:52:15.360714+00:00|Global cues supportive, #sensex likely t",MarketMaverick,"Global cues supportive, #sensex likely to open above 22357 tomorrow #optionstrading #dalalstreet",2026-09-04 19:52:15.360714+00:00,15,1,0,['sensex'],[],sensex,2026-09-05 19:16:04.281351+00:00,[],2026-09-04
"MarketMaverick|2026-09-05T07:30:29.001018+00:00|#banknifty forming lower lows, 48792 sup",MarketMaverick,"#banknifty forming lower lows, 48792 support gone, next target 49592",2026-09-05 07:30:29.001018+00:00,10,2,0,['banknifty'],[],banknifty,2026-09-05 19:16:04.279545+00:00,[],2026-09-05
"riskmanager_99|2026-09-05T00:42:17.556544+00:00|Global markets weak overnight, #intraday",riskmanager_99,"Global markets weak overnight, #intraday may gap down below 22733 Keep an eye on FII/DII data.",2026-09-05 00:42:17.556544+00:00,8,1,0,['intraday'],[],intraday,2026-09-05 19:16:04.312260+00:00,[],2026-09-05
"bull_on_dalal_st|2026-09-04T20:04:09.451764+00:00|#nifty50 forming lower lows, 50086 suppo",bull_on_dalal_st,"#nifty50 forming lower lows, 50086 support gone, next target 49786 ICICI Bank also in focus.",2026-09-04 20:04:09.451764+00:00,1,0,0,['nifty50'],[],nifty50,2026-09-05 19:16:04.284648+00:00,[],2026-09-04
chartwizard|2026-09-05T11:40:52.742609+00:00|Nifty ne resistance todi! bullish moment,chartwizard,"Nifty ne resistance todi! bullish momentum building, 23124 ke upar accumulate karo #sensex Keep an eye on FII/DII data.",2026-09-05 11:40:52.742609+00:00,1,0,0,['sensex'],[],sensex,2026-09-05 19:16:04.295306+00:00,[],2026-09-05
"options_owl|2026-09-05T17:53:15.526960+00:00|Sensex rally continues, 48434 support ho",options_owl,"Sensex rally continues, 48434 support holding well. Long positions looking good #banknifty Volume bhi zyada hai aaj.",2026-09-05 17:53:15.526960+00:00,3,0,0,['banknifty'],[],banknifty,2026-09-05 19:16:04.311021+00:00,[],2026-09-05
"chartwizard|2026-09-05T14:57:29.823679+00:00|Tejji ka mahaul hai #intraday mein, 2290",chartwizard,"Tejji ka mahaul hai #intraday mein, 22905 pe strong buying dekhi Kya lagta hai aap logo ka?",2026-09-05 14:57:29.823679+00:00,5,1,0,"['intraday', 'nifty50']",[],intraday,2026-09-05 19:16:04.279339+00:00,[],2026-09-05
"the_bear_desk|2026-09-04T19:11:57.284288+00:00|Gap up opening expected for #nifty50, 23",the_bear_desk,"Gap up opening expected for #nifty50, 23403 is the level to watch Thoughts?",2026-09-04 19:11:57.284288+00:00,3,0,0,['nifty50'],['user_3bbbed'],nifty50,2026-09-05 19:16:04.270294+00:00,[],2026-09-04
"dalalstreet_diary|2026-09-05T09:55:46.051193+00:00|Buy the dip on 21958, 21508 target for s",dalalstreet_diary,"Buy the dip on 21958, 21508 target for swing trade #sensex $NIFTY #stockmarket #trading",2026-09-05 09:55:46.051193+00:00,0,0,0,['sensex'],[],sensex,2026-09-05 19:16:04.262484+00:00,['NIFTY'],2026-09-05
"quant_priya|2026-09-05T01:09:07.578928+00:00|आज #intraday में जबरदस्त तेजी, 49787 का ",quant_priya,"आज #intraday में जबरदस्त तेजी, 49787 का स्तर पार Let's see how it closes. HDFC Bank also in focus.",2026-09-05 01:09:07.578928+00:00,7,1,0,['intraday'],[],intraday,2026-09-05 19:16:04.288026+00:00,[],2026-09-05
"dalalstreet_diary|2026-09-05T02:39:17.372238+00:00|Sideways action continues on #nifty50, 5",dalalstreet_diary,"Sideways action continues on #nifty50, 50951-51251 range holding Thoughts?",2026-09-05 02:39:17.372238+00:00,5,0,0,['nifty50'],['user_d302ab'],nifty50,2026-09-05 19:16:04.273504+00:00,[],2026-09-05
"banknifty_baba|2026-09-05T09:24:49.359521+00:00|Global markets weak overnight, #nifty50 ",banknifty_baba,"Global markets weak overnight, #nifty50 may gap down below 22471 Thoughts?",2026-09-05 09:24:49.359521+00:00,4,0,0,['nifty50'],[],nifty50,2026-09-05 19:16:04.306915+00:00,[],2026-09-05
"swing_trader_in|2026-09-04T23:31:09.795406+00:00|Panic selling in #banknifty, 49411 break",swing_trader_in,"Panic selling in #banknifty, 49411 breakdown confirmed, stop loss hit",2026-09-04 23:31:09.795406+00:00,15,2,0,['banknifty'],['user_4b2fcc'],banknifty,2026-09-05 19:16:04.276621+00:00,[],2026-09-04
"sensex_scalper|2026-09-05T15:26:24.227141+00:00|मंदी का माहौल है बाज़ार में, 50317 से नी",sensex_scalper,"मंदी का माहौल है बाज़ार में, 50317 से नीचे बिकवाली तेज #intraday DYOR.",2026-09-05 15:26:24.227141+00:00,1,0,0,"['intraday', 'intraday']",[],intraday,2026-09-05 19:16:04.276425+00:00,[],2026-09-05
"niftyguru|2026-09-05T13:12:57.695170+00:00|Market crash ho sakta hai, 50023 ka supp",niftyguru,"Market crash ho sakta hai, 50023 ka support toot gaya, bearish on #intraday",2026-09-05 13:12:57.695170+00:00,7,1,0,['intraday'],[],intraday,2026-09-05 19:16:04.295383+00:00,[],2026-09-05
"niftyguru|2026-09-05T07:07:57.610266+00:00|Buy the dip on 22027, 21877 target for s",niftyguru,"Buy the dip on 22027, 21877 target for swing trade #sensex $NIFTY",2026-09-05 07:07:57.610266+00:00,7,1,1,['sensex'],[],sensex,2026-09-05 19:16:04.310854+00:00,['NIFTY'],2026-09-05
"quant_priya|2026-09-04T22:17:50.680486+00:00|#banknifty showing higher highs, 21799 b",quant_priya,"#banknifty showing higher highs, 21799 broken with volume, next stop 22599",2026-09-04 22:17:50.680486+00:00,1,0,0,['banknifty'],[],banknifty,2026-09-05 19:16:04.267682+00:00,[],2026-09-04
sensex_scalper|2026-09-05T10:32:31.086122+00:00|Nifty ne resistance todi! bullish moment,sensex_scalper,"Nifty ne resistance todi! bullish momentum building, 23367 ke upar accumulate karo #intraday",2026-09-05 10:32:31.086122+00:00,11,2,1,['intraday'],[],intraday,2026-09-05 19:16:04.289189+00:00,[],2026-09-05
"banknifty_baba|2026-09-04T20:28:13.100869+00:00|Global cues supportive, #sensex likely t",banknifty_baba,"Global cues supportive, #sensex likely to open above 21600 tomorrow NFA.",2026-09-04 20:28:13.100869+00:00,2,0,0,"['sensex', 'sensex']",['user_c08b39'],sensex,2026-09-05 19:16:04.290858+00:00,[],2026-09-04
"options_owl|2026-09-05T13:25:20.412565+00:00|Global markets weak overnight, #sensex m",options_owl,"Global markets weak overnight, #sensex may gap down below 50645 Kya lagta hai aap logo ka? Adani Enterprises also in focus.",2026-09-05 13:25:20.412565+00:00,1,0,0,['sensex'],[],sensex,2026-09-05 19:16:04.288701+00:00,[],2026-09-05
"bull_on_dalal_st|2026-09-05T07:26:05.694323+00:00|Panic selling in #intraday, 23490 breakd",bull_on_dalal_st,"Panic selling in #intraday, 23490 breakdown confirmed, stop loss hit Options data suggests the same.",2026-09-05 07:26:05.694323+00:00,1,0,0,"['intraday', 'sensex']",[],intraday,2026-09-05 19:16:04.303585+00:00,[],2026-09-05
"niftyguru|2026-09-05T04:09:29.196776+00:00|Sensex rally continues, 49998 support ho",niftyguru,"Sensex rally continues, 49998 support holding well. Long positions looking good #sensex Let's see how it closes.",2026-09-05 04:09:29.196776+00:00,11,2,0,['sensex'],[],sensex,2026-09-05 19:16:04.301485+00:00,[],2026-09-05
"quant_priya|2026-09-05T02:43:13.796884+00:00|आज #nifty50 में भारी गिरावट, 23253 का सप",quant_priya,"आज #nifty50 में भारी गिरावट, 23253 का सपोर्ट टूटा DYOR.",2026-09-05 02:43:13.796884+00:00,2,0,0,"['nifty50', 'sensex']",[],nifty50,2026-09-05 19:16:04.267462+00:00,[],2026-09-05
"options_owl|2026-09-04T19:15:27.383662+00:00|Sell on rise strategy for #sensex, resis",options_owl,"Sell on rise strategy for #sensex, resistance at 49004 not breaking Options data suggests the same.",2026-09-04 19:15:27.383662+00:00,6,1,0,"['sensex', 'intraday']",[],sensex,2026-09-05 19:16:04.292962+00:00,[],2026-09-04
"banknifty_baba|2026-09-04T23:45:20.023514+00:00|Tejji ka mahaul hai #nifty50 mein, 21526",banknifty_baba,"Tejji ka mahaul hai #nifty50 mein, 21526 pe strong buying dekhi Options data suggests the same.",2026-09-04 23:45:20.023514+00:00,3,0,0,['nifty50'],[],nifty50,2026-09-05 19:16:04.280506+00:00,[],2026-09-04
"banknifty_baba|2026-09-05T18:43:34.954238+00:00|Mixed signals on #banknifty today, 49717",banknifty_baba,"Mixed signals on #banknifty today, 49717 acting as a pivot Let's see how it closes.",2026-09-05 18:43:34.954238+00:00,15,1,2,"['banknifty', 'intraday']",[],banknifty,2026-09-05 19:16:04.306280+00:00,[],2026-09-05
"quant_priya|2026-09-05T10:55:57.246464+00:00|Sideways action continues on #sensex, 22",quant_priya,"Sideways action continues on #sensex, 22790-22490 range holding Keep an eye on FII/DII data.",2026-09-05 10:55:57.246464+00:00,8,1,0,"['sensex', 'nifty50']",['user_bec142'],sensex,2026-09-05 19:16:04.305931+00:00,[],2026-09-05
"banknifty_baba|2026-09-05T02:55:28.960822+00:00|Mixed signals on #banknifty today, 50286",banknifty_baba,"Mixed signals on #banknifty today, 50286 acting as a pivot #stockmarket #trading",2026-09-05 02:55:28.960822+00:00,1,0,0,['banknifty'],[],banknifty,2026-09-05 19:16:04.301989+00:00,[],2026-09-05
"trader_raj|2026-09-05T00:28:13.274959+00:00|#nifty50 consolidating near 47866, need ",trader_raj,"#nifty50 consolidating near 47866, need a breakout either side NFA.",2026-09-05 00:28:13.274959+00:00,2,0,0,"['nifty50', 'sensex']",[],nifty50,2026-09-05 19:16:04.260831+00:00,[],2026-09-05
riskmanager_99|2026-09-05T00:38:43.164709+00:00|Short positions added on #intraday below,riskmanager_99,"Short positions added on #intraday below 49087, target 48467 DYOR.",2026-09-05 00:38:43.164709+00:00,5,0,0,['intraday'],[],intraday,2026-09-05 19:16:04.310619+00:00,[],2026-09-05
"MarketMaverick|2026-09-04T19:48:43.813598+00:00|Watching #sensex closely, no clear trend",MarketMaverick,"Watching #sensex closely, no clear trend yet. What's everyone's view on 22686? DYOR.",2026-09-04 19:48:43.813598+00:00,1,0,0,['sensex'],['user_079e14'],sensex,2026-09-05 19:16:04.290688+00:00,[],2026-09-04
"quant_priya|2026-09-04T23:48:09.390672+00:00|Sensex rally continues, 22317 support ho",quant_priya,"Sensex rally continues, 22317 support holding well. Long positions looking good #sensex RBI policy day today.",2026-09-04 23:48:09.390672+00:00,5,1,0,['sensex'],[],sensex,2026-09-05 19:16:04.278544+00:00,[],2026-09-04
"swing_trader_in|2026-09-05T14:51:17.862686+00:00|#sensex breaking down below 50427, expec",swing_trader_in,"#sensex breaking down below 50427, expecting further downside to 50727",2026-09-05 14:51:17.862686+00:00,2690,478,469,['sensex'],[],sensex,2026-09-05 19:16:04.297741+00:00,[],2026-09-05
"chartwizard|2026-09-04T23:06:09.536194+00:00|Gap up opening expected for #intraday, 4",chartwizard,"Gap up opening expected for #intraday, 48875 is the level to watch Budget session ahead, stay alert. TCS also in focus.",2026-09-04 23:06:09.536194+00:00,6,1,0,['intraday'],[],intraday,2026-09-05 19:16:04.256156+00:00,[],2026-09-04
MarketMaverick|2026-09-05T12:09:09.346544+00:00|Nifty ne resistance todi! bullish moment,MarketMaverick,"Nifty ne resistance todi! bullish momentum building, 23282 ke upar accumulate karo #banknifty Thoughts?",2026-09-05 12:09:09.346544+00:00,1,0,0,['banknifty'],['user_d59e4e'],banknifty,2026-09-05 19:16:04.300911+00:00,[],2026-09-05
"trader_raj|2026-09-05T06:43:55.392328+00:00|Panic selling in #banknifty, 22061 break",trader_raj,"Panic selling in #banknifty, 22061 breakdown confirmed, stop loss hit Keep an eye on FII/DII data.",2026-09-05 06:43:55.392328+00:00,3,0,0,['banknifty'],[],banknifty,2026-09-05 19:16:04.292694+00:00,[],2026-09-05
"intraday_ishaan|2026-09-05T15:16:28.033203+00:00|Watching #nifty50 closely, no clear tren",intraday_ishaan,"Watching #nifty50 closely, no clear trend yet. What's everyone's view on 22646?",2026-09-05 15:16:28.033203+00:00,8,2,1,"['nifty50', 'nifty50']",[],nifty50,2026-09-05 19:16:04.306366+00:00,[],2026-09-05
"banknifty_baba|2026-09-05T18:23:27.387817+00:00|Market crash ho sakta hai, 23424 ka supp",banknifty_baba,"Market crash ho sakta hai, 23424 ka support toot gaya, bearish on #sensex Options data suggests the same.",2026-09-05 18:23:27.387817+00:00,3,0,0,['sensex'],[],sensex,2026-09-05 19:16:04.263824+00:00,[],2026-09-05
"quant_priya|2026-09-05T17:14:25.309976+00:00|Market crash ho sakta hai, 50948 ka supp",quant_priya,"Market crash ho sakta hai, 50948 ka support toot gaya, bearish on #nifty50 DYOR. Infosys also in focus.",2026-09-05 17:14:25.309976+00:00,5,1,0,['nifty50'],[],nifty50,2026-09-05 19:16:04.305948+00:00,[],2026-09-05
"intraday_ishaan|2026-09-05T06:12:46.293177+00:00|#banknifty breaking down below 50249, ex-dup",intraday_ishaan,"#banknifty breaking down below 50249, expecting further downside to 49949 RBI policy day today.",2026-09-05 06:12:46.293177+00:00,0,0,0,['banknifty'],[],banknifty,2026-09-05 19:16:04.314009+00:00,[],2026-09-05
banknifty_baba|2026-09-05T05:03:47.799090+00:00|Nifty ne resistance todi! bullish moment,banknifty_baba,"Nifty ne resistance todi! bullish momentum building, 50095 ke upar accumulate karo #sensex Let's see how it closes.",2026-09-05 05:03:47.799090+00:00,5,0,0,['sensex'],[],sensex,2026-09-05 19:16:04.290974+00:00,[],2026-09-05
"quant_priya|2026-09-04T23:28:41.526419+00:00|Market crash ho sakta hai, 21643 ka supp",quant_priya,"Market crash ho sakta hai, 21643 ka support toot gaya, bearish on #banknifty NFA.",2026-09-04 23:28:41.526419+00:00,15,4,1,['banknifty'],[],banknifty,2026-09-05 19:16:04.259915+00:00,[],2026-09-04
"bull_on_dalal_st|2026-09-05T13:31:05.865914+00:00|आज #banknifty में भारी गिरावट, 49668 का ",bull_on_dalal_st,"आज #banknifty में भारी गिरावट, 49668 का सपोर्ट टूटा",2026-09-05 13:31:05.865914+00:00,1,0,0,['banknifty'],[],banknifty,2026-09-05 19:16:04.265888+00:00,[],2026-09-05
"trader_raj|2026-09-05T18:10:43.243688+00:00|Gap up opening expected for #sensex, 486",trader_raj,"Gap up opening expected for #sensex, 48608 is the level to watch Options data suggests the same. ICICI Bank also in focus.",2026-09-05 18:10:43.243688+00:00,6,1,0,['sensex'],[],sensex,2026-09-05 19:16:04.252842+00:00,[],2026-09-05
"riskmanager_99|2026-09-04T22:08:44.007451+00:00|Gap up opening expected for #sensex, 218",riskmanager_99,"Gap up opening expected for #sensex, 21846 is the level to watch Budget session ahead, stay alert.",2026-09-04 22:08:44.007451+00:00,0,0,0,"['sensex', 'banknifty']",[],sensex,2026-09-05 19:16:04.279648+00:00,[],2026-09-04
chartwizard|2026-09-05T15:57:35.791076+00:00|Short positions added on #intraday below,chartwizard,"Short positions added on #intraday below 23497, target 23347 Let's see how it closes.",2026-09-05 15:57:35.791076+00:00,13,3,1,"['intraday', 'sensex']",[],intraday,2026-09-05 19:16:04.265384+00:00,[],2026-09-05
"banknifty_baba|2026-09-04T23:38:23.147702+00:00|Panic selling in #banknifty, 48426 break",banknifty_baba,"Panic selling in #banknifty, 48426 breakdown confirmed, stop loss hit Thoughts?",2026-09-04 23:38:23.147702+00:00,15,2,2,"['banknifty', 'sensex']",['user_f48cc4'],banknifty,2026-09-05 19:16:04.275421+00:00,[],2026-09-04
"banknifty_baba|2026-09-05T00:41:21.571616+00:00|Sensex rally continues, 22698 support ho",banknifty_baba,"Sensex rally continues, 22698 support holding well. Long positions looking good #banknifty NFA.",2026-09-05 00:41:21.571616+00:00,9,1,0,['banknifty'],[],banknifty,2026-09-05 19:16:04.310706+00:00,[],2026-09-05
"riskmanager_99|2026-09-05T04:38:14.101254+00:00|Tejji ka mahaul hai #banknifty mein, 480",riskmanager_99,"Tejji ka mahaul hai #banknifty mein, 48031 pe strong buying dekhi DYOR.",2026-09-05 04:38:14.101254+00:00,15,1,1,"['banknifty', 'sensex']",[],banknifty,2026-09-05 19:16:04.276306+00:00,[],2026-09-05
"the_bear_desk|2026-09-04T20:30:14.150890+00:00|#sensex breaking down below 47625, expec",the_bear_desk,"#sensex breaking down below 47625, expecting further downside to 47005 #optionstrading #dalalstreet",2026-09-04 20:30:14.150890+00:00,3,0,0,['sensex'],[],sensex,2026-09-05 19:16:04.272833+00:00,[],2026-09-04
"riskmanager_99|2026-09-05T12:23:09.208567+00:00|#banknifty looking strong today, breakou",riskmanager_99,"#banknifty looking strong today, breakout above 21517, target 22137 Keep an eye on FII/DII data.",2026-09-05 12:23:09.208567+00:00,2,0,0,['banknifty'],[],banknifty,2026-09-05 19:16:04.300573+00:00,[],2026-09-05
quant_priya|2026-09-04T19:42:41.490389+00:00|Short positions added on #intraday below-dup,quant_priya,"Short positions added on #intraday below 21713, target 21563 #optionstrading #dalalstreet",2026-09-04 19:42:41.490389+00:00,7,0,1,"['intraday', 'nifty50']",[],intraday,2026-09-05 19:16:04.314024+00:00,[],2026-09-04
chartwizard|2026-09-05T03:26:57.693480+00:00|#sensex range-bound between 50657 and 50,chartwizard,"#sensex range-bound between 50657 and 50207 today, waiting for a clear direction Let's see how it closes.",2026-09-05 03:26:57.693480+00:00,9,2,0,['sensex'],['user_1a2e01'],sensex,2026-09-05 19:16:04.256994+00:00,[],2026-09-05
"algo_anil|2026-09-04T20:50:42.321687+00:00|आज #sensex में भारी गिरावट, 23011 का सपो",algo_anil,"आज #sensex में भारी गिरावट, 23011 का सपोर्ट टूटा Kya lagta hai aap logo ka? Tata Motors also in focus.",2026-09-04 20:50:42.321687+00:00,2,0,0,"['sensex', 'intraday']",[],sensex,2026-09-05 19:16:04.295689+00:00,[],2026-09-04
trader_raj|2026-09-05T02:26:47.725667+00:00|Nifty ne resistance todi! bullish moment,trader_raj,"Nifty ne resistance todi! bullish momentum building, 21713 ke upar accumulate karo #intraday Let's see how it closes.",2026-09-05 02:26:47.725667+00:00,10,0,0,['intraday'],['user_b6bce2'],intraday,2026-09-05 19:16:04.305830+00:00,[],2026-09-05
bull_on_dalal_st|2026-09-05T01:46:58.657640+00:00|Nifty ne resistance todi! bullish moment,bull_on_dalal_st,"Nifty ne resistance todi! bullish momentum building, 49296 ke upar accumulate karo #sensex #stockmarket #trading",2026-09-05 01:46:58.657640+00:00,2,0,0,['sensex'],['user_fb8e29'],sensex,2026-09-05 19:16:04.271095+00:00,[],2026-09-05
"the_bear_desk|2026-09-05T17:44:03.637062+00:00|#nifty50 forming lower lows, 50492 suppo",the_bear_desk,"#nifty50 forming lower lows, 50492 support gone, next target 51292 Thoughts? Infosys also in focus.",2026-09-05 17:44:03.637062+00:00,2,0,0,['nifty50'],['user_d57f52'],nifty50,2026-09-05 19:16:04.310180+00:00,[],2026-09-05
trader_raj|2026-09-05T00:50:35.774567+00:00|Profit booking seen in #intraday near 22,trader_raj,"Profit booking seen in #intraday near 22794, caution advised DYOR.",2026-09-05 00:50:35.774567+00:00,0,0,0,"['intraday', 'nifty50']",[],intraday,2026-09-05 19:16:04.258694+00:00,[],2026-09-05
"MarketMaverick|2026-09-04T20:01:40.010557+00:00|FIIs selling continuously, #intraday wea",MarketMaverick,"FIIs selling continuously, #intraday weak below 22218 Thoughts?",2026-09-04 20:01:40.010557+00:00,10,0,0,['intraday'],[],intraday,2026-09-05 19:16:04.288491+00:00,[],2026-09-04
"MarketMaverick|2026-09-04T21:56:21.932896+00:00|#nifty50 update: flat session so far, vo",MarketMaverick,"#nifty50 update: flat session so far, volumes low ahead of RBI policy Budget session ahead, stay alert.",2026-09-04 21:56:21.932896+00:00,11,2,0,['nifty50'],[],nifty50,2026-09-05 19:16:04.283496+00:00,[],2026-09-04
options_owl|2026-09-05T02:29:55.422049+00:00|Nifty ne resistance todi! bullish moment,options_owl,"Nifty ne resistance todi! bullish momentum building, 22609 ke upar accumulate karo #intraday Options data suggests the same.",2026-09-05 02:29:55.422049+00:00,1,0,0,['intraday'],['user_68d58d'],intraday,2026-09-05 19:16:04.278904+00:00,[],2026-09-05
"options_owl|2026-09-05T05:37:33.030606+00:00|FIIs buying heavily today, #banknifty co",options_owl,"FIIs buying heavily today, #banknifty could test 49381 by expiry Volume bhi zyada hai aaj.",2026-09-05 05:37:33.030606+00:00,1,0,0,['banknifty'],[],banknifty,2026-09-05 19:16:04.289074+00:00,[],2026-09-05
"niftyguru|2026-09-04T22:30:50.311977+00:00|Tejji ka mahaul hai #intraday mein, 2233",niftyguru,"Tejji ka mahaul hai #intraday mein, 22337 pe strong buying dekhi Thoughts?",2026-09-04 22:30:50.311977+00:00,5,0,0,"['intraday', 'banknifty']",[],intraday,2026-09-05 19:16:04.255507+00:00,[],2026-09-04
"sensex_scalper|2026-09-05T13:20:52.228817+00:00|आज #intraday में भारी गिरावट, 22318 का स",sensex_scalper,"आज #intraday में भारी गिरावट, 22318 का सपोर्ट टूटा DYOR.",2026-09-05 13:20:52.228817+00:00,7,1,0,['intraday'],[],intraday,2026-09-05 19:16:04.292944+00:00,[],2026-09-05
"bull_on_dalal_st|2026-09-05T09:41:40.596869+00:00|FIIs buying heavily today, #nifty50 coul",bull_on_dalal_st,"FIIs buying heavily today, #nifty50 could test 22457 by expiry Let's see how it closes.",2026-09-05 09:41:40.596869+00:00,8,1,1,"['nifty50', 'intraday']",[],nifty50,2026-09-05 19:16:04.278363+00:00,[],2026-09-05
"algo_anil|2026-09-05T05:49:01.604154+00:00|Buy the dip on 47645, 47345 target for s",algo_anil,"Buy the dip on 47645, 47345 target for swing trade #nifty50 $NIFTY Volume bhi zyada hai aaj.",2026-09-05 05:49:01.604154+00:00,14,3,2,"['nifty50', 'banknifty']",[],nifty50,2026-09-05 19:16:04.279694+00:00,['NIFTY'],2026-09-05
"options_owl|2026-09-04T19:43:49.260774+00:00|Low volume day for #banknifty, market aw",options_owl,"Low volume day for #banknifty, market awaiting 49619 confirmation #stockmarket #trading",2026-09-04 19:43:49.260774+00:00,13,0,1,"['banknifty', 'intraday']",[],banknifty,2026-09-05 19:16:04.306895+00:00,[],2026-09-04
"niftyguru|2026-09-04T20:15:21.109400+00:00|बाजार में तेजी है, 49419 के ऊपर खरीदारी ",niftyguru,"बाजार में तेजी है, 49419 के ऊपर खरीदारी का मौका #nifty50 Budget session ahead, stay alert.",2026-09-04 20:15:21.109400+00:00,9,1,1,"['nifty50', 'sensex']",['user_764395'],nifty50,2026-09-05 19:16:04.303117+00:00,[],2026-09-04
"chartwizard|2026-09-05T18:37:21.243809+00:00|Watching #nifty50 closely, no clear tren",chartwizard,"Watching #nifty50 closely, no clear trend yet. What's everyone's view on 21577? Tata Motors also in focus.",2026-09-05 18:37:21.243809+00:00,0,0,0,['nifty50'],[],nifty50,2026-09-05 19:16:04.288723+00:00,[],2026-09-05
"quant_priya|2026-09-05T12:19:53.720385+00:00|Market crash ho sakta hai, 22938 ka supp",quant_priya,"Market crash ho sakta hai, 22938 ka support toot gaya, bearish on #sensex NFA.",2026-09-05 12:19:53.720385+00:00,8,2,1,['sensex'],[],sensex,2026-09-05 19:16:04.276261+00:00,[],2026-09-05
"niftyguru|2026-09-04T21:13:55.682762+00:00|Gap up opening expected for #intraday, 4-dup",niftyguru,"Gap up opening expected for #intraday, 49646 is the level to watch #stockmarket #trading",2026-09-04 21:13:55.682762+00:00,2,0,0,['intraday'],['user_9cfc93'],intraday,2026-09-05 19:16:04.314445+00:00,[],2026-09-04
"swing_trader_in|2026-09-05T13:51:29.786481+00:00|Global cues supportive, #banknifty likel",swing_trader_in,"Global cues supportive, #banknifty likely to open above 23202 tomorrow Volume bhi zyada hai aaj.",2026-09-05 13:51:29.786481+00:00,4,0,0,['banknifty'],[],banknifty,2026-09-05 19:16:04.288322+00:00,[],2026-09-05
"swing_trader_in|2026-09-05T05:47:17.975401+00:00|#sensex showing higher highs, 23165 brok",swing_trader_in,"#sensex showing higher highs, 23165 broken with volume, next stop 23315 Kya lagta hai aap logo ka? TCS also in focus.",2026-09-05 05:47:17.975401+00:00,7,1,0,['sensex'],[],sensex,2026-09-05 19:16:04.277358+00:00,[],2026-09-05
"swing_trader_in|2026-09-04T21:11:49.953289+00:00|मंदी का माहौल है बाज़ार में, 48630 से नी",swing_trader_in,"मंदी का माहौल है बाज़ार में, 48630 से नीचे बिकवाली तेज #nifty50 Thoughts?",2026-09-04 21:11:49.953289+00:00,0,0,0,['nifty50'],[],nifty50,2026-09-05 19:16:04.272399+00:00,[],2026-09-04
"trader_raj|2026-09-05T09:48:59.934450+00:00|Buy the dip on 22344, 21724 target for s",trader_raj,"Buy the dip on 22344, 21724 target for swing trade #banknifty $NIFTY DYOR.",2026-09-05 09:48:59.934450+00:00,12,2,1,['banknifty'],[],banknifty,2026-09-05 19:16:04.282486+00:00,['NIFTY'],2026-09-05
"niftyguru|2026-09-05T10:53:56.327823+00:00|बाजार में तेजी है, 47960 के ऊपर खरीदारी ",niftyguru,"बाजार में तेजी है, 47960 के ऊपर खरीदारी का मौका #nifty50 #stockmarket #trading ITC also in focus.",2026-09-05 10:53:56.327823+00:00,14,1,1,['nifty50'],[],nifty50,2026-09-05 19:16:04.281716+00:00,[],2026-09-05
"swing_trader_in|2026-09-04T22:35:08.253490+00:00|#banknifty showing higher highs, 47895 b",swing_trader_in,"#banknifty showing higher highs, 47895 broken with volume, next stop 48045 RBI policy day today.",2026-09-04 22:35:08.253490+00:00,10,0,0,['banknifty'],[],banknifty,2026-09-05 19:16:04.302920+00:00,[],2026-09-04
"niftyguru|2026-09-05T08:29:49.806217+00:00|Mixed signals on #intraday today, 21595 ",niftyguru,"Mixed signals on #intraday today, 21595 acting as a pivot Let's see how it closes.",2026-09-05 08:29:49.806217+00:00,4,0,0,"['intraday', 'sensex']",[],intraday,2026-09-05 19:16:04.263469+00:00,[],2026-09-05
"riskmanager_99|2026-09-05T16:17:05.953470+00:00|Global markets weak overnight, #nifty50 ",riskmanager_99,"Global markets weak overnight, #nifty50 may gap down below 22827 #optionstrading #dalalstreet",2026-09-05 16:17:05.953470+00:00,8,0,0,['nifty50'],[],nifty50,2026-09-05 19:16:04.290026+00:00,[],2026-09-05
"riskmanager_99|2026-09-05T10:12:13.413004+00:00|#banknifty looking strong today, breakou",riskmanager_99,"#banknifty looking strong today, breakout above 47665, target 47815 #stockmarket #trading Bajaj Finance also in focus.",2026-09-05 10:12:13.413004+00:00,12,3,1,['banknifty'],['user_1835ad'],banknifty,2026-09-05 19:16:04.303448+00:00,[],2026-09-05
"dalalstreet_diary|2026-09-04T18:39:23.652671+00:00|FIIs buying heavily today, #banknifty co",dalalstreet_diary,"FIIs buying heavily today, #banknifty could test 48996 by expiry Budget session ahead, stay alert.",2026-09-04 18:39:23.652671+00:00,13,1,0,['banknifty'],[],banknifty,2026-09-05 19:16:04.279174+00:00,[],2026-09-04
"bull_on_dalal_st|2026-09-05T13:51:24.173857+00:00|Sideways action continues on #sensex, 22",bull_on_dalal_st,"Sideways action continues on #sensex, 22888-23688 range holding Options data suggests the same. ICICI Bank also in focus.",2026-09-05 13:51:24.173857+00:00,1,0,0,['sensex'],['user_7eabf8'],sensex,2026-09-05 19:16:04.281965+00:00,[],2026-09-05
"riskmanager_99|2026-09-05T04:49:45.354068+00:00|#intraday looking strong today, breakout",riskmanager_99,"#intraday looking strong today, breakout above 48278, target 47978 Kya lagta hai aap logo ka?",2026-09-05 04:49:45.354068+00:00,10,2,1,['intraday'],[],intraday,2026-09-05 19:16:04.306662+00:00,[],2026-09-05
"niftyguru|2026-09-04T23:32:58.095989+00:00|Buy the dip on 22778, 22158 target for s",niftyguru,"Buy the dip on 22778, 22158 target for swing trade #nifty50 $NIFTY RBI policy day today.",2026-09-04 23:32:58.095989+00:00,15,1,1,['nifty50'],[],nifty50,2026-09-05 19:16:04.259700+00:00,['NIFTY'],2026-09-04
"bull_on_dalal_st|2026-09-05T16:35:34.316469+00:00|#nifty50 showing higher highs, 49817 bro",bull_on_dalal_st,"#nifty50 showing higher highs, 49817 broken with volume, next stop 49967 Budget session ahead, stay alert.",2026-09-05 16:35:34.316469+00:00,0,0,0,"['nifty50', 'intraday']",[],nifty50,2026-09-05 19:16:04.299685+00:00,[],2026-09-05
"chartwizard|2026-09-05T04:13:40.334437+00:00|Low volume day for #nifty50, market awai",chartwizard,"Low volume day for #nifty50, market awaiting 48981 confirmation RBI policy day today. Tata Motors also in focus.",2026-09-05 04:13:40.334437+00:00,4,0,0,['nifty50'],[],nifty50,2026-09-05 19:16:04.269883+00:00,[],2026-09-05
"dalalstreet_diary|2026-09-05T04:28:17.561544+00:00|Global markets weak overnight, #nifty50 ",dalalstreet_diary,"Global markets weak overnight, #nifty50 may gap down below 48870 Keep an eye on FII/DII data.",2026-09-05 04:28:17.561544+00:00,7,0,1,"['nifty50', 'intraday']",[],nifty50,2026-09-05 19:16:04.285851+00:00,[],2026-09-05
swing_trader_in|2026-09-05T05:43:04.412185+00:00|Profit booking seen in #nifty50 near 499,swing_trader_in,"Profit booking seen in #nifty50 near 49911, caution advised #stockmarket #trading",2026-09-05 05:43:04.412185+00:00,2,0,0,"['nifty50', 'sensex']",['user_dc3fb5'],nifty50,2026-09-05 19:16:04.259588+00:00,[],2026-09-05
"chartwizard|2026-09-04T23:53:23.448483+00:00|Sensex rally continues, 22506 support ho",chartwizard,"Sensex rally continues, 22506 support holding well. Long positions looking good #nifty50",2026-09-04 23:53:23.448483+00:00,13,1,0,"['nifty50', 'intraday']",[],nifty50,2026-09-05 19:16:04.264688+00:00,[],2026-09-04
"swing_trader_in|2026-09-05T13:36:41.043964+00:00|आज #nifty50 में भारी गिरावट, 48448 का सप",swing_trader_in,"आज #nifty50 में भारी गिरावट, 48448 का सपोर्ट टूटा",2026-09-05 13:36:41.043964+00:00,11,2,0,"['nifty50', 'sensex']",['user_554fac'],nifty50,2026-09-05 19:16:04.287844+00:00,[],2026-09-05
"trader_raj|2026-09-05T11:11:20.603718+00:00|Panic selling in #sensex, 49077 breakdow",trader_raj,"Panic selling in #sensex, 49077 breakdown confirmed, stop loss hit",2026-09-05 11:11:20.603718+00:00,14,2,1,['sensex'],[],sensex,2026-09-05 19:16:04.261287+00:00,[],2026-09-05
"bull_on_dalal_st|2026-09-05T11:38:09.385238+00:00|Global markets weak overnight, #sensex m",bull_on_dalal_st,"Global markets weak overnight, #sensex may gap down below 22550",2026-09-05 11:38:09.385238+00:00,1,0,0,['sensex'],[],sensex,2026-09-05 19:16:04.310311+00:00,[],2026-09-05
"dalalstreet_diary|2026-09-05T13:52:46.467454+00:00|Sensex rally continues, 48298 support ho",dalalstreet_diary,"Sensex rally continues, 48298 support holding well. Long positions looking good #sensex DYOR. Tata Motors also in focus.",2026-09-05 13:52:46.467454+00:00,1,0,0,['sensex'],['user_3d2fc0'],sensex,2026-09-05 19:16:04.285218+00:00,[],2026-09-05
"algo_anil|2026-09-05T10:35:32.167630+00:00|Watching #nifty50 closely, no clear tren",algo_anil,"Watching #nifty50 closely, no clear trend yet. What's everyone's view on 50699? #optionstrading #dalalstreet",2026-09-05 10:35:32.167630+00:00,5,1,0,['nifty50'],[],nifty50,2026-09-05 19:16:04.267781+00:00,[],2026-09-05
"bull_on_dalal_st|2026-09-05T10:33:23.201793+00:00|#nifty50 showing higher highs, 48786 bro",bull_on_dalal_st,"#nifty50 showing higher highs, 48786 broken with volume, next stop 49406 Options data suggests the same.",2026-09-05 10:33:23.201793+00:00,3,0,0,"['nifty50', 'nifty50']",[],nifty50,2026-09-05 19:16:04.286074+00:00,[],2026-09-05
"banknifty_baba|2026-09-05T14:38:56.397449+00:00|#nifty50 breaking down below 48853, expe",banknifty_baba,"#nifty50 breaking down below 48853, expecting further downside to 49303 Budget session ahead, stay alert.",2026-09-05 14:38:56.397449+00:00,0,0,0,"['nifty50', 'banknifty']",[],nifty50,2026-09-05 19:16:04.292086+00:00,[],2026-09-05
"swing_trader_in|2026-09-05T07:12:22.889584+00:00|Global markets weak overnight, #intraday",swing_trader_in,"Global markets weak overnight, #intraday may gap down below 49967 SBI also in focus.",2026-09-05 07:12:22.889584+00:00,1,0,0,['intraday'],[],intraday,2026-09-05 19:16:04.267400+00:00,[],2026-09-05
"dalalstreet_diary|2026-09-05T06:23:25.995259+00:00|Watching #sensex closely, no clear trend-dup",dalalstreet_diary,"Watching #sensex closely, no clear trend yet. What's everyone's view on 23312? Volume bhi zyada hai aaj.",2026-09-05 06:23:25.995259+00:00,14,3,0,['sensex'],[],sensex,2026-09-05 19:16:04.314863+00:00,[],2026-09-05
"dalalstreet_diary|2026-09-05T01:20:39.080217+00:00|Panic selling in #intraday, 50211 breakd",dalalstreet_diary,"Panic selling in #intraday, 50211 breakdown confirmed, stop loss hit NFA.",2026-09-05 01:20:39.080217+00:00,3,0,0,['intraday'],[],intraday,2026-09-05 19:16:04.280465+00:00,[],2026-09-05
"quant_priya|2026-09-05T03:08:24.899384+00:00|Gap up opening expected for #nifty50, 47",quant_priya,"Gap up opening expected for #nifty50, 47939 is the level to watch Options data suggests the same.",2026-09-05 03:08:24.899384+00:00,1,0,0,['nifty50'],[],nifty50,2026-09-05 19:16:04.296832+00:00,[],2026-09-05
"algo_anil|2026-09-05T07:07:41.303919+00:00|Sensex rally continues, 50247 support ho",algo_anil,"Sensex rally continues, 50247 support holding well. Long positions looking good #sensex Options data suggests the same.",2026-09-05 07:07:41.303919+00:00,8,1,1,['sensex'],[],sensex,2026-09-05 19:16:04.296081+00:00,[],2026-09-05
"algo_anil|2026-09-05T12:55:57.591924+00:00|Watching #banknifty closely, no clear tr",algo_anil,"Watching #banknifty closely, no clear trend yet. What's everyone's view on 21983? DYOR. Adani Enterprises also in focus.",2026-09-05 12:55:57.591924+00:00,10,1,0,['banknifty'],[],banknifty,2026-09-05 19:16:04.310226+00:00,[],2026-09-05
"bull_on_dalal_st|2026-09-05T02:13:44.054736+00:00|Global cues supportive, #nifty50 likely ",bull_on_dalal_st,"Global cues supportive, #nifty50 likely to open above 21545 tomorrow #stockmarket #trading",2026-09-05 02:13:44.054736+00:00,11,0,0,"['nifty50', 'nifty50']",[],nifty50,2026-09-05 19:16:04.293901+00:00,[],2026-09-05
"chartwizard|2026-09-04T22:16:07.324633+00:00|Market crash ho sakta hai, 21599 ka supp",chartwizard,"Market crash ho sakta hai, 21599 ka support toot gaya, bearish on #sensex RBI policy day today.",2026-09-04 22:16:07.324633+00:00,14,1,2,"['sensex', 'nifty50']",['user_a1452a'],sensex,2026-09-05 19:16:04.254168+00:00,[],2026-09-04
"quant_priya|2026-09-05T13:20:45.812079+00:00|#nifty50 forming lower lows, 49160 suppo",quant_priya,"#nifty50 forming lower lows, 49160 support gone, next target 49310 Options data suggests the same.",2026-09-05 13:20:45.812079+00:00,9,2,1,['nifty50'],['user_0e78df'],nifty50,2026-09-05 19:16:04.280875+00:00,[],2026-09-05
"options_owl|2026-09-04T21:15:32.635833+00:00|Watching #intraday closely, no clear tre",options_owl,"Watching #intraday closely, no clear trend yet. What's everyone's view on 48557? RBI policy day today.",2026-09-04 21:15:32.635833+00:00,13,2,0,"['intraday', 'intraday']",[],intraday,2026-09-05 19:16:04.284481+00:00,[],2026-09-04
the_bear_desk|2026-09-05T14:45:40.510213+00:00|#sensex range-bound between 22182 and 22,the_bear_desk,"#sensex range-bound between 22182 and 22802 today, waiting for a clear direction DYOR. HDFC Bank also in focus.",2026-09-05 14:45:40.510213+00:00,1,0,0,['sensex'],['user_67fb40'],sensex,2026-09-05 19:16:04.280112+00:00,[],2026-09-05
the_bear_desk|2026-09-05T02:56:33.289220+00:00|Positional buy initiated on #intraday ab,the_bear_desk,"Positional buy initiated on #intraday above 22428, SL below 23228 #stockmarket #trading Infosys also in focus.",2026-09-05 02:56:33.289220+00:00,6,1,0,"['intraday', 'intraday']",[],intraday,2026-09-05 19:16:04.291221+00:00,[],2026-09-05
"swing_trader_in|2026-09-05T05:11:23.888864+00:00|Sensex rally continues, 49440 support ho",swing_trader_in,"Sensex rally continues, 49440 support holding well. Long positions looking good #banknifty RBI policy day today.",2026-09-05 05:11:23.888864+00:00,0,0,0,"['banknifty', 'sensex']",[],banknifty,2026-09-05 19:16:04.284106+00:00,[],2026-09-05
"the_bear_desk|2026-09-05T17:03:26.310137+00:00|Global markets weak overnight, #nifty50 ",the_bear_desk,"Global markets weak overnight, #nifty50 may gap down below 50678 #stockmarket #trading",2026-09-05 17:03:26.310137+00:00,9,1,0,['nifty50'],[],nifty50,2026-09-05 19:16:04.279906+00:00,[],2026-09-05
"dalalstreet_diary|2026-09-05T01:30:54.948306+00:00|#nifty50 looking strong today, breakout ",dalalstreet_diary,"#nifty50 looking strong today, breakout above 48540, target 48390 Keep an eye on FII/DII data.",2026-09-05 01:30:54.948306+00:00,5,0,0,['nifty50'],[],nifty50,2026-09-05 19:16:04.287273+00:00,[],2026-09-05
"banknifty_baba|2026-09-05T09:00:47.261368+00:00|आज #sensex में भारी गिरावट, 23447 का सपो",banknifty_baba,"आज #sensex में भारी गिरावट, 23447 का सपोर्ट टूटा DYOR.",2026-09-05 09:00:47.261368+00:00,1,0,0,"['sensex', 'banknifty']",[],sensex,2026-09-05 19:16:04.269370+00:00,[],2026-09-05
"MarketMaverick|2026-09-05T06:09:26.522012+00:00|Watching #intraday closely, no clear tre",MarketMaverick,"Watching #intraday closely, no clear trend yet. What's everyone's view on 49369? Let's see how it closes.",2026-09-05 06:09:26.522012+00:00,12,1,2,['intraday'],[],intraday,2026-09-05 19:16:04.269055+00:00,[],2026-09-05
"the_bear_desk|2026-09-04T19:33:34.555903+00:00|#banknifty consolidating near 22015, nee",the_bear_desk,"#banknifty consolidating near 22015, need a breakout either side RBI policy day today.",2026-09-04 19:33:34.555903+00:00,1,0,0,['banknifty'],[],banknifty,2026-09-05 19:16:04.299495+00:00,[],2026-09-04
"riskmanager_99|2026-09-05T00:32:07.827567+00:00|#nifty50 consolidating near 23120, need ",riskmanager_99,"#nifty50 consolidating near 23120, need a breakout either side Keep an eye on FII/DII data. TCS also in focus.",2026-09-05 00:32:07.827567+00:00,0,0,0,['nifty50'],[],nifty50,2026-09-05 19:16:04.294374+00:00,[],2026-09-05
"niftyguru|2026-09-05T18:53:33.685756+00:00|#intraday showing higher highs, 48724 br",niftyguru,"#intraday showing higher highs, 48724 broken with volume, next stop 48874 Kya lagta hai aap logo ka?",2026-09-05 18:53:33.685756+00:00,3,0,0,['intraday'],[],intraday,2026-09-05 19:16:04.271972+00:00,[],2026-09-05
trader_raj|2026-09-04T22:00:21.464792+00:00|Short positions added on #intraday below,trader_raj,"Short positions added on #intraday below 21850, target 22470 RBI policy day today.",2026-09-04 22:00:21.464792+00:00,1,0,0,['intraday'],[],intraday,2026-09-05 19:16:04.294066+00:00,[],2026-09-04
"chartwizard|2026-09-05T00:43:53.349371+00:00|Global markets weak overnight, #banknift",chartwizard,"Global markets weak overnight, #banknifty may gap down below 50893 Volume bhi zyada hai aaj.",2026-09-05 00:43:53.349371+00:00,15,0,1,['banknifty'],[],banknifty,2026-09-05 19:16:04.307155+00:00,[],2026-09-05
"dalalstreet_diary|2026-09-05T08:36:52.197180+00:00|Global markets weak overnight, #banknift",dalalstreet_diary,"Global markets weak overnight, #banknifty may gap down below 49083 Thoughts? Bajaj Finance also in focus.",2026-09-05 08:36:52.197180+00:00,1,0,0,['banknifty'],['user_3daaf8'],banknifty,2026-09-05 19:16:04.275442+00:00,[],2026-09-05
"dalalstreet_diary|2026-09-05T10:59:46.120529+00:00|आज #nifty50 में भारी गिरावट, 49906 का सप",dalalstreet_diary,"आज #nifty50 में भारी गिरावट, 49906 का सपोर्ट टूटा Volume bhi zyada hai aaj.",2026-09-05 10:59:46.120529+00:00,0,0,0,['nifty50'],[],nifty50,2026-09-05 19:16:04.307346+00:00,[],2026-09-05
"bull_on_dalal_st|2026-09-05T03:36:42.970971+00:00|Sideways action continues on #sensex, 49",bull_on_dalal_st,"Sideways action continues on #sensex, 49122-49422 range holding DYOR.",2026-09-05 03:36:42.970971+00:00,14,2,2,['sensex'],['user_13594d'],sensex,2026-09-05 19:16:04.278068+00:00,[],2026-09-05
"swing_trader_in|2026-09-05T14:05:57.632931+00:00|Sideways action continues on #nifty50, 2",swing_trader_in,"Sideways action continues on #nifty50, 22355-22655 range holding Volume bhi zyada hai aaj.",2026-09-05 14:05:57.632931+00:00,2,0,0,['nifty50'],[],nifty50,2026-09-05 19:16:04.301536+00:00,[],2026-09-05
"algo_anil|2026-09-04T20:36:29.102367+00:00|#banknifty consolidating near 23099, nee",algo_anil,"#banknifty consolidating near 23099, need a breakout either side Keep an eye on FII/DII data.",2026-09-04 20:36:29.102367+00:00,11,1,0,['banknifty'],[],banknifty,2026-09-05 19:16:04.271519+00:00,[],2026-09-04
"quant_priya|2026-09-05T13:15:53.164387+00:00|मंदी का माहौल है बाज़ार में, 22105 से नी-dup",quant_priya,"मंदी का माहौल है बाज़ार में, 22105 से नीचे बिकवाली तेज #banknifty Kya lagta hai aap logo ka?",2026-09-05 13:15:53.164387+00:00,1,0,0,['banknifty'],[],banknifty,2026-09-05 19:16:04.314441+00:00,[],2026-09-05
options_owl|2026-09-04T20:29:59.056056+00:00|Profit booking seen in #sensex near 4997,options_owl,"Profit booking seen in #sensex near 49972, caution advised",2026-09-04 20:29:59.056056+00:00,6,0,0,['sensex'],[],sensex,2026-09-05 19:16:04.311169+00:00,[],2026-09-04
"MarketMaverick|2026-09-05T16:55:52.034325+00:00|Sideways action continues on #nifty50, 4",MarketMaverick,"Sideways action continues on #nifty50, 48754-48454 range holding",2026-09-05 16:55:52.034325+00:00,7,0,0,['nifty50'],[],nifty50,2026-09-05 19:16:04.283145+00:00,[],2026-09-05
"options_owl|2026-09-05T16:00:44.744303+00:00|#intraday showing higher highs, 23086 br",options_owl,"#intraday showing higher highs, 23086 broken with volume, next stop 22786",2026-09-05 16:00:44.744303+00:00,1,0,0,['intraday'],[],intraday,2026-09-05 19:16:04.305409+00:00,[],2026-09-05
"chartwizard|2026-09-05T04:22:11.549813+00:00|#sensex update: flat session so far, vol",chartwizard,"#sensex update: flat session so far, volumes low ahead of RBI policy Keep an eye on FII/DII data.",2026-09-05 04:22:11.549813+00:00,7,1,0,['sensex'],[],sensex,2026-09-05 19:16:04.305059+00:00,[],2026-09-05
"chartwizard|2026-09-05T04:00:24.672120+00:00|Tejji ka mahaul hai #nifty50 mein, 22130",chartwizard,"Tejji ka mahaul hai #nifty50 mein, 22130 pe strong buying dekhi",2026-09-05 04:00:24.672120+00:00,12,1,2,['nifty50'],[],nifty50,2026-09-05 19:16:04.303207+00:00,[],2026-09-05
"banknifty_baba|2026-09-05T10:43:17.130468+00:00|#sensex forming lower lows, 23335 suppor",banknifty_baba,"#sensex forming lower lows, 23335 support gone, next target 23955",2026-09-05 10:43:17.130468+00:00,9,1,0,['sensex'],[],sensex,2026-09-05 19:16:04.262015+00:00,[],2026-09-05
"niftyguru|2026-09-05T04:29:13.069802+00:00|Global markets weak overnight, #banknift",niftyguru,"Global markets weak overnight, #banknifty may gap down below 22789",2026-09-05 04:29:13.069802+00:00,7,1,1,"['banknifty', 'banknifty']",[],banknifty,2026-09-05 19:16:04.295822+00:00,[],2026-09-05
"intraday_ishaan|2026-09-05T17:19:43.795927+00:00|आज #sensex में जबरदस्त तेजी, 22522 का स्",intraday_ishaan,"आज #sensex में जबरदस्त तेजी, 22522 का स्तर पार Kya lagta hai aap logo ka?",2026-09-05 17:19:43.795927+00:00,1,0,0,"['sensex', 'sensex']",[],sensex,2026-09-05 19:16:04.275326+00:00,[],2026-09-05
"algo_anil|2026-09-05T14:11:43.584728+00:00|Sell on rise strategy for #nifty50, resi",algo_anil,"Sell on rise strategy for #nifty50, resistance at 47503 not breaking Kya lagta hai aap logo ka?",2026-09-05 14:11:43.584728+00:00,12,1,0,['nifty50'],[],nifty50,2026-09-05 19:16:04.311678+00:00,[],2026-09-05
"trader_raj|2026-09-05T17:46:50.010024+00:00|Panic selling in #intraday, 21508 breakd",trader_raj,"Panic selling in #intraday, 21508 breakdown confirmed, stop loss hit RBI policy day today.",2026-09-05 17:46:50.010024+00:00,10,1,1,['intraday'],[],intraday,2026-09-05 19:16:04.310675+00:00,[],2026-09-05
"algo_anil|2026-09-04T19:27:43.308236+00:00|#banknifty showing higher highs, 21546 b",algo_anil,"#banknifty showing higher highs, 21546 broken with volume, next stop 21396 NFA.",2026-09-04 19:27:43.308236+00:00,0,0,0,['banknifty'],[],banknifty,2026-09-05 19:16:04.296004+00:00,[],2026-09-04
"quant_priya|2026-09-05T14:33:57.832078+00:00|Sensex rally continues, 22571 support ho",quant_priya,"Sensex rally continues, 22571 support holding well. Long positions looking good #intraday NFA.",2026-09-05 14:33:57.832078+00:00,4,0,0,['intraday'],[],intraday,2026-09-05 19:16:04.267998+00:00,[],2026-09-05
"sensex_scalper|2026-09-05T02:06:36.726426+00:00|#nifty50 update: flat session so far, vo",sensex_scalper,"#nifty50 update: flat session so far, volumes low ahead of RBI policy Volume bhi zyada hai aaj.",2026-09-05 02:06:36.726426+00:00,10,0,0,['nifty50'],[],nifty50,2026-09-05 19:16:04.301255+00:00,[],2026-09-05
"trader_raj|2026-09-04T20:45:55.521754+00:00|आज #nifty50 में जबरदस्त तेजी, 22918 का स",trader_raj,"आज #nifty50 में जबरदस्त तेजी, 22918 का स्तर पार #stockmarket #trading",2026-09-04 20:45:55.521754+00:00,8,1,0,['nifty50'],[],nifty50,2026-09-05 19:16:04.303900+00:00,[],2026-09-04
"intraday_ishaan|2026-09-05T13:36:42.610015+00:00|#nifty50 showing higher highs, 49475 bro",intraday_ishaan,"#nifty50 showing higher highs, 49475 broken with volume, next stop 49625 NFA.",2026-09-05 13:36:42.610015+00:00,2,0,0,['nifty50'],[],nifty50,2026-09-05 19:16:04.262529+00:00,[],2026-09-05
"riskmanager_99|2026-09-05T16:02:07.095047+00:00|Global cues supportive, #nifty50 likely ",riskmanager_99,"Global cues supportive, #nifty50 likely to open above 22256 tomorrow Thoughts? Tata Motors also in focus.",2026-09-05 16:02:07.095047+00:00,2,0,0,['nifty50'],[],nifty50,2026-09-05 19:16:04.259244+00:00,[],2026-09-05
"MarketMaverick|2026-09-05T05:41:35.573731+00:00|आज #nifty50 में जबरदस्त तेजी, 21750 का स",MarketMaverick,"आज #nifty50 में जबरदस्त तेजी, 21750 का स्तर पार Keep an eye on FII/DII data.",2026-09-05 05:41:35.573731+00:00,12,1,1,['nifty50'],[],nifty50,2026-09-05 19:16:04.306033+00:00,[],2026-09-05
"swing_trader_in|2026-09-05T06:29:43.347975+00:00|#nifty50 consolidating near 23365, need ",swing_trader_in,"#nifty50 consolidating near 23365, need a breakout either side Options data suggests the same.",2026-09-05 06:29:43.347975+00:00,1,0,0,['nifty50'],[],nifty50,2026-09-05 19:16:04.297850+00:00,[],2026-09-05
"options_owl|2026-09-04T23:50:18.607796+00:00|Panic selling in #nifty50, 23481 breakdo",options_owl,"Panic selling in #nifty50, 23481 breakdown confirmed, stop loss hit #optionstrading #dalalstreet",2026-09-04 23:50:18.607796+00:00,0,0,0,"['nifty50', 'nifty50']",[],nifty50,2026-09-05 19:16:04.283484+00:00,[],2026-09-04
"riskmanager_99|2026-09-05T14:08:43.991944+00:00|Tejji ka mahaul hai #nifty50 mein, 23261",riskmanager_99,"Tejji ka mahaul hai #nifty50 mein, 23261 pe strong buying dekhi #stockmarket #trading",2026-09-05 14:08:43.991944+00:00,4,0,0,['nifty50'],[],nifty50,2026-09-05 19:16:04.278919+00:00,[],2026-09-05
"bull_on_dalal_st|2026-09-05T00:24:44.075020+00:00|Sell on rise strategy for #intraday, res",bull_on_dalal_st,"Sell on rise strategy for #intraday, resistance at 23372 not breaking #optionstrading #dalalstreet",2026-09-05 00:24:44.075020+00:00,1,0,0,['intraday'],[],intraday,2026-09-05 19:16:04.281284+00:00,[],2026-09-05
trader_raj|2026-09-05T13:37:25.186944+00:00|Nifty ne resistance todi! bullish moment,trader_raj,"Nifty ne resistance todi! bullish momentum building, 49439 ke upar accumulate karo #banknifty Thoughts?",2026-09-05 13:37:25.186944+00:00,12,2,1,['banknifty'],[],banknifty,2026-09-05 19:16:04.278531+00:00,[],2026-09-05
"quant_priya|2026-09-04T23:17:16.309610+00:00|Market crash ho sakta hai, 22734 ka supp",quant_priya,"Market crash ho sakta hai, 22734 ka support toot gaya, bearish on #intraday",2026-09-04 23:17:16.309610+00:00,5,0,0,['intraday'],[],intraday,2026-09-05 19:16:04.297765+00:00,[],2026-09-04
"intraday_ishaan|2026-09-04T23:49:22.951799+00:00|Sensex rally continues, 21765 support ho",intraday_ishaan,"Sensex rally continues, 21765 support holding well. Long positions looking good #nifty50 #stockmarket #trading",2026-09-04 23:49:22.951799+00:00,7,0,0,['nifty50'],[],nifty50,2026-09-05 19:16:04.256169+00:00,[],2026-09-04
"bull_on_dalal_st|2026-09-05T07:20:41.617807+00:00|Sideways action continues on #banknifty,",bull_on_dalal_st,"Sideways action continues on #banknifty, 50938-51738 range holding #stockmarket #trading",2026-09-05 07:20:41.617807+00:00,7,1,0,"['banknifty', 'nifty50']",[],banknifty,2026-09-05 19:16:04.261829+00:00,[],2026-09-05
"intraday_ishaan|2026-09-05T04:09:35.112534+00:00|Global markets weak overnight, #banknift",intraday_ishaan,"Global markets weak overnight, #banknifty may gap down below 21718",2026-09-05 04:09:35.112534+00:00,3,0,0,"['banknifty', 'nifty50']",['user_4794af'],banknifty,2026-09-05 19:16:04.298171+00:00,[],2026-09-05
"MarketMaverick|2026-09-05T02:11:46.675533+00:00|Global cues supportive, #nifty50 likely ",MarketMaverick,"Global cues supportive, #nifty50 likely to open above 22149 tomorrow Options data suggests the same.",2026-09-05 02:11:46.675533+00:00,14,1,2,"['nifty50', 'nifty50']",[],nifty50,2026-09-05 19:16:04.283676+00:00,[],2026-09-05
"MarketMaverick|2026-09-05T01:01:42.075079+00:00|Sideways action continues on #banknifty,",MarketMaverick,"Sideways action continues on #banknifty, 22635-23255 range holding RBI policy day today.",2026-09-05 01:01:42.075079+00:00,6,1,0,"['banknifty', 'intraday']",[],banknifty,2026-09-05 19:16:04.306177+00:00,[],2026-09-05
"options_owl|2026-09-04T21:03:16.747717+00:00|Panic selling in #intraday, 48899 breakd",options_owl,"Panic selling in #intraday, 48899 breakdown confirmed, stop loss hit NFA. Bajaj Finance also in focus.",2026-09-04 21:03:16.747717+00:00,7,0,0,['intraday'],[],intraday,2026-09-05 19:16:04.261956+00:00,[],2026-09-04
"dalalstreet_diary|2026-09-04T21:46:44.098528+00:00|Sell on rise strategy for #nifty50, resi",dalalstreet_diary,"Sell on rise strategy for #nifty50, resistance at 22353 not breaking Thoughts?",2026-09-04 21:46:44.098528+00:00,8,0,1,"['nifty50', 'nifty50']",[],nifty50,2026-09-05 19:16:04.268260+00:00,[],2026-09-04
"niftyguru|2026-09-05T16:40:07.527671+00:00|#sensex consolidating near 47824, need a",niftyguru,"#sensex consolidating near 47824, need a breakout either side RBI policy day today.",2026-09-05 16:40:07.527671+00:00,5,0,0,['sensex'],['user_aee454'],sensex,2026-09-05 19:16:04.311590+00:00,[],2026-09-05
"intraday_ishaan|2026-09-04T18:54:17.647928+00:00|मंदी का माहौल है बाज़ार में, 22427 से नी",intraday_ishaan,"मंदी का माहौल है बाज़ार में, 22427 से नीचे बिकवाली तेज #banknifty DYOR.",2026-09-04 18:54:17.647928+00:00,9,2,1,['banknifty'],['user_5d75bd'],banknifty,2026-09-05 19:16:04.296613+00:00,[],2026-09-04
"options_owl|2026-09-05T06:35:48.860529+00:00|#nifty50 consolidating near 22967, need ",options_owl,"#nifty50 consolidating near 22967, need a breakout either side Let's see how it closes.",2026-09-05 06:35:48.860529+00:00,10,0,0,"['nifty50', 'banknifty']",['user_7c5bf6'],nifty50,2026-09-05 19:16:04.267298+00:00,[],2026-09-05
"sensex_scalper|2026-09-05T13:03:02.046469+00:00|#banknifty consolidating near 47903, nee",sensex_scalper,"#banknifty consolidating near 47903, need a breakout either side RBI policy day today.",2026-09-05 13:03:02.046469+00:00,11,1,1,"['banknifty', 'nifty50']",[],banknifty,2026-09-05 19:16:04.272109+00:00,[],2026-09-05
"chartwizard|2026-09-05T08:07:48.371421+00:00|Sell on rise strategy for #sensex, resis",chartwizard,"Sell on rise strategy for #sensex, resistance at 49654 not breaking NFA.",2026-09-05 08:07:48.371421+00:00,12,3,1,['sensex'],[],sensex,2026-09-05 19:16:04.310466+00:00,[],2026-09-05
"options_owl|2026-09-04T22:51:18.032173+00:00|FIIs buying heavily today, #intraday cou",options_owl,"FIIs buying heavily today, #intraday could test 21958 by expiry Kya lagta hai aap logo ka?",2026-09-04 22:51:18.032173+00:00,7,1,0,"['intraday', 'intraday']",['user_19c54e'],intraday,2026-09-05 19:16:04.268294+00:00,[],2026-09-04
"algo_anil|2026-09-04T23:50:05.946337+00:00|बाजार में तेजी है, 22599 के ऊपर खरीदारी ",algo_anil,"बाजार में तेजी है, 22599 के ऊपर खरीदारी का मौका #intraday Keep an eye on FII/DII data.",2026-09-04 23:50:05.946337+00:00,9,1,0,['intraday'],['user_8a79ac'],intraday,2026-09-05 19:16:04.288955+00:00,[],2026-09-04
"niftyguru|2026-09-05T04:02:16.777995+00:00|Low volume day for #sensex, market await",niftyguru,"Low volume day for #sensex, market awaiting 21785 confirmation Volume bhi zyada hai aaj.",2026-09-05 04:02:16.777995+00:00,1,0,0,['sensex'],[],sensex,2026-09-05 19:16:04.305375+00:00,[],2026-09-05
intraday_ishaan|2026-09-05T00:39:56.727855+00:00|Profit booking seen in #intraday near 47,intraday_ishaan,"Profit booking seen in #intraday near 47807, caution advised Keep an eye on FII/DII data. SBI also in focus.",2026-09-05 00:39:56.727855+00:00,9,2,1,['intraday'],[],intraday,2026-09-05 19:16:04.270311+00:00,[],2026-09-05
"banknifty_baba|2026-09-05T00:22:17.753987+00:00|Tejji ka mahaul hai #banknifty mein, 227",banknifty_baba,"Tejji ka mahaul hai #banknifty mein, 22788 pe strong buying dekhi Kya lagta hai aap logo ka?",2026-09-05 00:22:17.753987+00:00,8,1,0,['banknifty'],[],banknifty,2026-09-05 19:16:04.274294+00:00,[],2026-09-05
"chartwizard|2026-09-05T00:03:45.308513+00:00|Market crash ho sakta hai, 22717 ka supp",chartwizard,"Market crash ho sakta hai, 22717 ka support toot gaya, bearish on #sensex",2026-09-05 00:03:45.308513+00:00,11,0,2,"['sensex', 'intraday']",[],sensex,2026-09-05 19:16:04.284505+00:00,[],2026-09-05
"swing_trader_in|2026-09-05T05:11:29.728333+00:00|Global cues supportive, #nifty50 likely ",swing_trader_in,"Global cues supportive, #nifty50 likely to open above 22801 tomorrow Thoughts?",2026-09-05 05:11:29.728333+00:00,13,2,0,['nifty50'],[],nifty50,2026-09-05 19:16:04.267794+00:00,[],2026-09-05
"trader_raj|2026-09-04T18:30:12.179138+00:00|#sensex breaking down below 21771, expec",trader_raj,"#sensex breaking down below 21771, expecting further downside to 21151 Thoughts?",2026-09-04 18:30:12.179138+00:00,1,0,0,['sensex'],['user_13a4be'],sensex,2026-09-05 19:16:04.297006+00:00,[],2026-09-04
"algo_anil|2026-09-05T11:00:32.586749+00:00|#banknifty breaking down below 21571, ex",algo_anil,"#banknifty breaking down below 21571, expecting further downside to 22371 Options data suggests the same.",2026-09-05 11:00:32.586749+00:00,14,4,0,['banknifty'],[],banknifty,2026-09-05 19:16:04.281563+00:00,[],2026-09-05
"niftyguru|2026-09-04T20:09:22.267610+00:00|Sensex rally continues, 22517 support ho",niftyguru,"Sensex rally continues, 22517 support holding well. Long positions looking good #sensex #stockmarket #trading",2026-09-04 20:09:22.267610+00:00,0,0,0,['sensex'],['user_8ab8d4'],sensex,2026-09-05 19:16:04.278312+00:00,[],2026-09-04
"sensex_scalper|2026-09-05T07:34:21.775120+00:00|#sensex breaking down below 21595, expec",sensex_scalper,"#sensex breaking down below 21595, expecting further downside to 22045 Volume bhi zyada hai aaj.",2026-09-05 07:34:21.775120+00:00,0,0,0,['sensex'],['user_6863f7'],sensex,2026-09-05 19:16:04.311802+00:00,[],2026-09-05
"the_bear_desk|2026-09-05T14:24:17.533513+00:00|Sensex rally continues, 49824 support ho",the_bear_desk,"Sensex rally continues, 49824 support holding well. Long positions looking good #sensex Thoughts?",2026-09-05 14:24:17.533513+00:00,2,0,0,['sensex'],[],sensex,2026-09-05 19:16:04.296303+00:00,[],2026-09-05
"niftyguru|2026-09-04T20:42:38.873686+00:00|Tejji ka mahaul hai #banknifty mein, 476",niftyguru,"Tejji ka mahaul hai #banknifty mein, 47652 pe strong buying dekhi Volume bhi zyada hai aaj.",2026-09-04 20:42:38.873686+00:00,9,2,1,['banknifty'],[],banknifty,2026-09-05 19:16:04.290492+00:00,[],2026-09-04
"intraday_ishaan|2026-09-04T21:41:28.381824+00:00|मंदी का माहौल है बाज़ार में, 23443 से नी",intraday_ishaan,"मंदी का माहौल है बाज़ार में, 23443 से नीचे बिकवाली तेज #nifty50 Kya lagta hai aap logo ka?",2026-09-04 21:41:28.381824+00:00,12,2,1,"['nifty50', 'sensex']",[],nifty50,2026-09-05 19:16:04.262461+00:00,[],2026-09-04
niftyguru|2026-09-05T07:20:00.478674+00:00|Profit booking seen in #banknifty near 4,niftyguru,"Profit booking seen in #banknifty near 49254, caution advised Let's see how it closes.",2026-09-05 07:20:00.478674+00:00,8,0,0,['banknifty'],[],banknifty,2026-09-05 19:16:04.256430+00:00,[],2026-09-05
"quant_priya|2026-09-04T21:05:51.214089+00:00|#sensex showing higher highs, 48533 brok-dup",quant_priya,"#sensex showing higher highs, 48533 broken with volume, next stop 48233 DYOR.",2026-09-04 21:05:51.214089+00:00,15,1,1,['sensex'],[],sensex,2026-09-05 19:16:04.313869+00:00,[],2026-09-04
"quant_priya|2026-09-05T08:12:34.829742+00:00|#nifty50 update: flat session so far, vo",quant_priya,"#nifty50 update: flat session so far, volumes low ahead of RBI policy Kya lagta hai aap logo ka? ICICI Bank also in focus.",2026-09-05 08:12:34.829742+00:00,13,3,0,['nifty50'],[],nifty50,2026-09-05 19:16:04.268580+00:00,[],2026-09-05
"niftyguru|2026-09-05T07:49:58.880350+00:00|Sideways action continues on #sensex, 22",niftyguru,"Sideways action continues on #sensex, 22350-22050 range holding Options data suggests the same.",2026-09-05 07:49:58.880350+00:00,6,1,1,"['sensex', 'intraday']",[],sensex,2026-09-05 19:16:04.307199+00:00,[],2026-09-05
"dalalstreet_diary|2026-09-04T19:26:06.834879+00:00|Sensex rally continues, 47783 support ho",dalalstreet_diary,"Sensex rally continues, 47783 support holding well. Long positions looking good #banknifty",2026-09-04 19:26:06.834879+00:00,7,1,1,"['banknifty', 'intraday']",[],banknifty,2026-09-05 19:16:04.279441+00:00,[],2026-09-04
"banknifty_baba|2026-09-05T13:09:58.721824+00:00|Global cues supportive, #nifty50 likely ",banknifty_baba,"Global cues supportive, #nifty50 likely to open above 48492 tomorrow RBI policy day today.",2026-09-05 13:09:58.721824+00:00,8,2,0,['nifty50'],[],nifty50,2026-09-05 19:16:04.299201+00:00,[],2026-09-05
"quant_priya|2026-09-04T20:01:45.515439+00:00|Buy the dip on 21910, 22360 target for s",quant_priya,"Buy the dip on 21910, 22360 target for swing trade #banknifty $NIFTY Kya lagta hai aap logo ka?",2026-09-04 20:01:45.515439+00:00,15,4,2,"['banknifty', 'sensex']",[],banknifty,2026-09-05 19:16:04.277260+00:00,['NIFTY'],2026-09-04
"algo_anil|2026-09-05T16:01:27.202419+00:00|Sell on rise strategy for #banknifty, re",algo_anil,"Sell on rise strategy for #banknifty, resistance at 47774 not breaking NFA.",2026-09-05 16:01:27.202419+00:00,6,1,0,['banknifty'],[],banknifty,2026-09-05 19:16:04.263912+00:00,[],2026-09-05
"swing_trader_in|2026-09-05T08:38:11.049734+00:00|बाजार में तेजी है, 22285 के ऊपर खरीदारी ",swing_trader_in,"बाजार में तेजी है, 22285 के ऊपर खरीदारी का मौका #intraday Budget session ahead, stay alert.",2026-09-05 08:38:11.049734+00:00,11,0,1,['intraday'],[],intraday,2026-09-05 19:16:04.311257+00:00,[],2026-09-05
"intraday_ishaan|2026-09-05T01:09:34.756119+00:00|#banknifty forming lower lows, 23221 sup",intraday_ishaan,"#banknifty forming lower lows, 23221 support gone, next target 23671 RBI policy day today. ITC also in focus.",2026-09-05 01:09:34.756119+00:00,1,0,0,"['banknifty', 'banknifty']",[],banknifty,2026-09-05 19:16:04.288608+00:00,[],2026-09-05
"sensex_scalper|2026-09-05T06:11:31.743513+00:00|आज #nifty50 में जबरदस्त तेजी, 23115 का स",sensex_scalper,"आज #nifty50 में जबरदस्त तेजी, 23115 का स्तर पार Thoughts?",2026-09-05 06:11:31.743513+00:00,11,1,0,['nifty50'],[],nifty50,2026-09-05 19:16:04.295875+00:00,[],2026-09-05
"intraday_ishaan|2026-09-05T12:00:20.538868+00:00|#intraday breaking down below 49186, exp",intraday_ishaan,"#intraday breaking down below 49186, expecting further downside to 49806 Options data suggests the same.",2026-09-05 12:00:20.538868+00:00,1,0,0,['intraday'],[],intraday,2026-09-05 19:16:04.307605+00:00,[],2026-09-05
"options_owl|2026-09-05T05:48:47.093630+00:00|आज #banknifty में भारी गिरावट, 48315 का ",options_owl,"आज #banknifty में भारी गिरावट, 48315 का सपोर्ट टूटा Let's see how it closes.",2026-09-05 05:48:47.093630+00:00,14,1,1,['banknifty'],[],banknifty,2026-09-05 19:16:04.265541+00:00,[],2026-09-05
"riskmanager_99|2026-09-05T15:03:40.874164+00:00|Low volume day for #sensex, market await",riskmanager_99,"Low volume day for #sensex, market awaiting 23386 confirmation NFA.",2026-09-05 15:03:40.874164+00:00,2,0,0,['sensex'],[],sensex,2026-09-05 19:16:04.295163+00:00,[],2026-09-05
"riskmanager_99|2026-09-05T12:25:09.320411+00:00|Panic selling in #nifty50, 23354 breakdo",riskmanager_99,"Panic selling in #nifty50, 23354 breakdown confirmed, stop loss hit DYOR.",2026-09-05 12:25:09.320411+00:00,4,0,0,['nifty50'],[],nifty50,2026-09-05 19:16:04.294007+00:00,[],2026-09-05
"the_bear_desk|2026-09-05T04:55:05.059073+00:00|#intraday looking strong today, breakout",the_bear_desk,"#intraday looking strong today, breakout above 23397, target 23247 Thoughts? Bajaj Finance also in focus.",2026-09-05 04:55:05.059073+00:00,3,0,0,"['intraday', 'intraday']",['user_4a94eb'],intraday,2026-09-05 19:16:04.255598+00:00,[],2026-09-05
quant_priya|2026-09-05T18:26:50.761996+00:00|Nifty ne resistance todi! bullish moment,quant_priya,"Nifty ne resistance todi! bullish momentum building, 22411 ke upar accumulate karo #banknifty Kya lagta hai aap logo ka?",2026-09-05 18:26:50.761996+00:00,4,0,0,['banknifty'],[],banknifty,2026-09-05 19:16:04.270948+00:00,[],2026-09-05
"intraday_ishaan|2026-09-05T10:19:38.526722+00:00|FIIs selling continuously, #banknifty we",intraday_ishaan,"FIIs selling continuously, #banknifty weak below 48723 DYOR.",2026-09-05 10:19:38.526722+00:00,4,0,0,"['banknifty', 'intraday']",[],banknifty,2026-09-05 19:16:04.270933+00:00,[],2026-09-05
banknifty_baba|2026-09-04T19:50:22.089304+00:00|Profit booking seen in #banknifty near 4,banknifty_baba,"Profit booking seen in #banknifty near 48249, caution advised Options data suggests the same. Tata Motors also in focus.",2026-09-04 19:50:22.089304+00:00,5,1,0,"['banknifty', 'intraday']",['user_87a7ab'],banknifty,2026-09-05 19:16:04.254554+00:00,[],2026-09-04
"banknifty_baba|2026-09-05T09:05:40.279075+00:00|Buy the dip on 22988, 22688 target for s",banknifty_baba,"Buy the dip on 22988, 22688 target for swing trade #intraday $NIFTY Volume bhi zyada hai aaj.",2026-09-05 09:05:40.279075+00:00,1,0,0,['intraday'],[],intraday,2026-09-05 19:16:04.280991+00:00,['NIFTY'],2026-09-05
the_bear_desk|2026-09-05T02:14:36.882658+00:00|Profit booking seen in #nifty50 near 487,the_bear_desk,"Profit booking seen in #nifty50 near 48799, caution advised Budget session ahead, stay alert.",2026-09-05 02:14:36.882658+00:00,13,1,1,"['nifty50', 'sensex']",['user_b14dd3'],nifty50,2026-09-05 19:16:04.282527+00:00,[],2026-09-05
"intraday_ishaan|2026-09-04T20:13:39.490869+00:00|Gap up opening expected for #nifty50, 48-dup",intraday_ishaan,"Gap up opening expected for #nifty50, 48434 is the level to watch #stockmarket #trading",2026-09-04 20:13:39.490869+00:00,14,4,1,['nifty50'],[],nifty50,2026-09-05 19:16:04.313882+00:00,[],2026-09-04
"trader_raj|2026-09-05T03:46:27.997580+00:00|Buy the dip on 21662, 22462 target for s",trader_raj,"Buy the dip on 21662, 22462 target for swing trade #banknifty $NIFTY DYOR. Adani Enterprises also in focus.",2026-09-05 03:46:27.997580+00:00,9,2,1,['banknifty'],[],banknifty,2026-09-05 19:16:04.294719+00:00,['NIFTY'],2026-09-05
algo_anil|2026-09-04T19:39:46.521343+00:00|Profit booking seen in #intraday near 50,algo_anil,"Profit booking seen in #intraday near 50299, caution advised Volume bhi zyada hai aaj.",2026-09-04 19:39:46.521343+00:00,3,0,0,['intraday'],[],intraday,2026-09-05 19:16:04.284990+00:00,[],2026-09-04
"trader_raj|2026-09-04T23:21:58.989078+00:00|आज #sensex में भारी गिरावट, 21778 का सपो",trader_raj,"आज #sensex में भारी गिरावट, 21778 का सपोर्ट टूटा",2026-09-04 23:21:58.989078+00:00,10,0,1,"['sensex', 'intraday']",[],sensex,2026-09-05 19:16:04.286955+00:00,[],2026-09-04
"banknifty_baba|2026-09-05T14:11:17.186863+00:00|FIIs buying heavily today, #intraday cou",banknifty_baba,"FIIs buying heavily today, #intraday could test 49706 by expiry",2026-09-05 14:11:17.186863+00:00,5,1,0,['intraday'],[],intraday,2026-09-05 19:16:04.287575+00:00,[],2026-09-05
"algo_anil|2026-09-05T11:51:39.189175+00:00|Global cues supportive, #nifty50 likely ",algo_anil,"Global cues supportive, #nifty50 likely to open above 22286 tomorrow",2026-09-05 11:51:39.189175+00:00,3,0,0,['nifty50'],['user_2d63d5'],nifty50,2026-09-05 19:16:04.254491+00:00,[],2026-09-05
"trader_raj|2026-09-05T01:07:20.578742+00:00|बाजार में तेजी है, 21906 के ऊपर खरीदारी ",trader_raj,"बाजार में तेजी है, 21906 के ऊपर खरीदारी का मौका #nifty50 Thoughts?",2026-09-05 01:07:20.578742+00:00,8,0,0,['nifty50'],[],nifty50,2026-09-05 19:16:04.264339+00:00,[],2026-09-05
"MarketMaverick|2026-09-04T19:50:12.357512+00:00|Sideways action continues on #sensex, 23",MarketMaverick,"Sideways action continues on #sensex, 23365-22745 range holding",2026-09-04 19:50:12.357512+00:00,9,0,0,['sensex'],[],sensex,2026-09-05 19:16:04.275299+00:00,[],2026-09-04
bull_on_dalal_st|2026-09-05T08:31:09.840266+00:00|Short positions added on #sensex below 2,bull_on_dalal_st,"Short positions added on #sensex below 23010, target 22860 DYOR.",2026-09-05 08:31:09.840266+00:00,13,3,2,['sensex'],['user_18c523'],sensex,2026-09-05 19:16:04.309382+00:00,[],2026-09-05
"bull_on_dalal_st|2026-09-04T19:55:18.931195+00:00|#intraday showing higher highs, 22244 br",bull_on_dalal_st,"#intraday showing higher highs, 22244 broken with volume, next stop 22694 NFA.",2026-09-04 19:55:18.931195+00:00,15,0,2,['intraday'],[],intraday,2026-09-05 19:16:04.274167+00:00,[],2026-09-04
"algo_anil|2026-09-04T23:10:43.285514+00:00|आज #sensex में भारी गिरावट, 22333 का सपो",algo_anil,"आज #sensex में भारी गिरावट, 22333 का सपोर्ट टूटा Volume bhi zyada hai aaj.",2026-09-04 23:10:43.285514+00:00,4,0,0,['sensex'],[],sensex,2026-09-05 19:16:04.311037+00:00,[],2026-09-04
"banknifty_baba|2026-09-05T17:22:32.497398+00:00|Sensex rally continues, 21508 support ho",banknifty_baba,"Sensex rally continues, 21508 support holding well. Long positions looking good #nifty50 DYOR.",2026-09-05 17:22:32.497398+00:00,0,0,0,"['nifty50', 'intraday']",['user_5eeb6e'],nifty50,2026-09-05 19:16:04.278169+00:00,[],2026-09-05
"swing_trader_in|2026-09-05T07:21:45.275983+00:00|#sensex consolidating near 47687, need a",swing_trader_in,"#sensex consolidating near 47687, need a breakout either side Keep an eye on FII/DII data.",2026-09-05 07:21:45.275983+00:00,15,3,1,['sensex'],[],sensex,2026-09-05 19:16:04.292720+00:00,[],2026-09-05
"algo_anil|2026-09-05T16:34:00.119043+00:00|#nifty50 update: flat session so far, vo",algo_anil,"#nifty50 update: flat session so far, volumes low ahead of RBI policy Options data suggests the same.",2026-09-05 16:34:00.119043+00:00,14,3,0,"['nifty50', 'banknifty']",[],nifty50,2026-09-05 19:16:04.296970+00:00,[],2026-09-05
"quant_priya|2026-09-05T13:50:49.936449+00:00|#nifty50 breaking down below 21922, expe",quant_priya,"#nifty50 breaking down below 21922, expecting further downside to 21302",2026-09-05 13:50:49.936449+00:00,3,0,0,['nifty50'],[],nifty50,2026-09-05 19:16:04.256498+00:00,[],2026-09-05
"options_owl|2026-09-05T18:51:45.002576+00:00|Watching #nifty50 closely, no clear tren",options_owl,"Watching #nifty50 closely, no clear trend yet. What's everyone's view on 23131? Let's see how it closes.",2026-09-05 18:51:45.002576+00:00,5,0,0,['nifty50'],['user_716658'],nifty50,2026-09-05 19:16:04.296037+00:00,[],2026-09-05
"the_bear_desk|2026-09-05T15:11:23.113238+00:00|FIIs selling continuously, #intraday wea",the_bear_desk,"FIIs selling continuously, #intraday weak below 49723 Budget session ahead, stay alert.",2026-09-05 15:11:23.113238+00:00,2,0,0,"['intraday', 'nifty50']",[],intraday,2026-09-05 19:16:04.280855+00:00,[],2026-09-05
trader_raj|2026-09-05T16:58:14.369743+00:00|Positional buy initiated on #sensex abov,trader_raj,"Positional buy initiated on #sensex above 50074, SL below 49924 Keep an eye on FII/DII data.",2026-09-05 16:58:14.369743+00:00,1,0,0,"['sensex', 'banknifty']",['user_7c9d61'],sensex,2026-09-05 19:16:04.255543+00:00,[],2026-09-05
"MarketMaverick|2026-09-05T15:59:31.262057+00:00|#nifty50 consolidating near 47859, need ",MarketMaverick,"#nifty50 consolidating near 47859, need a breakout either side Keep an eye on FII/DII data.",2026-09-05 15:59:31.262057+00:00,10,1,1,"['nifty50', 'nifty50']",['user_01f879'],nifty50,2026-09-05 19:16:04.285280+00:00,[],2026-09-05
"algo_anil|2026-09-05T11:44:42.762651+00:00|Market crash ho sakta hai, 22127 ka supp",algo_anil,"Market crash ho sakta hai, 22127 ka support toot gaya, bearish on #nifty50 Thoughts?",2026-09-05 11:44:42.762651+00:00,5,0,0,['nifty50'],[],nifty50,2026-09-05 19:16:04.263867+00:00,[],2026-09-05
"bull_on_dalal_st|2026-09-05T09:03:42.064187+00:00|Global markets weak overnight, #nifty50 ",bull_on_dalal_st,"Global markets weak overnight, #nifty50 may gap down below 50088 #optionstrading #dalalstreet",2026-09-05 09:03:42.064187+00:00,15,1,1,['nifty50'],[],nifty50,2026-09-05 19:16:04.310393+00:00,[],2026-09-05
"niftyguru|2026-09-05T17:56:59.830441+00:00|Mixed signals on #intraday today, 21587 ",niftyguru,"Mixed signals on #intraday today, 21587 acting as a pivot Volume bhi zyada hai aaj.",2026-09-05 17:56:59.830441+00:00,1,0,0,['intraday'],[],intraday,2026-09-05 19:16:04.271960+00:00,[],2026-09-05
"niftyguru|2026-09-05T14:37:00.295164+00:00|आज #sensex में भारी गिरावट, 47988 का सपो",niftyguru,"आज #sensex में भारी गिरावट, 47988 का सपोर्ट टूटा Thoughts?",2026-09-05 14:37:00.295164+00:00,1,0,0,['sensex'],['user_49fbe6'],sensex,2026-09-05 19:16:04.312705+00:00,[],2026-09-05
"sensex_scalper|2026-09-05T12:37:57.810299+00:00|Mixed signals on #nifty50 today, 21716 a",sensex_scalper,"Mixed signals on #nifty50 today, 21716 acting as a pivot Thoughts?",2026-09-05 12:37:57.810299+00:00,8,0,0,['nifty50'],[],nifty50,2026-09-05 19:16:04.284714+00:00,[],2026-09-05
"quant_priya|2026-09-05T15:07:13.506203+00:00|Buy the dip on 49265, 48645 target for s",quant_priya,"Buy the dip on 49265, 48645 target for swing trade #sensex $NIFTY Options data suggests the same.",2026-09-05 15:07:13.506203+00:00,14,3,1,['sensex'],[],sensex,2026-09-05 19:16:04.275093+00:00,['NIFTY'],2026-09-05
"bull_on_dalal_st|2026-09-05T07:42:16.178276+00:00|#nifty50 breaking down below 22169, expe",bull_on_dalal_st,"#nifty50 breaking down below 22169, expecting further downside to 22969 Keep an eye on FII/DII data.",2026-09-05 07:42:16.178276+00:00,11,2,1,"['nifty50', 'intraday']",[],nifty50,2026-09-05 19:16:04.305072+00:00,[],2026-09-05
"quant_priya|2026-09-05T18:51:20.164836+00:00|Market crash ho sakta hai, 49464 ka supp",quant_priya,"Market crash ho sakta hai, 49464 ka support toot gaya, bearish on #nifty50 Options data suggests the same.",2026-09-05 18:51:20.164836+00:00,7,1,0,['nifty50'],[],nifty50,2026-09-05 19:16:04.265868+00:00,[],2026-09-05
"swing_trader_in|2026-09-05T18:03:26.944052+00:00|#sensex showing higher highs, 47934 brok",swing_trader_in,"#sensex showing higher highs, 47934 broken with volume, next stop 48734 NFA.",2026-09-05 18:03:26.944052+00:00,5,1,0,"['sensex', 'nifty50']",[],sensex,2026-09-05 19:16:04.261570+00:00,[],2026-09-05
the_bear_desk|2026-09-05T08:51:20.957140+00:00|Positional buy initiated on #intraday ab,the_bear_desk,"Positional buy initiated on #intraday above 23110, SL below 23730 #optionstrading #dalalstreet",2026-09-05 08:51:20.957140+00:00,5,1,0,['intraday'],[],intraday,2026-09-05 19:16:04.274180+00:00,[],2026-09-05
"chartwizard|2026-09-05T09:32:34.912784+00:00|Sensex rally continues, 49936 support ho",chartwizard,"Sensex rally continues, 49936 support holding well. Long positions looking good #banknifty HDFC Bank also in focus.",2026-09-05 09:32:34.912784+00:00,0,0,0,['banknifty'],[],banknifty,2026-09-05 19:16:04.276349+00:00,[],2026-09-05
MarketMaverick|2026-09-05T01:18:42.798484+00:00|Positional buy initiated on #sensex abov,MarketMaverick,"Positional buy initiated on #sensex above 50718, SL below 51518 DYOR.",2026-09-05 01:18:42.798484+00:00,5,0,0,['sensex'],[],sensex,2026-09-05 19:16:04.311371+00:00,[],2026-09-05
"options_owl|2026-09-05T14:07:45.924885+00:00|बाजार में तेजी है, 21661 के ऊपर खरीदारी ",options_owl,"बाजार में तेजी है, 21661 के ऊपर खरीदारी का मौका #nifty50 Options data suggests the same.",2026-09-05 14:07:45.924885+00:00,13,2,1,"['nifty50', 'banknifty']",[],nifty50,2026-09-05 19:16:04.273922+00:00,[],2026-09-05
MarketMaverick|2026-09-04T21:52:57.381033+00:00|Positional buy initiated on #sensex abov,MarketMaverick,"Positional buy initiated on #sensex above 47673, SL below 47823 #optionstrading #dalalstreet",2026-09-04 21:52:57.381033+00:00,0,0,0,['sensex'],[],sensex,2026-09-05 19:16:04.311143+00:00,[],2026-09-04
"quant_priya|2026-09-05T04:07:19.557519+00:00|#sensex showing higher highs, 22036 brok",quant_priya,"#sensex showing higher highs, 22036 broken with volume, next stop 21886 Volume bhi zyada hai aaj. HDFC Bank also in focus.",2026-09-05 04:07:19.557519+00:00,11,2,1,['sensex'],[],sensex,2026-09-05 19:16:04.294904+00:00,[],2026-09-05
the_bear_desk|2026-09-05T09:44:01.546126+00:00|Profit booking seen in #nifty50 near 508,the_bear_desk,"Profit booking seen in #nifty50 near 50837, caution advised Let's see how it closes.",2026-09-05 09:44:01.546126+00:00,1,0,0,['nifty50'],[],nifty50,2026-09-05 19:16:04.253774+00:00,[],2026-09-05
"options_owl|2026-09-04T21:35:44.271708+00:00|Global cues supportive, #intraday likely",options_owl,"Global cues supportive, #intraday likely to open above 22269 tomorrow DYOR.",2026-09-04 21:35:44.271708+00:00,15,3,1,['intraday'],[],intraday,2026-09-05 19:16:04.266142+00:00,[],2026-09-04
options_owl|2026-09-05T02:55:15.826104+00:00|Profit booking seen in #sensex near 4960,options_owl,"Profit booking seen in #sensex near 49601, caution advised RBI policy day today.",2026-09-05 02:55:15.826104+00:00,2,0,0,['sensex'],[],sensex,2026-09-05 19:16:04.258131+00:00,[],2026-09-05
"the_bear_desk|2026-09-05T15:05:17.370869+00:00|बाजार में तेजी है, 50613 के ऊपर खरीदारी ",the_bear_desk,"बाजार में तेजी है, 50613 के ऊपर खरीदारी का मौका #sensex Volume bhi zyada hai aaj.",2026-09-05 15:05:17.370869+00:00,6,1,1,"['sensex', 'nifty50']",['user_cf2ab6'],sensex,2026-09-05 19:16:04.299987+00:00,[],2026-09-05
dalalstreet_diary|2026-09-05T08:36:01.710322+00:00|Profit booking seen in #banknifty near 2-dup,dalalstreet_diary,"Profit booking seen in #banknifty near 22051, caution advised #optionstrading #dalalstreet",2026-09-05 08:36:01.710322+00:00,4,0,0,"['banknifty', 'intraday']",['user_8c9b6a'],banknifty,2026-09-05 19:16:04.313738+00:00,[],2026-09-05
quant_priya|2026-09-05T10:13:01.154068+00:00|Profit booking seen in #banknifty near 2,quant_priya,"Profit booking seen in #banknifty near 21873, caution advised",2026-09-05 10:13:01.154068+00:00,5,0,0,['banknifty'],[],banknifty,2026-09-05 19:16:04.296460+00:00,[],2026-09-05
MarketMaverick|2026-09-05T14:59:37.590411+00:00|Positional buy initiated on #sensex abov,MarketMaverick,"Positional buy initiated on #sensex above 49077, SL below 48927 RBI policy day today.",2026-09-05 14:59:37.590411+00:00,0,0,0,['sensex'],['user_bef442'],sensex,2026-09-05 19:16:04.277022+00:00,[],2026-09-05
"trader_raj|2026-09-05T10:04:21.641778+00:00|Sensex rally continues, 21675 support ho-dup",trader_raj,"Sensex rally continues, 21675 support holding well. Long positions looking good #banknifty DYOR.",2026-09-05 10:04:21.641778+00:00,13,3,0,['banknifty'],[],banknifty,2026-09-05 19:16:04.314750+00:00,[],2026-09-05
niftyguru|2026-09-05T04:17:19.781755+00:00|Profit booking seen in #nifty50 near 230,niftyguru,"Profit booking seen in #nifty50 near 23053, caution advised #optionstrading #dalalstreet",2026-09-05 04:17:19.781755+00:00,13,3,1,['nifty50'],[],nifty50,2026-09-05 19:16:04.277376+00:00,[],2026-09-05
"trader_raj|2026-09-05T06:44:39.375587+00:00|Gap up opening expected for #banknifty, ",trader_raj,"Gap up opening expected for #banknifty, 22458 is the level to watch",2026-09-05 06:44:39.375587+00:00,12,2,2,['banknifty'],[],banknifty,2026-09-05 19:16:04.257973+00:00,[],2026-09-05
"swing_trader_in|2026-09-05T10:17:37.444698+00:00|आज #banknifty में भारी गिरावट, 21821 का -dup",swing_trader_in,"आज #banknifty में भारी गिरावट, 21821 का सपोर्ट टूटा NFA.",2026-09-05 10:17:37.444698+00:00,7,0,0,['banknifty'],[],banknifty,2026-09-05 19:16:04.314414+00:00,[],2026-09-05
"niftyguru|2026-09-05T15:24:24.751129+00:00|Watching #banknifty closely, no clear tr",niftyguru,"Watching #banknifty closely, no clear trend yet. What's everyone's view on 23132? #stockmarket #trading",2026-09-05 15:24:24.751129+00:00,7,1,1,['banknifty'],['user_95dc87'],banknifty,2026-09-05 19:16:04.311003+00:00,[],2026-09-05
"dalalstreet_diary|2026-09-05T14:08:36.291237+00:00|Global cues supportive, #sensex likely t",dalalstreet_diary,"Global cues supportive, #sensex likely to open above 48837 tomorrow RBI policy day today. ITC also in focus.",2026-09-05 14:08:36.291237+00:00,11,0,0,"['sensex', 'sensex']",[],sensex,2026-09-05 19:16:04.272898+00:00,[],2026-09-05
algo_anil|2026-09-04T22:06:36.882091+00:00|Nifty ne resistance todi! bullish moment,algo_anil,"Nifty ne resistance todi! bullish momentum building, 49285 ke upar accumulate karo #banknifty #stockmarket #trading",2026-09-04 22:06:36.882091+00:00,14,2,1,['banknifty'],[],banknifty,2026-09-05 19:16:04.295401+00:00,[],2026-09-04
"algo_anil|2026-09-05T12:31:00.923772+00:00|Low volume day for #banknifty, market aw",algo_anil,"Low volume day for #banknifty, market awaiting 22437 confirmation Kya lagta hai aap logo ka?",2026-09-05 12:31:00.923772+00:00,3,0,0,['banknifty'],[],banknifty,2026-09-05 19:16:04.287547+00:00,[],2026-09-05
banknifty_baba|2026-09-05T14:19:29.182381+00:00|#sensex range-bound between 49200 and 49,banknifty_baba,"#sensex range-bound between 49200 and 49820 today, waiting for a clear direction Infosys also in focus.",2026-09-05 14:19:29.182381+00:00,9,1,0,"['sensex', 'sensex']",[],sensex,2026-09-05 19:16:04.293916+00:00,[],2026-09-05
"algo_anil|2026-09-05T14:43:00.316276+00:00|Global cues supportive, #banknifty likel",algo_anil,"Global cues supportive, #banknifty likely to open above 50710 tomorrow Keep an eye on FII/DII data.",2026-09-05 14:43:00.316276+00:00,3,0,0,['banknifty'],[],banknifty,2026-09-05 19:16:04.297512+00:00,[],2026-09-05
"MarketMaverick|2026-09-05T04:35:33.830076+00:00|Buy the dip on 50002, 49702 target for s",MarketMaverick,"Buy the dip on 50002, 49702 target for swing trade #nifty50 $NIFTY Let's see how it closes.",2026-09-05 04:35:33.830076+00:00,0,0,0,"['nifty50', 'sensex']",[],nifty50,2026-09-05 19:16:04.285129+00:00,['NIFTY'],2026-09-05
MarketMaverick|2026-09-05T10:41:33.461134+00:00|Profit booking seen in #intraday near 48,MarketMaverick,"Profit booking seen in #intraday near 48087, caution advised",2026-09-05 10:41:33.461134+00:00,12,0,0,['intraday'],[],intraday,2026-09-05 19:16:04.269622+00:00,[],2026-09-05
"riskmanager_99|2026-09-04T22:05:00.536422+00:00|Market crash ho sakta hai, 48643 ka supp",riskmanager_99,"Market crash ho sakta hai, 48643 ka support toot gaya, bearish on #intraday RBI policy day today.",2026-09-04 22:05:00.536422+00:00,3,0,0,['intraday'],[],intraday,2026-09-05 19:16:04.288218+00:00,[],2026-09-04
"trader_raj|2026-09-05T14:01:38.256817+00:00|Market crash ho sakta hai, 22029 ka supp",trader_raj,"Market crash ho sakta hai, 22029 ka support toot gaya, bearish on #nifty50 RBI policy day today. ICICI Bank also in focus.",2026-09-05 14:01:38.256817+00:00,8,1,1,['nifty50'],[],nifty50,2026-09-05 19:16:04.310842+00:00,[],2026-09-05
"quant_priya|2026-09-05T00:34:15.756343+00:00|#nifty50 consolidating near 22467, need ",quant_priya,"#nifty50 consolidating near 22467, need a breakout either side DYOR.",2026-09-05 00:34:15.756343+00:00,7,0,0,['nifty50'],[],nifty50,2026-09-05 19:16:04.253245+00:00,[],2026-09-05
"riskmanager_99|2026-09-05T16:27:01.511241+00:00|Gap up opening expected for #sensex, 221",riskmanager_99,"Gap up opening expected for #sensex, 22163 is the level to watch #stockmarket #trading",2026-09-05 16:27:01.511241+00:00,6,0,1,"['sensex', 'intraday']",[],sensex,2026-09-05 19:16:04.257558+00:00,[],2026-09-05
"intraday_ishaan|2026-09-05T10:06:28.770222+00:00|#banknifty showing higher highs, 21798 b",intraday_ishaan,"#banknifty showing higher highs, 21798 broken with volume, next stop 21948 #optionstrading #dalalstreet Reliance also in focus.",2026-09-05 10:06:28.770222+00:00,3,0,0,['banknifty'],[],banknifty,2026-09-05 19:16:04.304530+00:00,[],2026-09-05
"bull_on_dalal_st|2026-09-05T11:26:17.377046+00:00|Mixed signals on #banknifty today, 21981",bull_on_dalal_st,"Mixed signals on #banknifty today, 21981 acting as a pivot",2026-09-05 11:26:17.377046+00:00,7,1,0,"['banknifty', 'sensex']",[],banknifty,2026-09-05 19:16:04.285423+00:00,[],2026-09-05
"quant_priya|2026-09-05T17:58:44.381864+00:00|Global markets weak overnight, #banknift",quant_priya,"Global markets weak overnight, #banknifty may gap down below 49810 Keep an eye on FII/DII data.",2026-09-05 17:58:44.381864+00:00,14,3,2,['banknifty'],[],banknifty,2026-09-05 19:16:04.310541+00:00,[],2026-09-05
"chartwizard|2026-09-05T00:21:27.667426+00:00|FIIs buying heavily today, #intraday cou",chartwizard,"FIIs buying heavily today, #intraday could test 47628 by expiry DYOR.",2026-09-05 00:21:27.667426+00:00,4,0,0,"['intraday', 'intraday']",[],intraday,2026-09-05 19:16:04.258014+00:00,[],2026-09-05
intraday_ishaan|2026-09-04T21:29:56.041862+00:00|Profit booking seen in #intraday near 50,intraday_ishaan,"Profit booking seen in #intraday near 50362, caution advised Kya lagta hai aap logo ka?",2026-09-04 21:29:56.041862+00:00,5,0,0,['intraday'],['user_558c82'],intraday,2026-09-05 19:16:04.294737+00:00,[],2026-09-04
"options_owl|2026-09-05T16:14:41.348909+00:00|#intraday breaking down below 23279, exp",options_owl,"#intraday breaking down below 23279, expecting further downside to 23729",2026-09-05 16:14:41.348909+00:00,1,0,0,['intraday'],[],intraday,2026-09-05 19:16:04.292441+00:00,[],2026-09-05
"sensex_scalper|2026-09-05T10:15:47.809308+00:00|FIIs buying heavily today, #sensex could",sensex_scalper,"FIIs buying heavily today, #sensex could test 23481 by expiry Budget session ahead, stay alert.",2026-09-05 10:15:47.809308+00:00,1,0,0,['sensex'],[],sensex,2026-09-05 19:16:04.311649+00:00,[],2026-09-05
algo_anil|2026-09-04T19:31:20.043939+00:00|Positional buy initiated on #sensex abov,algo_anil,"Positional buy initiated on #sensex above 22412, SL below 22712 #stockmarket #trading Adani Enterprises also in focus.",2026-09-04 19:31:20.043939+00:00,0,0,0,"['sensex', 'intraday']",[],sensex,2026-09-05 19:16:04.313315+00:00,[],2026-09-04
"chartwizard|2026-09-04T22:54:04.129586+00:00|Sell on rise strategy for #intraday, res",chartwizard,"Sell on rise strategy for #intraday, resistance at 22514 not breaking",2026-09-04 22:54:04.129586+00:00,11,1,1,"['intraday', 'nifty50']",[],intraday,2026-09-05 19:16:04.294436+00:00,[],2026-09-04
riskmanager_99|2026-09-04T21:13:28.953114+00:00|#nifty50 range-bound between 50759 and 5-dup,riskmanager_99,"#nifty50 range-bound between 50759 and 51379 today, waiting for a clear direction #stockmarket #trading",2026-09-04 21:13:28.953114+00:00,1,0,0,['nifty50'],[],nifty50,2026-09-05 19:16:04.314136+00:00,[],2026-09-04
"bull_on_dalal_st|2026-09-05T09:37:04.411018+00:00|आज #banknifty में जबरदस्त तेजी, 22486 का",bull_on_dalal_st,"आज #banknifty में जबरदस्त तेजी, 22486 का स्तर पार NFA.",2026-09-05 09:37:04.411018+00:00,14,2,1,['banknifty'],[],banknifty,2026-09-05 19:16:04.287403+00:00,[],2026-09-05
dalalstreet_diary|2026-09-05T05:05:01.082126+00:00|#sensex range-bound between 21572 and 20,dalalstreet_diary,"#sensex range-bound between 21572 and 20952 today, waiting for a clear direction Budget session ahead, stay alert.",2026-09-05 05:05:01.082126+00:00,0,0,0,['sensex'],[],sensex,2026-09-05 19:16:04.289543+00:00,[],2026-09-05
"quant_priya|2026-09-05T05:31:05.516273+00:00|Global markets weak overnight, #nifty50 ",quant_priya,"Global markets weak overnight, #nifty50 may gap down below 22102 RBI policy day today.",2026-09-05 05:31:05.516273+00:00,2,0,0,"['nifty50', 'nifty50']",['user_ccae9f'],nifty50,2026-09-05 19:16:04.298356+00:00,[],2026-09-05
bull_on_dalal_st|2026-09-04T19:43:14.024157+00:00|Profit booking seen in #nifty50 near 223,bull_on_dalal_st,"Profit booking seen in #nifty50 near 22369, caution advised #optionstrading #dalalstreet HDFC Bank also in focus.",2026-09-04 19:43:14.024157+00:00,3,0,0,['nifty50'],[],nifty50,2026-09-05 19:16:04.283780+00:00,[],2026-09-04
"algo_anil|2026-09-05T09:32:37.011941+00:00|बाजार में तेजी है, 50589 के ऊपर खरीदारी ",algo_anil,"बाजार में तेजी है, 50589 के ऊपर खरीदारी का मौका #intraday #optionstrading #dalalstreet",2026-09-05 09:32:37.011941+00:00,0,0,0,"['intraday', 'banknifty']",[],intraday,2026-09-05 19:16:04.268921+00:00,[],2026-09-05
"riskmanager_99|2026-09-05T16:09:59.745637+00:00|#sensex looking strong today, breakout a",riskmanager_99,"#sensex looking strong today, breakout above 23174, target 23024 Thoughts?",2026-09-05 16:09:59.745637+00:00,11,3,1,['sensex'],[],sensex,2026-09-05 19:16:04.292101+00:00,[],2026-09-05
"niftyguru|2026-09-05T11:49:41.308006+00:00|Mixed signals on #intraday today, 22011 -dup",niftyguru,"Mixed signals on #intraday today, 22011 acting as a pivot Budget session ahead, stay alert.",2026-09-05 11:49:41.308006+00:00,4,0,0,['intraday'],['user_989b9d'],intraday,2026-09-05 19:16:04.314127+00:00,[],2026-09-05
riskmanager_99|2026-09-05T02:22:23.717145+00:00|Positional buy initiated on #intraday ab,riskmanager_99,"Positional buy initiated on #intraday above 23135, SL below 22835",2026-09-05 02:22:23.717145+00:00,13,1,0,['intraday'],[],intraday,2026-09-05 19:16:04.272354+00:00,[],2026-09-05
"bull_on_dalal_st|2026-09-05T04:40:58.338410+00:00|Global cues supportive, #intraday likely",bull_on_dalal_st,"Global cues supportive, #intraday likely to open above 48044 tomorrow #stockmarket #trading",2026-09-05 04:40:58.338410+00:00,2,0,0,['intraday'],[],intraday,2026-09-05 19:16:04.308908+00:00,[],2026-09-05
dalalstreet_diary|2026-09-05T04:22:53.501586+00:00|Nifty ne resistance todi! bullish moment,dalalstreet_diary,"Nifty ne resistance todi! bullish momentum building, 49731 ke upar accumulate karo #sensex",2026-09-05 04:22:53.501586+00:00,0,0,0,['sensex'],[],sensex,2026-09-05 19:16:04.265577+00:00,[],2026-09-05
"algo_anil|2026-09-05T16:18:32.520829+00:00|Tejji ka mahaul hai #intraday mein, 5029",algo_anil,"Tejji ka mahaul hai #intraday mein, 50291 pe strong buying dekhi Keep an eye on FII/DII data.",2026-09-05 16:18:32.520829+00:00,1,0,0,['intraday'],['user_e2676e'],intraday,2026-09-05 19:16:04.287510+00:00,[],2026-09-05
intraday_ishaan|2026-09-05T14:41:18.024330+00:00|Profit booking seen in #sensex near 5056,intraday_ishaan,"Profit booking seen in #sensex near 50566, caution advised Options data suggests the same.",2026-09-05 14:41:18.024330+00:00,3,0,0,"['sensex', 'nifty50']",[],sensex,2026-09-05 19:16:04.257813+00:00,[],2026-09-05
"sensex_scalper|2026-09-05T00:45:02.310660+00:00|Low volume day for #sensex, market await",sensex_scalper,"Low volume day for #sensex, market awaiting 23145 confirmation #stockmarket #trading",2026-09-05 00:45:02.310660+00:00,15,1,2,['sensex'],[],sensex,2026-09-05 19:16:04.252317+00:00,[],2026-09-05
"MarketMaverick|2026-09-05T03:12:04.744852+00:00|Gap up opening expected for #banknifty, ",MarketMaverick,"Gap up opening expected for #banknifty, 50023 is the level to watch Let's see how it closes.",2026-09-05 03:12:04.744852+00:00,1,0,0,['banknifty'],[],banknifty,2026-09-05 19:16:04.276505+00:00,[],2026-09-05
"chartwizard|2026-09-05T02:36:36.661875+00:00|Panic selling in #banknifty, 22055 break",chartwizard,"Panic selling in #banknifty, 22055 breakdown confirmed, stop loss hit RBI policy day today.",2026-09-05 02:36:36.661875+00:00,1,0,0,['banknifty'],[],banknifty,2026-09-05 19:16:04.258174+00:00,[],2026-09-05
"trader_raj|2026-09-05T16:35:47.608812+00:00|Sell on rise strategy for #banknifty, re",trader_raj,"Sell on rise strategy for #banknifty, resistance at 22715 not breaking Options data suggests the same.",2026-09-05 16:35:47.608812+00:00,8,0,1,['banknifty'],[],banknifty,2026-09-05 19:16:04.279762+00:00,[],2026-09-05
options_owl|2026-09-05T15:13:22.606897+00:00|Nifty ne resistance todi! bullish moment,options_owl,"Nifty ne resistance todi! bullish momentum building, 48717 ke upar accumulate karo #banknifty Volume bhi zyada hai aaj.",2026-09-05 15:13:22.606897+00:00,9,0,1,['banknifty'],[],banknifty,2026-09-05 19:16:04.291570+00:00,[],2026-09-05
"sensex_scalper|2026-09-04T20:54:55.841247+00:00|#intraday forming lower lows, 22004 supp",sensex_scalper,"#intraday forming lower lows, 22004 support gone, next target 22304 Let's see how it closes.",2026-09-04 20:54:55.841247+00:00,1,0,0,['intraday'],[],intraday,2026-09-05 19:16:04.271164+00:00,[],2026-09-04
"algo_anil|2026-09-05T15:35:13.056446+00:00|#banknifty forming lower lows, 49794 sup",algo_anil,"#banknifty forming lower lows, 49794 support gone, next target 50094 DYOR.",2026-09-05 15:35:13.056446+00:00,6,1,0,"['banknifty', 'nifty50']",[],banknifty,2026-09-05 19:16:04.274995+00:00,[],2026-09-05
"banknifty_baba|2026-09-05T14:17:46.204359+00:00|मंदी का माहौल है बाज़ार में, 22306 से नी",banknifty_baba,"मंदी का माहौल है बाज़ार में, 22306 से नीचे बिकवाली तेज #intraday Options data suggests the same.",2026-09-05 14:17:46.204359+00:00,3,0,0,"['intraday', 'banknifty']",[],intraday,2026-09-05 19:16:04.271211+00:00,[],2026-09-05
"dalalstreet_diary|2026-09-05T16:06:43.533746+00:00|Tejji ka mahaul hai #banknifty mein, 232",dalalstreet_diary,"Tejji ka mahaul hai #banknifty mein, 23277 pe strong buying dekhi Budget session ahead, stay alert.",2026-09-05 16:06:43.533746+00:00,1,0,0,['banknifty'],[],banknifty,2026-09-05 19:16:04.285961+00:00,[],2026-09-05
"swing_trader_in|2026-09-04T21:24:14.808402+00:00|#nifty50 showing higher highs, 22095 bro",swing_trader_in,"#nifty50 showing higher highs, 22095 broken with volume, next stop 22245",2026-09-04 21:24:14.808402+00:00,14,1,0,['nifty50'],[],nifty50,2026-09-05 19:16:04.273620+00:00,[],2026-09-04
options_owl|2026-09-05T11:40:04.161879+00:00|Nifty ne resistance todi! bullish moment,options_owl,"Nifty ne resistance todi! bullish momentum building, 50252 ke upar accumulate karo #nifty50 Let's see how it closes.",2026-09-05 11:40:04.161879+00:00,1,0,0,"['nifty50', 'sensex']",[],nifty50,2026-09-05 19:16:04.304768+00:00,[],2026-09-05
"algo_anil|2026-09-05T07:42:40.462341+00:00|Mixed signals on #intraday today, 22977 ",algo_anil,"Mixed signals on #intraday today, 22977 acting as a pivot Keep an eye on FII/DII data.",2026-09-05 07:42:40.462341+00:00,11,1,1,['intraday'],[],intraday,2026-09-05 19:16:04.279615+00:00,[],2026-09-05
"trader_raj|2026-09-05T05:42:11.537134+00:00|बाजार में तेजी है, 21958 के ऊपर खरीदारी -dup",trader_raj,"बाजार में तेजी है, 21958 के ऊपर खरीदारी का मौका #sensex #stockmarket #trading",2026-09-05 05:42:11.537134+00:00,1,0,0,"['sensex', 'sensex']",[],sensex,2026-09-05 19:16:04.313678+00:00,[],2026-09-05
"bull_on_dalal_st|2026-09-05T14:26:41.291589+00:00|#intraday consolidating near 22070, need",bull_on_dalal_st,"#intraday consolidating near 22070, need a breakout either side Keep an eye on FII/DII data.",2026-09-05 14:26:41.291589+00:00,7,1,0,['intraday'],[],intraday,2026-09-05 19:16:04.281892+00:00,[],2026-09-05
"options_owl|2026-09-05T01:14:19.539696+00:00|Global markets weak overnight, #nifty50 ",options_owl,"Global markets weak overnight, #nifty50 may gap down below 48835",2026-09-05 01:14:19.539696+00:00,9,0,0,['nifty50'],[],nifty50,2026-09-05 19:16:04.309515+00:00,[],2026-09-05
niftyguru|2026-09-04T23:48:07.401903+00:00|#intraday range-bound between 22846 and ,niftyguru,"#intraday range-bound between 22846 and 23646 today, waiting for a clear direction Thoughts? SBI also in focus.",2026-09-04 23:48:07.401903+00:00,8,0,1,['intraday'],[],intraday,2026-09-05 19:16:04.299188+00:00,[],2026-09-04
"swing_trader_in|2026-09-05T00:53:47.099913+00:00|Mixed signals on #nifty50 today, 50712 a",swing_trader_in,"Mixed signals on #nifty50 today, 50712 acting as a pivot",2026-09-05 00:53:47.099913+00:00,15,1,2,['nifty50'],[],nifty50,2026-09-05 19:16:04.253974+00:00,[],2026-09-05
niftyguru|2026-09-05T03:27:41.494282+00:00|Positional buy initiated on #banknifty a,niftyguru,"Positional buy initiated on #banknifty above 49320, SL below 49470 Thoughts?",2026-09-05 03:27:41.494282+00:00,1,0,0,['banknifty'],[],banknifty,2026-09-05 19:16:04.268722+00:00,[],2026-09-05
banknifty_baba|2026-09-05T03:14:22.134442+00:00|Nifty ne resistance todi! bullish moment,banknifty_baba,"Nifty ne resistance todi! bullish momentum building, 50313 ke upar accumulate karo #sensex NFA. Bajaj Finance also in focus.",2026-09-05 03:14:22.134442+00:00,1,0,0,['sensex'],['user_2bd08a'],sensex,2026-09-05 19:16:04.294997+00:00,[],2026-09-05
"swing_trader_in|2026-09-04T19:14:41.652431+00:00|Sensex rally continues, 50589 support ho",swing_trader_in,"Sensex rally continues, 50589 support holding well. Long positions looking good #banknifty",2026-09-04 19:14:41.652431+00:00,14,1,0,['banknifty'],['user_157bca'],banknifty,2026-09-05 19:16:04.282930+00:00,[],2026-09-04
"bull_on_dalal_st|2026-09-05T08:10:24.777335+00:00|मंदी का माहौल है बाज़ार में, 22458 से नी",bull_on_dalal_st,"मंदी का माहौल है बाज़ार में, 22458 से नीचे बिकवाली तेज #sensex Tata Motors also in focus.",2026-09-05 08:10:24.777335+00:00,1,0,0,['sensex'],[],sensex,2026-09-05 19:16:04.308830+00:00,[],2026-09-05
"banknifty_baba|2026-09-04T23:27:41.709109+00:00|#banknifty breaking down below 48512, ex",banknifty_baba,"#banknifty breaking down below 48512, expecting further downside to 48212 Volume bhi zyada hai aaj.",2026-09-04 23:27:41.709109+00:00,6,1,0,['banknifty'],[],banknifty,2026-09-05 19:16:04.278258+00:00,[],2026-09-04
"niftyguru|2026-09-05T05:18:53.547919+00:00|Global cues supportive, #banknifty likel",niftyguru,"Global cues supportive, #banknifty likely to open above 50278 tomorrow NFA.",2026-09-05 05:18:53.547919+00:00,4,0,0,['banknifty'],[],banknifty,2026-09-05 19:16:04.260589+00:00,[],2026-09-05
algo_anil|2026-09-04T18:42:07.832649+00:00|Positional buy initiated on #sensex abov,algo_anil,"Positional buy initiated on #sensex above 22337, SL below 22187 Volume bhi zyada hai aaj.",2026-09-04 18:42:07.832649+00:00,6,1,0,['sensex'],[],sensex,2026-09-05 19:16:04.264912+00:00,[],2026-09-04
"trader_raj|2026-09-05T12:17:20.971630+00:00|Low volume day for #nifty50, market awai",trader_raj,"Low volume day for #nifty50, market awaiting 22635 confirmation #stockmarket #trading",2026-09-05 12:17:20.971630+00:00,3,0,0,['nifty50'],[],nifty50,2026-09-05 19:16:04.272438+00:00,[],2026-09-05
"swing_trader_in|2026-09-05T02:35:02.339648+00:00|बाजार में तेजी है, 50231 के ऊपर खरीदारी ",swing_trader_in,"बाजार में तेजी है, 50231 के ऊपर खरीदारी का मौका #intraday Volume bhi zyada hai aaj.",2026-09-05 02:35:02.339648+00:00,13,1,1,['intraday'],[],intraday,2026-09-05 19:16:04.309406+00:00,[],2026-09-05
"the_bear_desk|2026-09-05T00:27:55.379772+00:00|#nifty50 breaking down below 22795, expe",the_bear_desk,"#nifty50 breaking down below 22795, expecting further downside to 23595 #optionstrading #dalalstreet",2026-09-05 00:27:55.379772+00:00,14,3,2,['nifty50'],[],nifty50,2026-09-05 19:16:04.286013+00:00,[],2026-09-05
"MarketMaverick|2026-09-05T00:21:30.650878+00:00|Gap up opening expected for #sensex, 216",MarketMaverick,"Gap up opening expected for #sensex, 21683 is the level to watch DYOR.",2026-09-05 00:21:30.650878+00:00,6,1,0,['sensex'],[],sensex,2026-09-05 19:16:04.312418+00:00,[],2026-09-05
"riskmanager_99|2026-09-05T16:20:02.192299+00:00|Buy the dip on 23009, 23309 target for s",riskmanager_99,"Buy the dip on 23009, 23309 target for swing trade #intraday $NIFTY #optionstrading #dalalstreet",2026-09-05 16:20:02.192299+00:00,3,0,0,"['intraday', 'intraday']",[],intraday,2026-09-05 19:16:04.304975+00:00,['NIFTY'],2026-09-05
chartwizard|2026-09-05T17:50:36.098027+00:00|Short positions added on #nifty50 below ,chartwizard,"Short positions added on #nifty50 below 48964, target 48814 Options data suggests the same.",2026-09-05 17:50:36.098027+00:00,1,0,0,['nifty50'],[],nifty50,2026-09-05 19:16:04.267492+00:00,[],2026-09-05
"swing_trader_in|2026-09-05T15:24:34.476903+00:00|FIIs selling continuously, #intraday wea",swing_trader_in,"FIIs selling continuously, #intraday weak below 22633 Volume bhi zyada hai aaj.",2026-09-05 15:24:34.476903+00:00,4,0,0,['intraday'],[],intraday,2026-09-05 19:16:04.295720+00:00,[],2026-09-05
"algo_anil|2026-09-05T08:51:47.994819+00:00|आज #nifty50 में भारी गिरावट, 50774 का सप",algo_anil,"आज #nifty50 में भारी गिरावट, 50774 का सपोर्ट टूटा Budget session ahead, stay alert.",2026-09-05 08:51:47.994819+00:00,1,0,0,"['nifty50', 'sensex']",[],nifty50,2026-09-05 19:16:04.275595+00:00,[],2026-09-05
"chartwizard|2026-09-05T14:15:24.333038+00:00|Global cues supportive, #banknifty likel",chartwizard,"Global cues supportive, #banknifty likely to open above 48161 tomorrow Volume bhi zyada hai aaj.",2026-09-05 14:15:24.333038+00:00,0,0,0,['banknifty'],[],banknifty,2026-09-05 19:16:04.252714+00:00,[],2026-09-05
"options_owl|2026-09-05T13:05:09.299871+00:00|Global cues supportive, #nifty50 likely ",options_owl,"Global cues supportive, #nifty50 likely to open above 47623 tomorrow Kya lagta hai aap logo ka?",2026-09-05 13:05:09.299871+00:00,12,2,0,"['nifty50', 'banknifty']",[],nifty50,2026-09-05 19:16:04.291863+00:00,[],2026-09-05
"algo_anil|2026-09-04T21:13:17.231451+00:00|#nifty50 forming lower lows, 50390 suppo",algo_anil,"#nifty50 forming lower lows, 50390 support gone, next target 50690 NFA.",2026-09-04 21:13:17.231451+00:00,15,2,2,['nifty50'],[],nifty50,2026-09-05 19:16:04.269661+00:00,[],2026-09-04
"the_bear_desk|2026-09-05T11:38:18.549761+00:00|Global cues supportive, #sensex likely t-dup",the_bear_desk,"Global cues supportive, #sensex likely to open above 49103 tomorrow DYOR.",2026-09-05 11:38:18.549761+00:00,6,0,0,['sensex'],[],sensex,2026-09-05 19:16:04.314029+00:00,[],2026-09-05
"riskmanager_99|2026-09-05T04:01:43.752345+00:00|Low volume day for #banknifty, market aw",riskmanager_99,"Low volume day for #banknifty, market awaiting 23037 confirmation Kya lagta hai aap logo ka?",2026-09-05 04:01:43.752345+00:00,4,0,0,['banknifty'],[],banknifty,2026-09-05 19:16:04.279119+00:00,[],2026-09-05
"chartwizard|2026-09-05T11:08:19.969344+00:00|FIIs selling continuously, #nifty50 weak",chartwizard,"FIIs selling continuously, #nifty50 weak below 49492 Budget session ahead, stay alert.",2026-09-05 11:08:19.969344+00:00,9,0,0,['nifty50'],[],nifty50,2026-09-05 19:16:04.297270+00:00,[],2026-09-05
"intraday_ishaan|2026-09-05T00:54:20.895482+00:00|आज #nifty50 में जबरदस्त तेजी, 23195 का स",intraday_ishaan,"आज #nifty50 में जबरदस्त तेजी, 23195 का स्तर पार Budget session ahead, stay alert.",2026-09-05 00:54:20.895482+00:00,6,0,0,"['nifty50', 'banknifty']",['user_f24c7b'],nifty50,2026-09-05 19:16:04.308240+00:00,[],2026-09-05
"riskmanager_99|2026-09-05T01:10:34.592878+00:00|Buy the dip on 49616, 50236 target for s",riskmanager_99,"Buy the dip on 49616, 50236 target for swing trade #intraday $NIFTY Keep an eye on FII/DII data.",2026-09-05 01:10:34.592878+00:00,15,2,2,"['intraday', 'nifty50']",[],intraday,2026-09-05 19:16:04.277303+00:00,['NIFTY'],2026-09-05
"banknifty_baba|2026-09-04T23:36:02.735617+00:00|#intraday consolidating near 22198, need",banknifty_baba,"#intraday consolidating near 22198, need a breakout either side Options data suggests the same. HDFC Bank also in focus.",2026-09-04 23:36:02.735617+00:00,5,0,0,['intraday'],[],intraday,2026-09-05 19:16:04.273534+00:00,[],2026-09-04
"chartwizard|2026-09-04T19:27:43.668222+00:00|#sensex breaking down below 23432, expec",chartwizard,"#sensex breaking down below 23432, expecting further downside to 22982",2026-09-04 19:27:43.668222+00:00,3,0,0,['sensex'],[],sensex,2026-09-05 19:16:04.282316+00:00,[],2026-09-04
"algo_anil|2026-09-05T07:58:15.084509+00:00|बाजार में तेजी है, 48530 के ऊपर खरीदारी ",algo_anil,"बाजार में तेजी है, 48530 के ऊपर खरीदारी का मौका #sensex",2026-09-05 07:58:15.084509+00:00,6,1,0,['sensex'],[],sensex,2026-09-05 19:16:04.308394+00:00,[],2026-09-05
"intraday_ishaan|2026-09-05T04:00:55.667838+00:00|#sensex breaking down below 22117, expec",intraday_ishaan,"#sensex breaking down below 22117, expecting further downside to 21967 DYOR.",2026-09-05 04:00:55.667838+00:00,5,0,0,['sensex'],[],sensex,2026-09-05 19:16:04.293247+00:00,[],2026-09-05
"sensex_scalper|2026-09-04T20:35:54.220183+00:00|आज #nifty50 में भारी गिरावट, 22470 का सप",sensex_scalper,"आज #nifty50 में भारी गिरावट, 22470 का सपोर्ट टूटा",2026-09-04 20:35:54.220183+00:00,5,0,0,['nifty50'],[],nifty50,2026-09-05 19:16:04.280246+00:00,[],2026-09-04
"the_bear_desk|2026-09-04T23:29:37.623467+00:00|FIIs buying heavily today, #sensex could",the_bear_desk,"FIIs buying heavily today, #sensex could test 23150 by expiry",2026-09-04 23:29:37.623467+00:00,2,0,0,['sensex'],[],sensex,2026-09-05 19:16:04.279877+00:00,[],2026-09-04
"options_owl|2026-09-05T04:44:47.464555+00:00|बाजार में तेजी है, 50151 के ऊपर खरीदारी ",options_owl,"बाजार में तेजी है, 50151 के ऊपर खरीदारी का मौका #sensex RBI policy day today.",2026-09-05 04:44:47.464555+00:00,9,2,0,['sensex'],[],sensex,2026-09-05 19:16:04.296551+00:00,[],2026-09-05
"options_owl|2026-09-05T06:18:37.137987+00:00|Watching #intraday closely, no clear tre",options_owl,"Watching #intraday closely, no clear trend yet. What's everyone's view on 21962? NFA.",2026-09-05 06:18:37.137987+00:00,1,0,0,['intraday'],[],intraday,2026-09-05 19:16:04.271397+00:00,[],2026-09-05
"chartwizard|2026-09-05T09:06:33.553589+00:00|#intraday breaking down below 22381, exp",chartwizard,"#intraday breaking down below 22381, expecting further downside to 23181 RBI policy day today.",2026-09-05 09:06:33.553589+00:00,1,0,0,['intraday'],[],intraday,2026-09-05 19:16:04.308321+00:00,[],2026-09-05
"riskmanager_99|2026-09-05T02:53:22.087447+00:00|Tejji ka mahaul hai #nifty50 mein, 23462",riskmanager_99,"Tejji ka mahaul hai #nifty50 mein, 23462 pe strong buying dekhi Keep an eye on FII/DII data.",2026-09-05 02:53:22.087447+00:00,10,1,0,"['nifty50', 'nifty50']",[],nifty50,2026-09-05 19:16:04.278109+00:00,[],2026-09-05
"options_owl|2026-09-05T06:42:09.908510+00:00|Tejji ka mahaul hai #nifty50 mein, 22632",options_owl,"Tejji ka mahaul hai #nifty50 mein, 22632 pe strong buying dekhi Volume bhi zyada hai aaj.",2026-09-05 06:42:09.908510+00:00,1,0,0,['nifty50'],[],nifty50,2026-09-05 19:16:04.300612+00:00,[],2026-09-05
"the_bear_desk|2026-09-05T07:56:17.109644+00:00|आज #banknifty में जबरदस्त तेजी, 22065 का",the_bear_desk,"आज #banknifty में जबरदस्त तेजी, 22065 का स्तर पार NFA.",2026-09-05 07:56:17.109644+00:00,1,0,0,"['banknifty', 'intraday']",[],banknifty,2026-09-05 19:16:04.260393+00:00,[],2026-09-05
niftyguru|2026-09-04T18:59:44.772169+00:00|Nifty ne resistance todi! bullish moment,niftyguru,"Nifty ne resistance todi! bullish momentum building, 49575 ke upar accumulate karo #banknifty DYOR.",2026-09-04 18:59:44.772169+00:00,2,0,0,['banknifty'],[],banknifty,2026-09-05 19:16:04.280587+00:00,[],2026-09-04
options_owl|2026-09-04T22:20:22.663776+00:00|Nifty ne resistance todi! bullish moment,options_owl,"Nifty ne resistance todi! bullish momentum building, 22271 ke upar accumulate karo #sensex",2026-09-04 22:20:22.663776+00:00,6,1,0,['sensex'],['user_c0e90f'],sensex,2026-09-05 19:16:04.274237+00:00,[],2026-09-04
sensex_scalper|2026-09-05T10:01:50.824483+00:00|Positional buy initiated on #nifty50 abo,sensex_scalper,"Positional buy initiated on #nifty50 above 48507, SL below 48207 Volume bhi zyada hai aaj.",2026-09-05 10:01:50.824483+00:00,13,1,1,['nifty50'],[],nifty50,2026-09-05 19:16:04.303710+00:00,[],2026-09-05
"dalalstreet_diary|2026-09-05T03:21:32.614940+00:00|Tejji ka mahaul hai #nifty50 mein, 49972",dalalstreet_diary,"Tejji ka mahaul hai #nifty50 mein, 49972 pe strong buying dekhi",2026-09-05 03:21:32.614940+00:00,7,0,1,['nifty50'],[],nifty50,2026-09-05 19:16:04.281592+00:00,[],2026-09-05
"trader_raj|2026-09-05T10:46:54.186696+00:00|Global markets weak overnight, #sensex m",trader_raj,"Global markets weak overnight, #sensex may gap down below 23270 Thoughts?",2026-09-05 10:46:54.186696+00:00,5,0,0,['sensex'],[],sensex,2026-09-05 19:16:04.310752+00:00,[],2026-09-05
"banknifty_baba|2026-09-05T09:14:40.884544+00:00|Gap up opening expected for #nifty50, 22",banknifty_baba,"Gap up opening expected for #nifty50, 22548 is the level to watch",2026-09-05 09:14:40.884544+00:00,1,0,0,['nifty50'],[],nifty50,2026-09-05 19:16:04.258881+00:00,[],2026-09-05
"bull_on_dalal_st|2026-09-05T12:25:53.175632+00:00|Market crash ho sakta hai, 23023 ka supp",bull_on_dalal_st,"Market crash ho sakta hai, 23023 ka support toot gaya, bearish on #intraday RBI policy day today.",2026-09-05 12:25:53.175632+00:00,13,2,1,['intraday'],[],intraday,2026-09-05 19:16:04.256416+00:00,[],2026-09-05
swing_trader_in|2026-09-05T00:19:14.851581+00:00|Positional buy initiated on #banknifty a,swing_trader_in,"Positional buy initiated on #banknifty above 22452, SL below 22152 DYOR.",2026-09-05 00:19:14.851581+00:00,9,1,0,['banknifty'],[],banknifty,2026-09-05 19:16:04.301114+00:00,[],2026-09-05
"trader_raj|2026-09-05T07:43:06.207373+00:00|#intraday forming lower lows, 47674 supp",trader_raj,"#intraday forming lower lows, 47674 support gone, next target 48124 Budget session ahead, stay alert.",2026-09-05 07:43:06.207373+00:00,15,2,1,"['intraday', 'sensex']",['user_fae9ea'],intraday,2026-09-05 19:16:04.310943+00:00,[],2026-09-05
"chartwizard|2026-09-04T23:59:30.590182+00:00|आज #nifty50 में भारी गिरावट, 22631 का सप",chartwizard,"आज #nifty50 में भारी गिरावट, 22631 का सपोर्ट टूटा DYOR.",2026-09-04 23:59:30.590182+00:00,4,0,0,['nifty50'],[],nifty50,2026-09-05 19:16:04.290822+00:00,[],2026-09-04
"the_bear_desk|2026-09-05T17:41:32.165043+00:00|#sensex consolidating near 48918, need a",the_bear_desk,"#sensex consolidating near 48918, need a breakout either side ICICI Bank also in focus.",2026-09-05 17:41:32.165043+00:00,4,0,0,"['sensex', 'nifty50']",[],sensex,2026-09-05 19:16:04.270340+00:00,[],2026-09-05
"the_bear_desk|2026-09-04T22:56:10.782803+00:00|FIIs buying heavily today, #nifty50 coul",the_bear_desk,"FIIs buying heavily today, #nifty50 could test 21671 by expiry Kya lagta hai aap logo ka?",2026-09-04 22:56:10.782803+00:00,13,0,0,"['nifty50', 'nifty50']",['user_04a2dc'],nifty50,2026-09-05 19:16:04.277129+00:00,[],2026-09-04
"dalalstreet_diary|2026-09-05T16:00:17.666606+00:00|#sensex looking strong today, breakout a",dalalstreet_diary,"#sensex looking strong today, breakout above 22753, target 23203 RBI policy day today.",2026-09-05 16:00:17.666606+00:00,3,0,0,['sensex'],['user_04048a'],sensex,2026-09-05 19:16:04.289942+00:00,[],2026-09-05
"dalalstreet_diary|2026-09-05T07:27:31.971043+00:00|Global cues supportive, #intraday likely",dalalstreet_diary,"Global cues supportive, #intraday likely to open above 50644 tomorrow Options data suggests the same.",2026-09-05 07:27:31.971043+00:00,7,1,1,['intraday'],['user_f4b0fd'],intraday,2026-09-05 19:16:04.269477+00:00,[],2026-09-05
"algo_anil|2026-09-05T12:58:23.312968+00:00|Sell on rise strategy for #nifty50, resi",algo_anil,"Sell on rise strategy for #nifty50, resistance at 49724 not breaking",2026-09-05 12:58:23.312968+00:00,3,0,0,"['nifty50', 'intraday']",[],nifty50,2026-09-05 19:16:04.271029+00:00,[],2026-09-05
"MarketMaverick|2026-09-05T02:45:00.672543+00:00|बाजार में तेजी है, 48244 के ऊपर खरीदारी ",MarketMaverick,"बाजार में तेजी है, 48244 के ऊपर खरीदारी का मौका #sensex NFA.",2026-09-05 02:45:00.672543+00:00,3,0,0,['sensex'],[],sensex,2026-09-05 19:16:04.300370+00:00,[],2026-09-05
the_bear_desk|2026-09-05T00:58:37.011190+00:00|Positional buy initiated on #nifty50 abo,the_bear_desk,"Positional buy initiated on #nifty50 above 22562, SL below 22262 Budget session ahead, stay alert.",2026-09-05 00:58:37.011190+00:00,1,0,0,"['nifty50', 'banknifty']",['user_8dac24'],nifty50,2026-09-05 19:16:04.269019+00:00,[],2026-09-05
"trader_raj|2026-09-05T16:04:14.398144+00:00|Global cues supportive, #banknifty likel",trader_raj,"Global cues supportive, #banknifty likely to open above 48847 tomorrow Let's see how it closes.",2026-09-05 16:04:14.398144+00:00,12,0,1,"['banknifty', 'sensex']",[],banknifty,2026-09-05 19:16:04.298149+00:00,[],2026-09-05
"dalalstreet_diary|2026-09-05T11:08:23.208062+00:00|#sensex consolidating near 21910, need a-dup",dalalstreet_diary,"#sensex consolidating near 21910, need a breakout either side Budget session ahead, stay alert.",2026-09-05 11:08:23.208062+00:00,13,1,2,['sensex'],[],sensex,2026-09-05 19:16:04.314298+00:00,[],2026-09-05
algo_anil|2026-09-05T12:56:26.368527+00:00|Positional buy initiated on #banknifty a,algo_anil,"Positional buy initiated on #banknifty above 21620, SL below 21470 Options data suggests the same.",2026-09-05 12:56:26.368527+00:00,2,0,0,"['banknifty', 'sensex']",[],banknifty,2026-09-05 19:16:04.252122+00:00,[],2026-09-05
"chartwizard|2026-09-05T11:19:36.910706+00:00|Mixed signals on #intraday today, 47758 ",chartwizard,"Mixed signals on #intraday today, 47758 acting as a pivot #optionstrading #dalalstreet",2026-09-05 11:19:36.910706+00:00,1,0,0,"['intraday', 'sensex']",[],intraday,2026-09-05 19:16:04.263102+00:00,[],2026-09-05
"MarketMaverick|2026-09-05T01:15:46.725052+00:00|#banknifty showing higher highs, 22133 b",MarketMaverick,"#banknifty showing higher highs, 22133 broken with volume, next stop 22583 DYOR.",2026-09-05 01:15:46.725052+00:00,14,2,2,['banknifty'],[],banknifty,2026-09-05 19:16:04.312281+00:00,[],2026-09-05
"options_owl|2026-09-05T11:22:04.384235+00:00|Sideways action continues on #intraday, ",options_owl,"Sideways action continues on #intraday, 49643-50263 range holding Thoughts?",2026-09-05 11:22:04.384235+00:00,12,2,1,"['intraday', 'sensex']",[],intraday,2026-09-05 19:16:04.297217+00:00,[],2026-09-05
"chartwizard|2026-09-05T06:09:35.872968+00:00|बाजार में तेजी है, 21644 के ऊपर खरीदारी ",chartwizard,"बाजार में तेजी है, 21644 के ऊपर खरीदारी का मौका #intraday Options data suggests the same.",2026-09-05 06:09:35.872968+00:00,0,0,0,['intraday'],[],intraday,2026-09-05 19:16:04.257685+00:00,[],2026-09-05
"MarketMaverick|2026-09-05T10:08:53.137785+00:00|आज #sensex में जबरदस्त तेजी, 50818 का स्",MarketMaverick,"आज #sensex में जबरदस्त तेजी, 50818 का स्तर पार Options data suggests the same.",2026-09-05 10:08:53.137785+00:00,6,1,0,"['sensex', 'nifty50']",[],sensex,2026-09-05 19:16:04.307532+00:00,[],2026-09-05
niftyguru|2026-09-05T01:08:55.818636+00:00|Positional buy initiated on #intraday ab,niftyguru,"Positional buy initiated on #intraday above 48267, SL below 49067",2026-09-05 01:08:55.818636+00:00,3,0,0,['intraday'],[],intraday,2026-09-05 19:16:04.284542+00:00,[],2026-09-05
"MarketMaverick|2026-09-04T21:56:42.807758+00:00|बाजार में तेजी है, 48030 के ऊपर खरीदारी ",MarketMaverick,"बाजार में तेजी है, 48030 के ऊपर खरीदारी का मौका #banknifty #optionstrading #dalalstreet",2026-09-04 21:56:42.807758+00:00,0,0,0,['banknifty'],['user_c50407'],banknifty,2026-09-05 19:16:04.260088+00:00,[],2026-09-04
"algo_anil|2026-09-05T17:03:32.648703+00:00|Watching #banknifty closely, no clear tr",algo_anil,"Watching #banknifty closely, no clear trend yet. What's everyone's view on 50382? Keep an eye on FII/DII data.",2026-09-05 17:03:32.648703+00:00,8,1,1,['banknifty'],[],banknifty,2026-09-05 19:16:04.258465+00:00,[],2026-09-05
"niftyguru|2026-09-05T06:45:38.066314+00:00|Sideways action continues on #banknifty,",niftyguru,"Sideways action continues on #banknifty, 22781-23581 range holding Keep an eye on FII/DII data.",2026-09-05 06:45:38.066314+00:00,9,0,0,['banknifty'],['user_2e0ae1'],banknifty,2026-09-05 19:16:04.309611+00:00,[],2026-09-05
"quant_priya|2026-09-05T07:09:02.290122+00:00|आज #sensex में जबरदस्त तेजी, 47608 का स्",quant_priya,"आज #sensex में जबरदस्त तेजी, 47608 का स्तर पार Thoughts?",2026-09-05 07:09:02.290122+00:00,7,0,0,"['sensex', 'nifty50']",[],sensex,2026-09-05 19:16:04.280332+00:00,[],2026-09-05
"swing_trader_in|2026-09-05T16:30:47.440328+00:00|Sensex rally continues, 50294 support ho",swing_trader_in,"Sensex rally continues, 50294 support holding well. Long positions looking good #intraday Kya lagta hai aap logo ka?",2026-09-05 16:30:47.440328+00:00,12,2,0,['intraday'],['user_87a383'],intraday,2026-09-05 19:16:04.286407+00:00,[],2026-09-05
"the_bear_desk|2026-09-04T23:50:42.124447+00:00|आज #banknifty में जबरदस्त तेजी, 21503 का",the_bear_desk,"आज #banknifty में जबरदस्त तेजी, 21503 का स्तर पार Kya lagta hai aap logo ka?",2026-09-04 23:50:42.124447+00:00,12,1,0,"['banknifty', 'banknifty']",[],banknifty,2026-09-05 19:16:04.299004+00:00,[],2026-09-04
"dalalstreet_diary|2026-09-05T03:43:57.735525+00:00|Tejji ka mahaul hai #sensex mein, 49112 -dup",dalalstreet_diary,"Tejji ka mahaul hai #sensex mein, 49112 pe strong buying dekhi Kya lagta hai aap logo ka?",2026-09-05 03:43:57.735525+00:00,14,1,0,['sensex'],[],sensex,2026-09-05 19:16:04.314529+00:00,[],2026-09-05
"bull_on_dalal_st|2026-09-05T13:14:32.169545+00:00|Buy the dip on 23044, 22894 target for s",bull_on_dalal_st,"Buy the dip on 23044, 22894 target for swing trade #intraday $NIFTY",2026-09-05 13:14:32.169545+00:00,3,0,0,['intraday'],[],intraday,2026-09-05 19:16:04.275186+00:00,['NIFTY'],2026-09-05
"riskmanager_99|2026-09-04T19:14:02.078026+00:00|Low volume day for #sensex, market await",riskmanager_99,"Low volume day for #sensex, market awaiting 23110 confirmation NFA.",2026-09-04 19:14:02.078026+00:00,4,0,0,['sensex'],[],sensex,2026-09-05 19:16:04.267533+00:00,[],2026-09-04
sensex_scalper|2026-09-05T09:51:36.283648+00:00|Profit booking seen in #intraday near 21,sensex_scalper,"Profit booking seen in #intraday near 21890, caution advised",2026-09-05 09:51:36.283648+00:00,1,0,0,"['intraday', 'banknifty']",[],intraday,2026-09-05 19:16:04.271738+00:00,[],2026-09-05
"trader_raj|2026-09-04T21:13:25.789265+00:00|Mixed signals on #intraday today, 47796 ",trader_raj,"Mixed signals on #intraday today, 47796 acting as a pivot",2026-09-04 21:13:25.789265+00:00,1,0,0,"['intraday', 'nifty50']",[],intraday,2026-09-05 19:16:04.251938+00:00,[],2026-09-04
"chartwizard|2026-09-05T15:08:26.406579+00:00|#nifty50 showing higher highs, 22657 bro",chartwizard,"#nifty50 showing higher highs, 22657 broken with volume, next stop 22507 NFA.",2026-09-05 15:08:26.406579+00:00,7,1,1,['nifty50'],[],nifty50,2026-09-05 19:16:04.312781+00:00,[],2026-09-05
"intraday_ishaan|2026-09-05T14:57:40.629173+00:00|Global cues supportive, #intraday likely-dup",intraday_ishaan,"Global cues supportive, #intraday likely to open above 23216 tomorrow",2026-09-05 14:57:40.629173+00:00,12,1,0,"['intraday', 'nifty50']",['user_35cc95'],intraday,2026-09-05 19:16:04.314429+00:00,[],2026-09-05
"options_owl|2026-09-05T13:21:38.457819+00:00|Gap up opening expected for #nifty50, 22",options_owl,"Gap up opening expected for #nifty50, 22766 is the level to watch Kya lagta hai aap logo ka? Tata Motors also in focus.",2026-09-05 13:21:38.457819+00:00,10,2,0,['nifty50'],[],nifty50,2026-09-05 19:16:04.262402+00:00,[],2026-09-05
"quant_priya|2026-09-05T06:06:45.680849+00:00|Panic selling in #sensex, 22271 breakdow",quant_priya,"Panic selling in #sensex, 22271 breakdown confirmed, stop loss hit NFA.",2026-09-05 06:06:45.680849+00:00,15,3,0,"['sensex', 'intraday']",[],sensex,2026-09-05 19:16:04.297924+00:00,[],2026-09-05
"swing_trader_in|2026-09-04T19:02:46.475281+00:00|Low volume day for #intraday, market awa",swing_trader_in,"Low volume day for #intraday, market awaiting 49166 confirmation Keep an eye on FII/DII data.",2026-09-04 19:02:46.475281+00:00,0,0,0,['intraday'],[],intraday,2026-09-05 19:16:04.293226+00:00,[],2026-09-04
"sensex_scalper|2026-09-04T20:32:54.542023+00:00|#sensex looking strong today, breakout a",sensex_scalper,"#sensex looking strong today, breakout above 50223, target 50373",2026-09-04 20:32:54.542023+00:00,1,0,0,['sensex'],[],sensex,2026-09-05 19:16:04.264610+00:00,[],2026-09-04
"the_bear_desk|2026-09-04T21:04:30.092778+00:00|#sensex consolidating near 22935, need a",the_bear_desk,"#sensex consolidating near 22935, need a breakout either side Let's see how it closes.",2026-09-04 21:04:30.092778+00:00,11,1,0,"['sensex', 'nifty50']",[],sensex,2026-09-05 19:16:04.279327+00:00,[],2026-09-04
"options_owl|2026-09-05T13:24:17.228443+00:00|Sensex rally continues, 50224 support ho",options_owl,"Sensex rally continues, 50224 support holding well. Long positions looking good #nifty50 Options data suggests the same.",2026-09-05 13:24:17.228443+00:00,14,2,0,"['nifty50', 'banknifty']",[],nifty50,2026-09-05 19:16:04.285105+00:00,[],2026-09-05
"intraday_ishaan|2026-09-05T01:02:10.723362+00:00|Sideways action continues on #nifty50, 5",intraday_ishaan,"Sideways action continues on #nifty50, 50456-50006 range holding Volume bhi zyada hai aaj.",2026-09-05 01:02:10.723362+00:00,15,3,1,['nifty50'],[],nifty50,2026-09-05 19:16:04.288542+00:00,[],2026-09-05
"sensex_scalper|2026-09-04T21:40:25.215780+00:00|Gap up opening expected for #intraday, 2",sensex_scalper,"Gap up opening expected for #intraday, 23148 is the level to watch #optionstrading #dalalstreet",2026-09-04 21:40:25.215780+00:00,11,0,1,"['intraday', 'intraday']",[],intraday,2026-09-05 19:16:04.311216+00:00,[],2026-09-04
"sensex_scalper|2026-09-05T05:19:58.562609+00:00|बाजार में तेजी है, 48402 के ऊपर खरीदारी ",sensex_scalper,"बाजार में तेजी है, 48402 के ऊपर खरीदारी का मौका #intraday #stockmarket #trading",2026-09-05 05:19:58.562609+00:00,12,0,2,['intraday'],[],intraday,2026-09-05 19:16:04.264251+00:00,[],2026-09-05
"sensex_scalper|2026-09-05T05:54:45.182914+00:00|Sensex rally continues, 23343 support ho",sensex_scalper,"Sensex rally continues, 23343 support holding well. Long positions looking good #nifty50 Budget session ahead, stay alert.",2026-09-05 05:54:45.182914+00:00,10,2,1,['nifty50'],['user_c2a559'],nifty50,2026-09-05 19:16:04.300064+00:00,[],2026-09-05
"intraday_ishaan|2026-09-04T22:14:04.906774+00:00|#intraday forming lower lows, 48030 supp",intraday_ishaan,"#intraday forming lower lows, 48030 support gone, next target 48480 DYOR.",2026-09-04 22:14:04.906774+00:00,8,0,0,['intraday'],[],intraday,2026-09-05 19:16:04.312622+00:00,[],2026-09-04
swing_trader_in|2026-09-05T04:25:29.294505+00:00|Positional buy initiated on #sensex abov,swing_trader_in,"Positional buy initiated on #sensex above 22284, SL below 23084 NFA.",2026-09-05 04:25:29.294505+00:00,11,1,0,"['sensex', 'nifty50']",[],sensex,2026-09-05 19:16:04.310453+00:00,[],2026-09-05
"options_owl|2026-09-05T04:14:36.708685+00:00|Tejji ka mahaul hai #nifty50 mein, 48018-dup",options_owl,"Tejji ka mahaul hai #nifty50 mein, 48018 pe strong buying dekhi",2026-09-05 04:14:36.708685+00:00,1,0,0,['nifty50'],[],nifty50,2026-09-05 19:16:04.314763+00:00,[],2026-09-05
"the_bear_desk|2026-09-05T11:06:09.335532+00:00|Mixed signals on #nifty50 today, 47616 a",the_bear_desk,"Mixed signals on #nifty50 today, 47616 acting as a pivot #stockmarket #trading",2026-09-05 11:06:09.335532+00:00,1,0,0,['nifty50'],[],nifty50,2026-09-05 19:16:04.269291+00:00,[],2026-09-05
"algo_anil|2026-09-05T04:16:16.047722+00:00|Watching #intraday closely, no clear tre",algo_anil,"Watching #intraday closely, no clear trend yet. What's everyone's view on 22264? DYOR.",2026-09-05 04:16:16.047722+00:00,4,0,0,['intraday'],[],intraday,2026-09-05 19:16:04.311490+00:00,[],2026-09-05
"sensex_scalper|2026-09-05T06:00:21.541477+00:00|FIIs selling continuously, #sensex weak ",sensex_scalper,"FIIs selling continuously, #sensex weak below 48283 Keep an eye on FII/DII data.",2026-09-05 06:00:21.541477+00:00,13,0,0,['sensex'],[],sensex,2026-09-05 19:16:04.271558+00:00,[],2026-09-05
"riskmanager_99|2026-09-05T01:05:00.197269+00:00|Market crash ho sakta hai, 49270 ka supp",riskmanager_99,"Market crash ho sakta hai, 49270 ka support toot gaya, bearish on #nifty50 DYOR.",2026-09-05 01:05:00.197269+00:00,1,0,0,['nifty50'],[],nifty50,2026-09-05 19:16:04.293603+00:00,[],2026-09-05
"trader_raj|2026-09-05T04:44:47.485928+00:00|आज #intraday में जबरदस्त तेजी, 50209 का ",trader_raj,"आज #intraday में जबरदस्त तेजी, 50209 का स्तर पार Keep an eye on FII/DII data.",2026-09-05 04:44:47.485928+00:00,2,0,0,['intraday'],[],intraday,2026-09-05 19:16:04.269527+00:00,[],2026-09-05
"options_owl|2026-09-05T16:12:18.215408+00:00|Tejji ka mahaul hai #sensex mein, 48984 ",options_owl,"Tejji ka mahaul hai #sensex mein, 48984 pe strong buying dekhi #optionstrading #dalalstreet",2026-09-05 16:12:18.215408+00:00,12,2,2,['sensex'],[],sensex,2026-09-05 19:16:04.260022+00:00,[],2026-09-05
"niftyguru|2026-09-05T16:49:32.091529+00:00|Sell on rise strategy for #nifty50, resi",niftyguru,"Sell on rise strategy for #nifty50, resistance at 50776 not breaking Keep an eye on FII/DII data.",2026-09-05 16:49:32.091529+00:00,1,0,0,['nifty50'],[],nifty50,2026-09-05 19:16:04.299446+00:00,[],2026-09-05
"options_owl|2026-09-05T07:59:39.303958+00:00|#sensex breaking down below 47565, expec-dup",options_owl,"#sensex breaking down below 47565, expecting further downside to 47415 NFA.",2026-09-05 07:59:39.303958+00:00,3,0,0,['sensex'],[],sensex,2026-09-05 19:16:04.313967+00:00,[],2026-09-05
"MarketMaverick|2026-09-04T20:28:30.599339+00:00|Panic selling in #banknifty, 50139 break",MarketMaverick,"Panic selling in #banknifty, 50139 breakdown confirmed, stop loss hit Budget session ahead, stay alert.",2026-09-04 20:28:30.599339+00:00,15,1,2,['banknifty'],[],banknifty,2026-09-05 19:16:04.298032+00:00,[],2026-09-04
"banknifty_baba|2026-09-05T17:58:06.496428+00:00|FIIs buying heavily today, #banknifty co",banknifty_baba,"FIIs buying heavily today, #banknifty could test 48896 by expiry RBI policy day today. Adani Enterprises also in focus.",2026-09-05 17:58:06.496428+00:00,1,0,0,['banknifty'],[],banknifty,2026-09-05 19:16:04.268530+00:00,[],2026-09-05
"sensex_scalper|2026-09-05T15:28:36.334266+00:00|आज #banknifty में भारी गिरावट, 49723 का ",sensex_scalper,"आज #banknifty में भारी गिरावट, 49723 का सपोर्ट टूटा #stockmarket #trading",2026-09-05 15:28:36.334266+00:00,4,0,0,"['banknifty', 'nifty50']",['user_974174'],banknifty,2026-09-05 19:16:04.274653+00:00,[],2026-09-05
"the_bear_desk|2026-09-05T02:20:42.786270+00:00|Global cues supportive, #sensex likely t",the_bear_desk,"Global cues supportive, #sensex likely to open above 49600 tomorrow Volume bhi zyada hai aaj.",2026-09-05 02:20:42.786270+00:00,4,0,0,"['sensex', 'intraday']",[],sensex,2026-09-05 19:16:04.272033+00:00,[],2026-09-05
"banknifty_baba|2026-09-05T12:25:26.071016+00:00|मंदी का माहौल है बाज़ार में, 22506 से नी",banknifty_baba,"मंदी का माहौल है बाज़ार में, 22506 से नीचे बिकवाली तेज #intraday Kya lagta hai aap logo ka?",2026-09-05 12:25:26.071016+00:00,5,1,0,['intraday'],[],intraday,2026-09-05 19:16:04.282912+00:00,[],2026-09-05
"quant_priya|2026-09-04T18:54:48.841939+00:00|FIIs selling continuously, #intraday wea",quant_priya,"FIIs selling continuously, #intraday weak below 50255",2026-09-04 18:54:48.841939+00:00,9,2,1,"['intraday', 'banknifty']",[],intraday,2026-09-05 19:16:04.276990+00:00,[],2026-09-04
"dalalstreet_diary|2026-09-04T23:56:35.469923+00:00|#banknifty showing higher highs, 48994 b",dalalstreet_diary,"#banknifty showing higher highs, 48994 broken with volume, next stop 49794 DYOR.",2026-09-04 23:56:35.469923+00:00,2,0,0,['banknifty'],[],banknifty,2026-09-05 19:16:04.267716+00:00,[],2026-09-04
"riskmanager_99|2026-09-05T02:12:27.208793+00:00|बाजार में तेजी है, 48119 के ऊपर खरीदारी ",riskmanager_99,"बाजार में तेजी है, 48119 के ऊपर खरीदारी का मौका #nifty50 RBI policy day today.",2026-09-05 02:12:27.208793+00:00,7,1,0,"['nifty50', 'banknifty']",[],nifty50,2026-09-05 19:16:04.264882+00:00,[],2026-09-05
"MarketMaverick|2026-09-05T06:41:19.455995+00:00|बाजार में तेजी है, 23037 के ऊपर खरीदारी ",MarketMaverick,"बाजार में तेजी है, 23037 के ऊपर खरीदारी का मौका #banknifty",2026-09-05 06:41:19.455995+00:00,15,2,2,['banknifty'],[],banknifty,2026-09-05 19:16:04.254409+00:00,[],2026-09-05
"algo_anil|2026-09-05T17:33:14.037828+00:00|Panic selling in #intraday, 48818 breakd",algo_anil,"Panic selling in #intraday, 48818 breakdown confirmed, stop loss hit Volume bhi zyada hai aaj.",2026-09-05 17:33:14.037828+00:00,13,3,1,"['intraday', 'nifty50']",[],intraday,2026-09-05 19:16:04.305423+00:00,[],2026-09-05
"the_bear_desk|2026-09-05T10:42:35.152999+00:00|Low volume day for #intraday, market awa",the_bear_desk,"Low volume day for #intraday, market awaiting 50894 confirmation",2026-09-05 10:42:35.152999+00:00,11,0,0,['intraday'],[],intraday,2026-09-05 19:16:04.309778+00:00,[],2026-09-05
"the_bear_desk|2026-09-05T06:01:16.873449+00:00|#intraday showing higher highs, 50335 br",the_bear_desk,"#intraday showing higher highs, 50335 broken with volume, next stop 50785 #stockmarket #trading",2026-09-05 06:01:16.873449+00:00,13,3,2,"['intraday', 'banknifty']",[],intraday,2026-09-05 19:16:04.289328+00:00,[],2026-09-05
"dalalstreet_diary|2026-09-05T17:54:14.581703+00:00|Sell on rise strategy for #intraday, res",dalalstreet_diary,"Sell on rise strategy for #intraday, resistance at 21947 not breaking Budget session ahead, stay alert.",2026-09-05 17:54:14.581703+00:00,10,0,1,['intraday'],['user_54d805'],intraday,2026-09-05 19:16:04.293586+00:00,[],2026-09-05
"trader_raj|2026-09-05T14:45:18.082663+00:00|FIIs buying heavily today, #banknifty co",trader_raj,"FIIs buying heavily today, #banknifty could test 23377 by expiry Keep an eye on FII/DII data.",2026-09-05 14:45:18.082663+00:00,5,0,0,"['banknifty', 'nifty50']",['user_f04209'],banknifty,2026-09-05 19:16:04.308740+00:00,[],2026-09-05
"chartwizard|2026-09-05T14:26:46.504012+00:00|Tejji ka mahaul hai #nifty50 mein, 23417",chartwizard,"Tejji ka mahaul hai #nifty50 mein, 23417 pe strong buying dekhi Budget session ahead, stay alert.",2026-09-05 14:26:46.504012+00:00,1,0,0,['nifty50'],[],nifty50,2026-09-05 19:16:04.254020+00:00,[],2026-09-05
"swing_trader_in|2026-09-05T17:54:50.812946+00:00|FIIs selling continuously, #intraday wea",swing_trader_in,"FIIs selling continuously, #intraday weak below 22119 DYOR.",2026-09-05 17:54:50.812946+00:00,12,2,1,['intraday'],[],intraday,2026-09-05 19:16:04.304933+00:00,[],2026-09-05
"algo_anil|2026-09-05T08:16:13.158529+00:00|Gap up opening expected for #nifty50, 22",algo_anil,"Gap up opening expected for #nifty50, 22016 is the level to watch Keep an eye on FII/DII data.",2026-09-05 08:16:13.158529+00:00,12,0,1,['nifty50'],[],nifty50,2026-09-05 19:16:04.269253+00:00,[],2026-09-05
"options_owl|2026-09-05T14:41:10.122974+00:00|Gap up opening expected for #sensex, 492",options_owl,"Gap up opening expected for #sensex, 49226 is the level to watch #optionstrading #dalalstreet",2026-09-05 14:41:10.122974+00:00,1,0,0,"['sensex', 'banknifty']",[],sensex,2026-09-05 19:16:04.281299+00:00,[],2026-09-05
dalalstreet_diary|2026-09-04T23:45:09.351468+00:00|Nifty ne resistance todi! bullish moment,dalalstreet_diary,"Nifty ne resistance todi! bullish momentum building, 22684 ke upar accumulate karo #nifty50 #stockmarket #trading",2026-09-04 23:45:09.351468+00:00,1,0,0,"['nifty50', 'sensex']",[],nifty50,2026-09-05 19:16:04.258001+00:00,[],2026-09-04
bull_on_dalal_st|2026-09-05T06:56:32.484146+00:00|Positional buy initiated on #sensex abov,bull_on_dalal_st,"Positional buy initiated on #sensex above 21962, SL below 22112",2026-09-05 06:56:32.484146+00:00,0,0,0,['sensex'],[],sensex,2026-09-05 19:16:04.281473+00:00,[],2026-09-05
"intraday_ishaan|2026-09-04T22:27:37.663022+00:00|आज #sensex में भारी गिरावट, 48237 का सपो",intraday_ishaan,"आज #sensex में भारी गिरावट, 48237 का सपोर्ट टूटा #stockmarket #trading",2026-09-04 22:27:37.663022+00:00,15,3,2,['sensex'],[],sensex,2026-09-05 19:16:04.272048+00:00,[],2026-09-04
chartwizard|2026-09-05T08:49:38.930897+00:00|#nifty50 range-bound between 50956 and 5,chartwizard,"#nifty50 range-bound between 50956 and 51756 today, waiting for a clear direction Thoughts?",2026-09-05 08:49:38.930897+00:00,15,2,0,['nifty50'],['user_494703'],nifty50,2026-09-05 19:16:04.298643+00:00,[],2026-09-05
"banknifty_baba|2026-09-05T02:07:45.204887+00:00|FIIs buying heavily today, #sensex could",banknifty_baba,"FIIs buying heavily today, #sensex could test 47919 by expiry Options data suggests the same.",2026-09-05 02:07:45.204887+00:00,11,2,1,['sensex'],[],sensex,2026-09-05 19:16:04.282115+00:00,[],2026-09-05
quant_priya|2026-09-05T04:06:16.254586+00:00|Nifty ne resistance todi! bullish moment,quant_priya,"Nifty ne resistance todi! bullish momentum building, 49137 ke upar accumulate karo #nifty50 Keep an eye on FII/DII data.",2026-09-05 04:06:16.254586+00:00,1,0,0,['nifty50'],[],nifty50,2026-09-05 19:16:04.297092+00:00,[],2026-09-05
MarketMaverick|2026-09-05T17:44:54.033387+00:00|#intraday range-bound between 21774 and ,MarketMaverick,"#intraday range-bound between 21774 and 22574 today, waiting for a clear direction Budget session ahead, stay alert.",2026-09-05 17:44:54.033387+00:00,8,2,1,"['intraday', 'banknifty']",[],intraday,2026-09-05 19:16:04.289353+00:00,[],2026-09-05
dalalstreet_diary|2026-09-04T21:33:54.755862+00:00|#nifty50 range-bound between 49920 and 4,dalalstreet_diary,"#nifty50 range-bound between 49920 and 49300 today, waiting for a clear direction Budget session ahead, stay alert.",2026-09-04 21:33:54.755862+00:00,12,1,1,"['nifty50', 'banknifty']",[],nifty50,2026-09-05 19:16:04.263393+00:00,[],2026-09-04
riskmanager_99|2026-09-04T22:03:47.829393+00:00|Positional buy initiated on #nifty50 abo,riskmanager_99,"Positional buy initiated on #nifty50 above 21811, SL below 21511 Kya lagta hai aap logo ka?",2026-09-04 22:03:47.829393+00:00,1,0,0,['nifty50'],[],nifty50,2026-09-05 19:16:04.277477+00:00,[],2026-09-04
"banknifty_baba|2026-09-04T19:06:39.932410+00:00|Global markets weak overnight, #sensex m",banknifty_baba,"Global markets weak overnight, #sensex may gap down below 23250 RBI policy day today.",2026-09-04 19:06:39.932410+00:00,15,2,1,['sensex'],['user_ea5e24'],sensex,2026-09-05 19:16:04.312527+00:00,[],2026-09-04
the_bear_desk|2026-09-05T09:39:59.894474+00:00|Nifty ne resistance todi! bullish moment,the_bear_desk,"Nifty ne resistance todi! bullish momentum building, 21599 ke upar accumulate karo #intraday Thoughts?",2026-09-05 09:39:59.894474+00:00,2,0,0,['intraday'],[],intraday,2026-09-05 19:16:04.278775+00:00,[],2026-09-05
"sensex_scalper|2026-09-05T16:24:17.231838+00:00|Watching #banknifty closely, no clear tr",sensex_scalper,"Watching #banknifty closely, no clear trend yet. What's everyone's view on 49423? #optionstrading #dalalstreet",2026-09-05 16:24:17.231838+00:00,10,0,1,['banknifty'],[],banknifty,2026-09-05 19:16:04.261264+00:00,[],2026-09-05
"riskmanager_99|2026-09-04T19:36:08.689118+00:00|Tejji ka mahaul hai #nifty50 mein, 23065",riskmanager_99,"Tejji ka mahaul hai #nifty50 mein, 23065 pe strong buying dekhi",2026-09-04 19:36:08.689118+00:00,3,0,0,['nifty50'],[],nifty50,2026-09-05 19:16:04.276891+00:00,[],2026-09-04
"bull_on_dalal_st|2026-09-05T01:07:50.928880+00:00|आज #nifty50 में भारी गिरावट, 49242 का सप",bull_on_dalal_st,"आज #nifty50 में भारी गिरावट, 49242 का सपोर्ट टूटा Options data suggests the same.",2026-09-05 01:07:50.928880+00:00,10,2,0,['nifty50'],[],nifty50,2026-09-05 19:16:04.302780+00:00,[],2026-09-05
"chartwizard|2026-09-05T06:44:01.221112+00:00|Global cues supportive, #intraday likely",chartwizard,"Global cues supportive, #intraday likely to open above 49687 tomorrow Keep an eye on FII/DII data.",2026-09-05 06:44:01.221112+00:00,7,1,0,"['intraday', 'nifty50']",[],intraday,2026-09-05 19:16:04.279277+00:00,[],2026-09-05
riskmanager_99|2026-09-05T00:59:14.396795+00:00|Nifty ne resistance todi! bullish moment,riskmanager_99,"Nifty ne resistance todi! bullish momentum building, 50683 ke upar accumulate karo #banknifty #stockmarket #trading",2026-09-05 00:59:14.396795+00:00,5,0,0,['banknifty'],[],banknifty,2026-09-05 19:16:04.294279+00:00,[],2026-09-05
"trader_raj|2026-09-05T03:55:07.122071+00:00|Gap up opening expected for #nifty50, 21",trader_raj,"Gap up opening expected for #nifty50, 21880 is the level to watch TCS also in focus.",2026-09-05 03:55:07.122071+00:00,13,1,1,['nifty50'],[],nifty50,2026-09-05 19:16:04.254148+00:00,[],2026-09-05
"banknifty_baba|2026-09-05T04:42:17.607312+00:00|Sideways action continues on #intraday, ",banknifty_baba,"Sideways action continues on #intraday, 50729-50429 range holding DYOR.",2026-09-05 04:42:17.607312+00:00,1,0,0,['intraday'],[],intraday,2026-09-05 19:16:04.310107+00:00,[],2026-09-05
"dalalstreet_diary|2026-09-05T17:57:13.586993+00:00|Sensex rally continues, 50489 support ho",dalalstreet_diary,"Sensex rally continues, 50489 support holding well. Long positions looking good #sensex Keep an eye on FII/DII data.",2026-09-05 17:57:13.586993+00:00,7,0,0,['sensex'],[],sensex,2026-09-05 19:16:04.275531+00:00,[],2026-09-05
"the_bear_desk|2026-09-04T19:32:38.700807+00:00|FIIs selling continuously, #sensex weak ",the_bear_desk,"FIIs selling continuously, #sensex weak below 49549 RBI policy day today.",2026-09-04 19:32:38.700807+00:00,14,2,2,['sensex'],[],sensex,2026-09-05 19:16:04.275988+00:00,[],2026-09-04
"algo_anil|2026-09-05T10:22:21.985252+00:00|Global cues supportive, #banknifty likel",algo_anil,"Global cues supportive, #banknifty likely to open above 21699 tomorrow DYOR.",2026-09-05 10:22:21.985252+00:00,5,1,0,['banknifty'],[],banknifty,2026-09-05 19:16:04.303057+00:00,[],2026-09-05
"quant_priya|2026-09-05T14:53:41.532242+00:00|Sensex rally continues, 22782 support ho",quant_priya,"Sensex rally continues, 22782 support holding well. Long positions looking good #intraday",2026-09-05 14:53:41.532242+00:00,13,2,2,"['intraday', 'sensex']",[],intraday,2026-09-05 19:16:04.266115+00:00,[],2026-09-05
"MarketMaverick|2026-09-04T23:55:38.458099+00:00|Mixed signals on #sensex today, 22968 ac",MarketMaverick,"Mixed signals on #sensex today, 22968 acting as a pivot #stockmarket #trading",2026-09-04 23:55:38.458099+00:00,6,1,0,['sensex'],[],sensex,2026-09-05 19:16:04.259723+00:00,[],2026-09-04
"bull_on_dalal_st|2026-09-05T12:05:58.874618+00:00|Tejji ka mahaul hai #banknifty mein, 492",bull_on_dalal_st,"Tejji ka mahaul hai #banknifty mein, 49289 pe strong buying dekhi",2026-09-05 12:05:58.874618+00:00,13,1,2,"['banknifty', 'sensex']",[],banknifty,2026-09-05 19:16:04.291771+00:00,[],2026-09-05
"options_owl|2026-09-05T05:24:42.284811+00:00|Global cues supportive, #nifty50 likely ",options_owl,"Global cues supportive, #nifty50 likely to open above 22502 tomorrow Volume bhi zyada hai aaj.",2026-09-05 05:24:42.284811+00:00,2,0,0,['nifty50'],['user_7efc3f'],nifty50,2026-09-05 19:16:04.256732+00:00,[],2026-09-05
"banknifty_baba|2026-09-05T17:41:26.237895+00:00|#nifty50 looking strong today, breakout ",banknifty_baba,"#nifty50 looking strong today, breakout above 50377, target 50227 Keep an eye on FII/DII data.",2026-09-05 17:41:26.237895+00:00,9,2,1,['nifty50'],['user_647b94'],nifty50,2026-09-05 19:16:04.283254+00:00,[],2026-09-05
"riskmanager_99|2026-09-05T06:52:41.322527+00:00|Tejji ka mahaul hai #sensex mein, 49442 ",riskmanager_99,"Tejji ka mahaul hai #sensex mein, 49442 pe strong buying dekhi Thoughts?",2026-09-05 06:52:41.322527+00:00,2,0,0,"['sensex', 'intraday']",[],sensex,2026-09-05 19:16:04.280369+00:00,[],2026-09-05
sensex_scalper|2026-09-04T18:55:29.950317+00:00|Nifty ne resistance todi! bullish moment,sensex_scalper,"Nifty ne resistance todi! bullish momentum building, 21522 ke upar accumulate karo #banknifty Options data suggests the same.",2026-09-04 18:55:29.950317+00:00,0,0,0,['banknifty'],[],banknifty,2026-09-05 19:16:04.305289+00:00,[],2026-09-04
options_owl|2026-09-05T01:21:51.359523+00:00|Profit booking seen in #nifty50 near 486,options_owl,"Profit booking seen in #nifty50 near 48691, caution advised NFA.",2026-09-05 01:21:51.359523+00:00,14,1,2,['nifty50'],[],nifty50,2026-09-05 19:16:04.258898+00:00,[],2026-09-05
"options_owl|2026-09-05T09:59:29.420698+00:00|Gap up opening expected for #banknifty, ",options_owl,"Gap up opening expected for #banknifty, 22846 is the level to watch Keep an eye on FII/DII data.",2026-09-05 09:59:29.420698+00:00,3,0,0,['banknifty'],[],banknifty,2026-09-05 19:16:04.275823+00:00,[],2026-09-05
"algo_anil|2026-09-05T02:30:38.226367+00:00|Gap up opening expected for #sensex, 221",algo_anil,"Gap up opening expected for #sensex, 22130 is the level to watch #optionstrading #dalalstreet",2026-09-05 02:30:38.226367+00:00,5,0,0,['sensex'],[],sensex,2026-09-05 19:16:04.282023+00:00,[],2026-09-05
"algo_anil|2026-09-04T23:36:03.008571+00:00|Gap up opening expected for #banknifty, ",algo_anil,"Gap up opening expected for #banknifty, 22517 is the level to watch",2026-09-04 23:36:03.008571+00:00,0,0,0,"['banknifty', 'sensex']",[],banknifty,2026-09-05 19:16:04.295706+00:00,[],2026-09-04
"swing_trader_in|2026-09-04T20:30:37.775996+00:00|FIIs buying heavily today, #nifty50 coul",swing_trader_in,"FIIs buying heavily today, #nifty50 could test 48249 by expiry",2026-09-04 20:30:37.775996+00:00,14,1,2,['nifty50'],[],nifty50,2026-09-05 19:16:04.270490+00:00,[],2026-09-04
dalalstreet_diary|2026-09-05T07:56:17.915997+00:00|Positional buy initiated on #intraday ab,dalalstreet_diary,"Positional buy initiated on #intraday above 22079, SL below 22529 Kya lagta hai aap logo ka?",2026-09-05 07:56:17.915997+00:00,6,0,0,['intraday'],[],intraday,2026-09-05 19:16:04.302439+00:00,[],2026-09-05
"riskmanager_99|2026-09-05T03:31:21.197139+00:00|#banknifty looking strong today, breakou",riskmanager_99,"#banknifty looking strong today, breakout above 21758, target 22558 Volume bhi zyada hai aaj.",2026-09-05 03:31:21.197139+00:00,5,0,0,"['banknifty', 'banknifty']",[],banknifty,2026-09-05 19:16:04.297105+00:00,[],2026-09-05
bull_on_dalal_st|2026-09-05T11:06:28.846838+00:00|Profit booking seen in #intraday near 23,bull_on_dalal_st,"Profit booking seen in #intraday near 23462, caution advised DYOR.",2026-09-05 11:06:28.846838+00:00,2,0,0,"['intraday', 'nifty50']",[],intraday,2026-09-05 19:16:04.261311+00:00,[],2026-09-05
"banknifty_baba|2026-09-04T23:46:01.391606+00:00|#sensex consolidating near 21517, need a",banknifty_baba,"#sensex consolidating near 21517, need a breakout either side Options data suggests the same.",2026-09-04 23:46:01.391606+00:00,2,0,0,"['sensex', 'nifty50']",[],sensex,2026-09-05 19:16:04.310722+00:00,[],2026-09-04
quant_priya|2026-09-05T12:13:19.217610+00:00|Nifty ne resistance todi! bullish moment,quant_priya,"Nifty ne resistance todi! bullish momentum building, 50696 ke upar accumulate karo #banknifty Kya lagta hai aap logo ka? TCS also in focus.",2026-09-05 12:13:19.217610+00:00,15,1,2,['banknifty'],[],banknifty,2026-09-05 19:16:04.286509+00:00,[],2026-09-05
"dalalstreet_diary|2026-09-05T04:45:39.682473+00:00|#intraday breaking down below 48947, exp",dalalstreet_diary,"#intraday breaking down below 48947, expecting further downside to 48497 DYOR.",2026-09-05 04:45:39.682473+00:00,7,0,0,['intraday'],[],intraday,2026-09-05 19:16:04.256858+00:00,[],2026-09-05
"the_bear_desk|2026-09-05T12:21:12.823986+00:00|आज #banknifty में भारी गिरावट, 21501 का ",the_bear_desk,"आज #banknifty में भारी गिरावट, 21501 का सपोर्ट टूटा Let's see how it closes.",2026-09-05 12:21:12.823986+00:00,1,0,0,"['banknifty', 'intraday']",[],banknifty,2026-09-05 19:16:04.256400+00:00,[],2026-09-05
"intraday_ishaan|2026-09-05T13:07:34.997200+00:00|FIIs selling continuously, #nifty50 weak",intraday_ishaan,"FIIs selling continuously, #nifty50 weak below 50458",2026-09-05 13:07:34.997200+00:00,4,1,0,"['nifty50', 'banknifty']",[],nifty50,2026-09-05 19:16:04.311555+00:00,[],2026-09-05
"intraday_ishaan|2026-09-05T05:06:07.207674+00:00|Gap up opening expected for #nifty50, 48",intraday_ishaan,"Gap up opening expected for #nifty50, 48917 is the level to watch Options data suggests the same.",2026-09-05 05:06:07.207674+00:00,0,0,0,"['nifty50', 'nifty50']",[],nifty50,2026-09-05 19:16:04.263778+00:00,[],2026-09-05
"trader_raj|2026-09-05T05:14:46.344893+00:00|FIIs buying heavily today, #nifty50 coul",trader_raj,"FIIs buying heavily today, #nifty50 could test 23178 by expiry Keep an eye on FII/DII data.",2026-09-05 05:14:46.344893+00:00,1,0,0,"['nifty50', 'intraday']",[],nifty50,2026-09-05 19:16:04.257921+00:00,[],2026-09-05
"swing_trader_in|2026-09-04T19:58:10.009836+00:00|Sell on rise strategy for #nifty50, resi",swing_trader_in,"Sell on rise strategy for #nifty50, resistance at 47832 not breaking #stockmarket #trading",2026-09-04 19:58:10.009836+00:00,9,1,0,['nifty50'],[],nifty50,2026-09-05 19:16:04.276929+00:00,[],2026-09-04
"trader_raj|2026-09-05T00:40:30.396095+00:00|Low volume day for #banknifty, market aw",trader_raj,"Low volume day for #banknifty, market awaiting 49691 confirmation Budget session ahead, stay alert.",2026-09-05 00:40:30.396095+00:00,5,0,0,['banknifty'],[],banknifty,2026-09-05 19:16:04.302514+00:00,[],2026-09-05
"quant_priya|2026-09-05T04:26:55.768308+00:00|Gap up opening expected for #intraday, 2",quant_priya,"Gap up opening expected for #intraday, 23196 is the level to watch Thoughts?",2026-09-05 04:26:55.768308+00:00,9,2,1,"['intraday', 'nifty50']",[],intraday,2026-09-05 19:16:04.271682+00:00,[],2026-09-05
"trader_raj|2026-09-05T15:27:01.340353+00:00|Watching #sensex closely, no clear trend",trader_raj,"Watching #sensex closely, no clear trend yet. What's everyone's view on 22547? Volume bhi zyada hai aaj.",2026-09-05 15:27:01.340353+00:00,9,1,0,"['sensex', 'banknifty']",[],sensex,2026-09-05 19:16:04.287046+00:00,[],2026-09-05
"sensex_scalper|2026-09-04T21:45:21.090166+00:00|FIIs buying heavily today, #banknifty co",sensex_scalper,"FIIs buying heavily today, #banknifty could test 24105 by expiry NFA.",2026-09-04 21:45:21.090166+00:00,7,0,0,['banknifty'],['user_d2c137'],banknifty,2026-09-05 19:16:04.289800+00:00,[],2026-09-04
"riskmanager_99|2026-09-05T17:41:34.276687+00:00|#intraday consolidating near 48731, need-dup",riskmanager_99,"#intraday consolidating near 48731, need a breakout either side #stockmarket #trading",2026-09-05 17:41:34.276687+00:00,14,3,1,['intraday'],[],intraday,2026-09-05 19:16:04.314755+00:00,[],2026-09-05
"dalalstreet_diary|2026-09-05T06:46:09.413816+00:00|Sideways action continues on #intraday, ",dalalstreet_diary,"Sideways action continues on #intraday, 49308-49458 range holding",2026-09-05 06:46:09.413816+00:00,12,1,1,['intraday'],[],intraday,2026-09-05 19:16:04.272126+00:00,[],2026-09-05
banknifty_baba|2026-09-05T02:54:51.726662+00:00|Nifty ne resistance todi! bullish moment,banknifty_baba,"Nifty ne resistance todi! bullish momentum building, 50134 ke upar accumulate karo #nifty50 #optionstrading #dalalstreet",2026-09-05 02:54:51.726662+00:00,4,1,0,['nifty50'],[],nifty50,2026-09-05 19:16:04.308886+00:00,[],2026-09-05
"MarketMaverick|2026-09-05T18:57:42.298037+00:00|Mixed signals on #sensex today, 48000 ac",MarketMaverick,"Mixed signals on #sensex today, 48000 acting as a pivot Kya lagta hai aap logo ka?",2026-09-05 18:57:42.298037+00:00,6,1,0,['sensex'],['user_d5fadb'],sensex,2026-09-05 19:16:04.266003+00:00,[],2026-09-05
"sensex_scalper|2026-09-05T05:14:49.356466+00:00|#sensex looking strong today, breakout a",sensex_scalper,"#sensex looking strong today, breakout above 47641, target 47941 Volume bhi zyada hai aaj.",2026-09-05 05:14:49.356466+00:00,6,1,1,['sensex'],['user_d27e78'],sensex,2026-09-05 19:16:04.280722+00:00,[],2026-09-05
"riskmanager_99|2026-09-05T14:06:33.852045+00:00|Low volume day for #banknifty, market aw",riskmanager_99,"Low volume day for #banknifty, market awaiting 23011 confirmation #optionstrading #dalalstreet",2026-09-05 14:06:33.852045+00:00,9,2,1,['banknifty'],['user_b646e2'],banknifty,2026-09-05 19:16:04.300768+00:00,[],2026-09-05
"dalalstreet_diary|2026-09-04T21:54:49.082234+00:00|FIIs selling continuously, #intraday wea",dalalstreet_diary,"FIIs selling continuously, #intraday weak below 48896 Options data suggests the same.",2026-09-04 21:54:49.082234+00:00,6,0,0,['intraday'],[],intraday,2026-09-05 19:16:04.280354+00:00,[],2026-09-04
"quant_priya|2026-09-05T16:37:14.132137+00:00|Low volume day for #sensex, market await",quant_priya,"Low volume day for #sensex, market awaiting 22648 confirmation #stockmarket #trading",2026-09-05 16:37:14.132137+00:00,2,0,0,['sensex'],[],sensex,2026-09-05 19:16:04.303778+00:00,[],2026-09-05
"MarketMaverick|2026-09-04T23:15:59.587278+00:00|Global markets weak overnight, #sensex m",MarketMaverick,"Global markets weak overnight, #sensex may gap down below 23482 #stockmarket #trading",2026-09-04 23:15:59.587278+00:00,0,0,0,['sensex'],[],sensex,2026-09-05 19:16:04.299961+00:00,[],2026-09-04
"chartwizard|2026-09-05T07:10:12.997093+00:00|FIIs buying heavily today, #sensex could",chartwizard,"FIIs buying heavily today, #sensex could test 49446 by expiry",2026-09-05 07:10:12.997093+00:00,1,0,0,['sensex'],[],sensex,2026-09-05 19:16:04.289916+00:00,[],2026-09-05
"intraday_ishaan|2026-09-05T04:56:37.170457+00:00|Sideways action continues on #intraday, ",intraday_ishaan,"Sideways action continues on #intraday, 21897-21597 range holding NFA.",2026-09-05 04:56:37.170457+00:00,15,2,1,['intraday'],[],intraday,2026-09-05 19:16:04.275081+00:00,[],2026-09-05
"intraday_ishaan|2026-09-05T03:52:31.988491+00:00|बाजार में तेजी है, 48864 के ऊपर खरीदारी ",intraday_ishaan,"बाजार में तेजी है, 48864 के ऊपर खरीदारी का मौका #banknifty",2026-09-05 03:52:31.988491+00:00,3,0,0,"['banknifty', 'intraday']",[],banknifty,2026-09-05 19:16:04.274003+00:00,[],2026-09-05
"intraday_ishaan|2026-09-05T03:04:09.386139+00:00|Watching #intraday closely, no clear tre",intraday_ishaan,"Watching #intraday closely, no clear trend yet. What's everyone's view on 22171? NFA.",2026-09-05 03:04:09.386139+00:00,7,1,0,['intraday'],['user_3c1242'],intraday,2026-09-05 19:16:04.276544+00:00,[],2026-09-05
"the_bear_desk|2026-09-05T17:15:26.352852+00:00|आज #sensex में जबरदस्त तेजी, 22916 का स्",the_bear_desk,"आज #sensex में जबरदस्त तेजी, 22916 का स्तर पार Volume bhi zyada hai aaj.",2026-09-05 17:15:26.352852+00:00,11,0,1,['sensex'],['user_d0b5e8'],sensex,2026-09-05 19:16:04.283582+00:00,[],2026-09-05
"algo_anil|2026-09-05T03:27:53.192723+00:00|मंदी का माहौल है बाज़ार में, 50711 से नी",algo_anil,"मंदी का माहौल है बाज़ार में, 50711 से नीचे बिकवाली तेज #sensex #optionstrading #dalalstreet",2026-09-05 03:27:53.192723+00:00,4,1,0,['sensex'],[],sensex,2026-09-05 19:16:04.252689+00:00,[],2026-09-05
algo_anil|2026-09-05T05:39:09.301643+00:00|Positional buy initiated on #nifty50 abo,algo_anil,"Positional buy initiated on #nifty50 above 22654, SL below 23274 #stockmarket #trading",2026-09-05 05:39:09.301643+00:00,0,0,0,"['nifty50', 'nifty50']",[],nifty50,2026-09-05 19:16:04.295849+00:00,[],2026-09-05
"banknifty_baba|2026-09-05T17:38:30.508161+00:00|Sell on rise strategy for #nifty50, resi",banknifty_baba,"Sell on rise strategy for #nifty50, resistance at 48947 not breaking",2026-09-05 17:38:30.508161+00:00,4,0,0,"['nifty50', 'intraday']",[],nifty50,2026-09-05 19:16:04.286183+00:00,[],2026-09-05
"options_owl|2026-09-05T01:30:27.154185+00:00|Watching #nifty50 closely, no clear tren",options_owl,"Watching #nifty50 closely, no clear trend yet. What's everyone's view on 47538? #optionstrading #dalalstreet",2026-09-05 01:30:27.154185+00:00,12,0,0,['nifty50'],[],nifty50,2026-09-05 19:16:04.257300+00:00,[],2026-09-05
"niftyguru|2026-09-05T12:34:48.331474+00:00|Tejji ka mahaul hai #sensex mein, 48782 ",niftyguru,"Tejji ka mahaul hai #sensex mein, 48782 pe strong buying dekhi DYOR.",2026-09-05 12:34:48.331474+00:00,9,0,0,['sensex'],[],sensex,2026-09-05 19:16:04.301280+00:00,[],2026-09-05
"banknifty_baba|2026-09-05T06:14:37.962408+00:00|Tejji ka mahaul hai #intraday mein, 2288-dup",banknifty_baba,"Tejji ka mahaul hai #intraday mein, 22881 pe strong buying dekhi Budget session ahead, stay alert.",2026-09-05 06:14:37.962408+00:00,7,0,0,"['intraday', 'banknifty']",[],intraday,2026-09-05 19:16:04.313914+00:00,[],2026-09-05
"trader_raj|2026-09-05T01:42:23.373626+00:00|#intraday showing higher highs, 22839 br",trader_raj,"#intraday showing higher highs, 22839 broken with volume, next stop 22989 #optionstrading #dalalstreet",2026-09-05 01:42:23.373626+00:00,6,1,0,"['intraday', 'banknifty']",[],intraday,2026-09-05 19:16:04.273821+00:00,[],2026-09-05
"the_bear_desk|2026-09-05T16:59:19.950114+00:00|आज #intraday में भारी गिरावट, 47781 का स",the_bear_desk,"आज #intraday में भारी गिरावट, 47781 का सपोर्ट टूटा Thoughts?",2026-09-05 16:59:19.950114+00:00,14,1,1,['intraday'],['user_521376'],intraday,2026-09-05 19:16:04.252095+00:00,[],2026-09-05
"bull_on_dalal_st|2026-09-05T11:51:10.976103+00:00|Sell on rise strategy for #banknifty, re",bull_on_dalal_st,"Sell on rise strategy for #banknifty, resistance at 48092 not breaking Budget session ahead, stay alert.",2026-09-05 11:51:10.976103+00:00,14,3,1,['banknifty'],['user_062634'],banknifty,2026-09-05 19:16:04.283128+00:00,[],2026-09-05
"chartwizard|2026-09-05T12:01:57.326492+00:00|Panic selling in #sensex, 22256 breakdow",chartwizard,"Panic selling in #sensex, 22256 breakdown confirmed, stop loss hit RBI policy day today.",2026-09-05 12:01:57.326492+00:00,6,0,0,['sensex'],['user_1ab269'],sensex,2026-09-05 19:16:04.294862+00:00,[],2026-09-05
"riskmanager_99|2026-09-05T12:46:18.363315+00:00|Global markets weak overnight, #banknift",riskmanager_99,"Global markets weak overnight, #banknifty may gap down below 22228 NFA.",2026-09-05 12:46:18.363315+00:00,1,0,0,['banknifty'],[],banknifty,2026-09-05 19:16:04.293684+00:00,[],2026-09-05
"algo_anil|2026-09-04T19:47:38.202953+00:00|Sell on rise strategy for #intraday, res",algo_anil,"Sell on rise strategy for #intraday, resistance at 23332 not breaking RBI policy day today.",2026-09-04 19:47:38.202953+00:00,3,0,0,['intraday'],[],intraday,2026-09-05 19:16:04.268511+00:00,[],2026-09-04
"riskmanager_99|2026-09-05T09:56:19.957126+00:00|बाजार में तेजी है, 47827 के ऊपर खरीदारी ",riskmanager_99,"बाजार में तेजी है, 47827 के ऊपर खरीदारी का मौका #intraday Thoughts?",2026-09-05 09:56:19.957126+00:00,2,0,0,"['intraday', 'intraday']",[],intraday,2026-09-05 19:16:04.257037+00:00,[],2026-09-05
"swing_trader_in|2026-09-05T05:34:34.238925+00:00|Watching #intraday closely, no clear tre",swing_trader_in,"Watching #intraday closely, no clear trend yet. What's everyone's view on 22293? Let's see how it closes.",2026-09-05 05:34:34.238925+00:00,11,2,0,['intraday'],[],intraday,2026-09-05 19:16:04.262235+00:00,[],2026-09-05
"bull_on_dalal_st|2026-09-04T23:41:33.332948+00:00|Sideways action continues on #intraday, ",bull_on_dalal_st,"Sideways action continues on #intraday, 22438-21818 range holding Volume bhi zyada hai aaj.",2026-09-04 23:41:33.332948+00:00,9,1,1,['intraday'],['user_6ac176'],intraday,2026-09-05 19:16:04.279718+00:00,[],2026-09-04
"niftyguru|2026-09-04T21:53:18.653382+00:00|Buy the dip on 21621, 22421 target for s",niftyguru,"Buy the dip on 21621, 22421 target for swing trade #nifty50 $NIFTY",2026-09-04 21:53:18.653382+00:00,0,0,0,['nifty50'],[],nifty50,2026-09-05 19:16:04.308567+00:00,['NIFTY'],2026-09-04
"MarketMaverick|2026-09-05T03:43:02.784762+00:00|Tejji ka mahaul hai #nifty50 mein, 49112",MarketMaverick,"Tejji ka mahaul hai #nifty50 mein, 49112 pe strong buying dekhi Keep an eye on FII/DII data.",2026-09-05 03:43:02.784762+00:00,1,0,0,['nifty50'],[],nifty50,2026-09-05 19:16:04.296268+00:00,[],2026-09-05
"the_bear_desk|2026-09-04T21:29:26.938906+00:00|Gap up opening expected for #sensex, 216",the_bear_desk,"Gap up opening expected for #sensex, 21661 is the level to watch Let's see how it closes.",2026-09-04 21:29:26.938906+00:00,7,1,0,['sensex'],[],sensex,2026-09-05 19:16:04.274086+00:00,[],2026-09-04
"banknifty_baba|2026-09-05T02:58:54.644904+00:00|Sideways action continues on #intraday, ",banknifty_baba,"Sideways action continues on #intraday, 21839-22639 range holding",2026-09-05 02:58:54.644904+00:00,10,0,1,['intraday'],[],intraday,2026-09-05 19:16:04.310957+00:00,[],2026-09-05
"bull_on_dalal_st|2026-09-05T07:50:20.452314+00:00|मंदी का माहौल है बाज़ार में, 49210 से नी",bull_on_dalal_st,"मंदी का माहौल है बाज़ार में, 49210 से नीचे बिकवाली तेज #sensex Budget session ahead, stay alert.",2026-09-05 07:50:20.452314+00:00,7,0,0,['sensex'],[],sensex,2026-09-05 19:16:04.272173+00:00,[],2026-09-05
"chartwizard|2026-09-04T22:40:57.207237+00:00|Mixed signals on #sensex today, 50649 ac",chartwizard,"Mixed signals on #sensex today, 50649 acting as a pivot Budget session ahead, stay alert.",2026-09-04 22:40:57.207237+00:00,0,0,0,"['sensex', 'intraday']",[],sensex,2026-09-05 19:16:04.289098+00:00,[],2026-09-04
"chartwizard|2026-09-05T08:11:14.555402+00:00|आज #banknifty में भारी गिरावट, 48944 का ",chartwizard,"आज #banknifty में भारी गिरावट, 48944 का सपोर्ट टूटा Keep an eye on FII/DII data.",2026-09-05 08:11:14.555402+00:00,3,0,0,['banknifty'],[],banknifty,2026-09-05 19:16:04.312982+00:00,[],2026-09-05
"swing_trader_in|2026-09-05T16:19:41.695267+00:00|#sensex forming lower lows, 22594 suppor",swing_trader_in,"#sensex forming lower lows, 22594 support gone, next target 22294 RBI policy day today.",2026-09-05 16:19:41.695267+00:00,6,1,0,['sensex'],[],sensex,2026-09-05 19:16:04.262346+00:00,[],2026-09-05
"intraday_ishaan|2026-09-04T23:16:20.608135+00:00|Low volume day for #intraday, market awa",intraday_ishaan,"Low volume day for #intraday, market awaiting 23272 confirmation",2026-09-04 23:16:20.608135+00:00,4,0,0,['intraday'],[],intraday,2026-09-05 19:16:04.305473+00:00,[],2026-09-04
banknifty_baba|2026-09-05T14:12:41.617936+00:00|Nifty ne resistance todi! bullish moment,banknifty_baba,"Nifty ne resistance todi! bullish momentum building, 48135 ke upar accumulate karo #banknifty NFA.",2026-09-05 14:12:41.617936+00:00,1,0,0,"['banknifty', 'sensex']",[],banknifty,2026-09-05 19:16:04.313268+00:00,[],2026-09-05
"intraday_ishaan|2026-09-05T03:24:27.814852+00:00|Global markets weak overnight, #nifty50 ",intraday_ishaan,"Global markets weak overnight, #nifty50 may gap down below 50936 #stockmarket #trading",2026-09-05 03:24:27.814852+00:00,1,0,0,['nifty50'],[],nifty50,2026-09-05 19:16:04.282288+00:00,[],2026-09-05
"the_bear_desk|2026-09-05T02:09:48.697081+00:00|Tejji ka mahaul hai #nifty50 mein, 21527",the_bear_desk,"Tejji ka mahaul hai #nifty50 mein, 21527 pe strong buying dekhi NFA.",2026-09-05 02:09:48.697081+00:00,7,0,0,['nifty50'],[],nifty50,2026-09-05 19:16:04.254621+00:00,[],2026-09-05
"the_bear_desk|2026-09-05T16:39:56.683804+00:00|Watching #banknifty closely, no clear tr",the_bear_desk,"Watching #banknifty closely, no clear trend yet. What's everyone's view on 22523? Thoughts?",2026-09-05 16:39:56.683804+00:00,14,2,1,['banknifty'],[],banknifty,2026-09-05 19:16:04.256593+00:00,[],2026-09-05
"riskmanager_99|2026-09-05T14:27:31.481893+00:00|Watching #banknifty closely, no clear tr",riskmanager_99,"Watching #banknifty closely, no clear trend yet. What's everyone's view on 21572?",2026-09-05 14:27:31.481893+00:00,15,0,0,"['banknifty', 'nifty50']",[],banknifty,2026-09-05 19:16:04.291719+00:00,[],2026-09-05
"chartwizard|2026-09-05T07:16:35.771728+00:00|Low volume day for #nifty50, market awai",chartwizard,"Low volume day for #nifty50, market awaiting 49146 confirmation Options data suggests the same.",2026-09-05 07:16:35.771728+00:00,0,0,0,"['nifty50', 'intraday']",[],nifty50,2026-09-05 19:16:04.276917+00:00,[],2026-09-05
"trader_raj|2026-09-04T23:27:37.192188+00:00|FIIs selling continuously, #nifty50 weak",trader_raj,"FIIs selling continuously, #nifty50 weak below 49018 Thoughts?",2026-09-04 23:27:37.192188+00:00,8,2,0,"['nifty50', 'sensex']",[],nifty50,2026-09-05 19:16:04.311203+00:00,[],2026-09-04
"niftyguru|2026-09-05T11:40:25.656120+00:00|FIIs buying heavily today, #nifty50 coul",niftyguru,"FIIs buying heavily today, #nifty50 could test 21701 by expiry Options data suggests the same. Reliance also in focus.",2026-09-05 11:40:25.656120+00:00,14,1,0,['nifty50'],[],nifty50,2026-09-05 19:16:04.297190+00:00,[],2026-09-05
"niftyguru|2026-09-05T05:05:41.085289+00:00|Global markets weak overnight, #sensex m",niftyguru,"Global markets weak overnight, #sensex may gap down below 22752 NFA.",2026-09-05 05:05:41.085289+00:00,6,0,0,['sensex'],[],sensex,2026-09-05 19:16:04.305321+00:00,[],2026-09-05
quant_priya|2026-09-05T16:07:30.808987+00:00|Nifty ne resistance todi! bullish moment,quant_priya,"Nifty ne resistance todi! bullish momentum building, 21787 ke upar accumulate karo #nifty50 NFA.",2026-09-05 16:07:30.808987+00:00,10,2,0,['nifty50'],['user_ba24d3'],nifty50,2026-09-05 19:16:04.268958+00:00,[],2026-09-05
"sensex_scalper|2026-09-05T13:02:19.571933+00:00|#nifty50 breaking down below 49421, expe",sensex_scalper,"#nifty50 breaking down below 49421, expecting further downside to 48971",2026-09-05 13:02:19.571933+00:00,14,3,2,['nifty50'],[],nifty50,2026-09-05 19:16:04.265370+00:00,[],2026-09-05
"bull_on_dalal_st|2026-09-05T16:25:11.549535+00:00|आज #nifty50 में भारी गिरावट, 22429 का सप",bull_on_dalal_st,"आज #nifty50 में भारी गिरावट, 22429 का सपोर्ट टूटा #stockmarket #trading",2026-09-05 16:25:11.549535+00:00,2,0,0,['nifty50'],[],nifty50,2026-09-05 19:16:04.258615+00:00,[],2026-09-05
"dalalstreet_diary|2026-09-05T09:02:51.248528+00:00|#intraday looking strong today, breakout",dalalstreet_diary,"#intraday looking strong today, breakout above 23307, target 23157 NFA.",2026-09-05 09:02:51.248528+00:00,1,0,0,['intraday'],[],intraday,2026-09-05 19:16:04.304364+00:00,[],2026-09-05
"MarketMaverick|2026-09-05T14:55:58.335873+00:00|FIIs buying heavily today, #sensex could",MarketMaverick,"FIIs buying heavily today, #sensex could test 22017 by expiry Budget session ahead, stay alert.",2026-09-05 14:55:58.335873+00:00,0,0,0,['sensex'],[],sensex,2026-09-05 19:16:04.255250+00:00,[],2026-09-05
"dalalstreet_diary|2026-09-04T20:35:19.730364+00:00|Global markets weak overnight, #sensex m",dalalstreet_diary,"Global markets weak overnight, #sensex may gap down below 47548 Options data suggests the same.",2026-09-04 20:35:19.730364+00:00,5,0,0,['sensex'],['user_971f04'],sensex,2026-09-05 19:16:04.302228+00:00,[],2026-09-04
"the_bear_desk|2026-09-05T14:47:30.591182+00:00|#nifty50 consolidating near 22242, need ",the_bear_desk,"#nifty50 consolidating near 22242, need a breakout either side",2026-09-05 14:47:30.591182+00:00,10,1,1,['nifty50'],['user_4c690d'],nifty50,2026-09-05 19:16:04.281747+00:00,[],2026-09-05
"niftyguru|2026-09-04T23:14:46.687695+00:00|Panic selling in #banknifty, 21977 break",niftyguru,"Panic selling in #banknifty, 21977 breakdown confirmed, stop loss hit",2026-09-04 23:14:46.687695+00:00,11,2,0,['banknifty'],[],banknifty,2026-09-05 19:16:04.264208+00:00,[],2026-09-04
"niftyguru|2026-09-05T05:22:39.855037+00:00|#banknifty looking strong today, breakou",niftyguru,"#banknifty looking strong today, breakout above 22692, target 23312 Thoughts?",2026-09-05 05:22:39.855037+00:00,7,0,0,['banknifty'],[],banknifty,2026-09-05 19:16:04.306695+00:00,[],2026-09-05
"riskmanager_99|2026-09-05T13:38:25.967725+00:00|#sensex showing higher highs, 50562 brok",riskmanager_99,"#sensex showing higher highs, 50562 broken with volume, next stop 51362 Kya lagta hai aap logo ka?",2026-09-05 13:38:25.967725+00:00,6,1,0,"['sensex', 'intraday']",[],sensex,2026-09-05 19:16:04.295861+00:00,[],2026-09-05
"dalalstreet_diary|2026-09-04T19:45:12.046822+00:00|Sideways action continues on #intraday, ",dalalstreet_diary,"Sideways action continues on #intraday, 50029-49409 range holding Kya lagta hai aap logo ka?",2026-09-04 19:45:12.046822+00:00,12,1,0,['intraday'],['user_0e69b2'],intraday,2026-09-05 19:16:04.252182+00:00,[],2026-09-04
sensex_scalper|2026-09-05T13:49:08.883395+00:00|#banknifty range-bound between 47912 and,sensex_scalper,"#banknifty range-bound between 47912 and 48212 today, waiting for a clear direction DYOR.",2026-09-05 13:49:08.883395+00:00,5,0,0,['banknifty'],[],banknifty,2026-09-05 19:16:04.306267+00:00,[],2026-09-05
"swing_trader_in|2026-09-05T01:46:50.244849+00:00|Tejji ka mahaul hai #nifty50 mein, 22189",swing_trader_in,"Tejji ka mahaul hai #nifty50 mein, 22189 pe strong buying dekhi Kya lagta hai aap logo ka?",2026-09-05 01:46:50.244849+00:00,10,2,1,['nifty50'],[],nifty50,2026-09-05 19:16:04.304685+00:00,[],2026-09-05
algo_anil|2026-09-05T13:45:33.562828+00:00|Nifty ne resistance todi! bullish moment,algo_anil,"Nifty ne resistance todi! bullish momentum building, 49482 ke upar accumulate karo #nifty50 RBI policy day today.",2026-09-05 13:45:33.562828+00:00,11,2,1,['nifty50'],[],nifty50,2026-09-05 19:16:04.294891+00:00,[],2026-09-05
"MarketMaverick|2026-09-05T01:52:48.075318+00:00|Global cues supportive, #sensex likely t",MarketMaverick,"Global cues supportive, #sensex likely to open above 22992 tomorrow HDFC Bank also in focus.",2026-09-05 01:52:48.075318+00:00,0,0,0,"['sensex', 'banknifty']",[],sensex,2026-09-05 19:16:04.280437+00:00,[],2026-09-05
"the_bear_desk|2026-09-05T17:46:31.905380+00:00|आज #sensex में जबरदस्त तेजी, 47609 का स्",the_bear_desk,"आज #sensex में जबरदस्त तेजी, 47609 का स्तर पार",2026-09-05 17:46:31.905380+00:00,1,0,0,"['sensex', 'banknifty']",[],sensex,2026-09-05 19:16:04.286430+00:00,[],2026-09-05
"trader_raj|2026-09-04T21:00:20.039685+00:00|Global cues supportive, #intraday likely",trader_raj,"Global cues supportive, #intraday likely to open above 50311 tomorrow Volume bhi zyada hai aaj.",2026-09-04 21:00:20.039685+00:00,0,0,0,['intraday'],[],intraday,2026-09-05 19:16:04.258220+00:00,[],2026-09-04
banknifty_baba|2026-09-05T18:44:03.675559+00:00|Short positions added on #sensex below 4,banknifty_baba,"Short positions added on #sensex below 49369, target 49519",2026-09-05 18:44:03.675559+00:00,11,3,0,['sensex'],[],sensex,2026-09-05 19:16:04.288466+00:00,[],2026-09-05
"sensex_scalper|2026-09-05T16:38:00.218671+00:00|Watching #nifty50 closely, no clear tren",sensex_scalper,"Watching #nifty50 closely, no clear trend yet. What's everyone's view on 23380? Thoughts?",2026-09-05 16:38:00.218671+00:00,1,0,0,['nifty50'],[],nifty50,2026-09-05 19:16:04.274405+00:00,[],2026-09-05
banknifty_baba|2026-09-04T23:17:42.761636+00:00|Profit booking seen in #intraday near 22,banknifty_baba,"Profit booking seen in #intraday near 22422, caution advised RBI policy day today.",2026-09-04 23:17:42.761636+00:00,15,3,2,['intraday'],['user_8d7bed'],intraday,2026-09-05 19:16:04.291681+00:00,[],2026-09-04
"algo_anil|2026-09-05T14:48:20.846336+00:00|#nifty50 looking strong today, breakout ",algo_anil,"#nifty50 looking strong today, breakout above 48045, target 48195 Let's see how it closes.",2026-09-05 14:48:20.846336+00:00,1,0,0,"['nifty50', 'sensex']",[],nifty50,2026-09-05 19:16:04.313377+00:00,[],2026-09-05
"intraday_ishaan|2026-09-05T16:50:50.663874+00:00|Buy the dip on 23041, 22891 target for s",intraday_ishaan,"Buy the dip on 23041, 22891 target for swing trade #intraday $NIFTY Volume bhi zyada hai aaj.",2026-09-05 16:50:50.663874+00:00,3,0,0,"['intraday', 'nifty50']",[],intraday,2026-09-05 19:16:04.281135+00:00,['NIFTY'],2026-09-05
algo_anil|2026-09-05T16:20:56.780492+00:00|Short positions added on #nifty50 below ,algo_anil,"Short positions added on #nifty50 below 50952, target 50802 Let's see how it closes.",2026-09-05 16:20:56.780492+00:00,9,0,0,['nifty50'],[],nifty50,2026-09-05 19:16:04.307476+00:00,[],2026-09-05
swing_trader_in|2026-09-04T20:08:14.534455+00:00|Short positions added on #nifty50 below ,swing_trader_in,"Short positions added on #nifty50 below 21707, target 21557 Options data suggests the same.",2026-09-04 20:08:14.534455+00:00,12,0,1,['nifty50'],[],nifty50,2026-09-05 19:16:04.308371+00:00,[],2026-09-04
"banknifty_baba|2026-09-05T06:08:01.254914+00:00|बाजार में तेजी है, 23170 के ऊपर खरीदारी ",banknifty_baba,"बाजार में तेजी है, 23170 के ऊपर खरीदारी का मौका #sensex Thoughts?",2026-09-05 06:08:01.254914+00:00,5,0,0,['sensex'],['user_79de71'],sensex,2026-09-05 19:16:04.258192+00:00,[],2026-09-05
"sensex_scalper|2026-09-05T01:58:45.777652+00:00|#banknifty looking strong today, breakou",sensex_scalper,"#banknifty looking strong today, breakout above 48288, target 49088 Adani Enterprises also in focus.",2026-09-05 01:58:45.777652+00:00,6,1,0,"['banknifty', 'sensex']",['user_d7130f'],banknifty,2026-09-05 19:16:04.304401+00:00,[],2026-09-05
"niftyguru|2026-09-05T15:26:07.271276+00:00|Global cues supportive, #intraday likely",niftyguru,"Global cues supportive, #intraday likely to open above 21517 tomorrow DYOR.",2026-09-05 15:26:07.271276+00:00,14,0,1,['intraday'],[],intraday,2026-09-05 19:16:04.313520+00:00,[],2026-09-05
"sensex_scalper|2026-09-05T16:24:31.697672+00:00|Gap up opening expected for #nifty50, 48",sensex_scalper,"Gap up opening expected for #nifty50, 48499 is the level to watch RBI policy day today.",2026-09-05 16:24:31.697672+00:00,12,1,0,['nifty50'],[],nifty50,2026-09-05 19:16:04.278292+00:00,[],2026-09-05
"bull_on_dalal_st|2026-09-05T09:50:41.146848+00:00|#intraday showing higher highs, 21897 br",bull_on_dalal_st,"#intraday showing higher highs, 21897 broken with volume, next stop 22197 Thoughts?",2026-09-05 09:50:41.146848+00:00,10,2,1,['intraday'],[],intraday,2026-09-05 19:16:04.281678+00:00,[],2026-09-05
"intraday_ishaan|2026-09-04T20:08:18.618135+00:00|Gap up opening expected for #banknifty, ",intraday_ishaan,"Gap up opening expected for #banknifty, 22349 is the level to watch Options data suggests the same.",2026-09-04 20:08:18.618135+00:00,8,0,0,"['banknifty', 'intraday']",['user_30181f'],banknifty,2026-09-05 19:16:04.289894+00:00,[],2026-09-04
"niftyguru|2026-09-05T04:10:15.082331+00:00|Gap up opening expected for #intraday, 4",niftyguru,"Gap up opening expected for #intraday, 48672 is the level to watch Kya lagta hai aap logo ka?",2026-09-05 04:10:15.082331+00:00,12,1,0,['intraday'],['user_9627ed'],intraday,2026-09-05 19:16:04.310086+00:00,[],2026-09-05
"quant_priya|2026-09-05T18:24:14.045847+00:00|#banknifty consolidating near 21538, nee",quant_priya,"#banknifty consolidating near 21538, need a breakout either side Budget session ahead, stay alert.",2026-09-05 18:24:14.045847+00:00,2,0,0,['banknifty'],[],banknifty,2026-09-05 19:16:04.253062+00:00,[],2026-09-05
"algo_anil|2026-09-05T16:52:32.832078+00:00|Global cues supportive, #banknifty likel",algo_anil,"Global cues supportive, #banknifty likely to open above 23012 tomorrow Volume bhi zyada hai aaj. Adani Enterprises also in focus.",2026-09-05 16:52:32.832078+00:00,1,0,0,"['banknifty', 'sensex']",[],banknifty,2026-09-05 19:16:04.287227+00:00,[],2026-09-05
"quant_priya|2026-09-05T11:07:30.323990+00:00|FIIs buying heavily today, #intraday cou",quant_priya,"FIIs buying heavily today, #intraday could test 47976 by expiry Kya lagta hai aap logo ka?",2026-09-05 11:07:30.323990+00:00,3,0,0,['intraday'],[],intraday,2026-09-05 19:16:04.289496+00:00,[],2026-09-05
"sensex_scalper|2026-09-05T01:55:14.853682+00:00|#intraday showing higher highs, 22256 br",sensex_scalper,"#intraday showing higher highs, 22256 broken with volume, next stop 21806 Volume bhi zyada hai aaj.",2026-09-05 01:55:14.853682+00:00,7,2,0,"['intraday', 'banknifty']",['user_d6ac71'],intraday,2026-09-05 19:16:04.294504+00:00,[],2026-09-05
"dalalstreet_diary|2026-09-05T13:41:57.285857+00:00|बाजार में तेजी है, 50988 के ऊपर खरीदारी ",dalalstreet_diary,"बाजार में तेजी है, 50988 के ऊपर खरीदारी का मौका #intraday",2026-09-05 13:41:57.285857+00:00,15,1,1,"['intraday', 'banknifty']",['user_357a56'],intraday,2026-09-05 19:16:04.276198+00:00,[],2026-09-05
"riskmanager_99|2026-09-05T11:19:11.440696+00:00|Global cues supportive, #sensex likely t",riskmanager_99,"Global cues supportive, #sensex likely to open above 50288 tomorrow Kya lagta hai aap logo ka?",2026-09-05 11:19:11.440696+00:00,5,0,0,['sensex'],[],sensex,2026-09-05 19:16:04.281460+00:00,[],2026-09-05
"bull_on_dalal_st|2026-09-05T03:11:26.989365+00:00|Global markets weak overnight, #sensex m",bull_on_dalal_st,"Global markets weak overnight, #sensex may gap down below 49036 Options data suggests the same.",2026-09-05 03:11:26.989365+00:00,15,4,0,"['sensex', 'nifty50']",[],sensex,2026-09-05 19:16:04.288890+00:00,[],2026-09-05
"riskmanager_99|2026-09-05T06:31:35.894071+00:00|#nifty50 forming lower lows, 47742 suppo",riskmanager_99,"#nifty50 forming lower lows, 47742 support gone, next target 47442 DYOR.",2026-09-05 06:31:35.894071+00:00,15,0,0,['nifty50'],[],nifty50,2026-09-05 19:16:04.309032+00:00,[],2026-09-05
chartwizard|2026-09-05T15:53:07.289159+00:00|Profit booking seen in #banknifty near 4,chartwizard,"Profit booking seen in #banknifty near 49944, caution advised Budget session ahead, stay alert.",2026-09-05 15:53:07.289159+00:00,1,0,0,['banknifty'],[],banknifty,2026-09-05 19:16:04.275456+00:00,[],2026-09-05
riskmanager_99|2026-09-05T15:04:22.759801+00:00|Nifty ne resistance todi! bullish moment,riskmanager_99,"Nifty ne resistance todi! bullish momentum building, 47625 ke upar accumulate karo #intraday DYOR.",2026-09-05 15:04:22.759801+00:00,14,1,1,"['intraday', 'intraday']",[],intraday,2026-09-05 19:16:04.265084+00:00,[],2026-09-05
"algo_anil|2026-09-04T21:42:36.828276+00:00|FIIs buying heavily today, #nifty50 coul",algo_anil,"FIIs buying heavily today, #nifty50 could test 23229 by expiry #stockmarket #trading",2026-09-04 21:42:36.828276+00:00,12,0,0,"['nifty50', 'nifty50']",[],nifty50,2026-09-05 19:16:04.253491+00:00,[],2026-09-04
"sensex_scalper|2026-09-05T09:18:21.754690+00:00|Sideways action continues on #nifty50, 2",sensex_scalper,"Sideways action continues on #nifty50, 21808-21958 range holding Thoughts?",2026-09-05 09:18:21.754690+00:00,10,2,0,['nifty50'],[],nifty50,2026-09-05 19:16:04.260167+00:00,[],2026-09-05
"niftyguru|2026-09-05T07:29:00.510807+00:00|Sell on rise strategy for #intraday, res",niftyguru,"Sell on rise strategy for #intraday, resistance at 21956 not breaking Keep an eye on FII/DII data.",2026-09-05 07:29:00.510807+00:00,9,1,1,['intraday'],[],intraday,2026-09-05 19:16:04.308929+00:00,[],2026-09-05
"sensex_scalper|2026-09-04T20:30:18.815208+00:00|Global cues supportive, #banknifty likel",sensex_scalper,"Global cues supportive, #banknifty likely to open above 48230 tomorrow Kya lagta hai aap logo ka?",2026-09-04 20:30:18.815208+00:00,0,0,0,['banknifty'],['user_b00bf5'],banknifty,2026-09-05 19:16:04.312017+00:00,[],2026-09-04
"options_owl|2026-09-05T05:33:03.199787+00:00|बाजार में तेजी है, 21997 के ऊपर खरीदारी ",options_owl,"बाजार में तेजी है, 21997 के ऊपर खरीदारी का मौका #banknifty Budget session ahead, stay alert.",2026-09-05 05:33:03.199787+00:00,4,0,0,['banknifty'],[],banknifty,2026-09-05 19:16:04.286716+00:00,[],2026-09-05
"the_bear_desk|2026-09-04T22:05:10.028663+00:00|मंदी का माहौल है बाज़ार में, 22791 से नी",the_bear_desk,"मंदी का माहौल है बाज़ार में, 22791 से नीचे बिकवाली तेज #nifty50 NFA.",2026-09-04 22:05:10.028663+00:00,2,0,0,['nifty50'],['user_97cc3f'],nifty50,2026-09-05 19:16:04.263505+00:00,[],2026-09-04
"trader_raj|2026-09-04T19:07:34.280106+00:00|#intraday breaking down below 21691, exp",trader_raj,"#intraday breaking down below 21691, expecting further downside to 21071 DYOR.",2026-09-04 19:07:34.280106+00:00,4,0,0,"['intraday', 'banknifty']",[],intraday,2026-09-05 19:16:04.294586+00:00,[],2026-09-04
quant_priya|2026-09-05T15:52:56.421273+00:00|Short positions added on #banknifty belo,quant_priya,"Short positions added on #banknifty below 50350, target 50650 Keep an eye on FII/DII data.",2026-09-05 15:52:56.421273+00:00,13,2,0,['banknifty'],[],banknifty,2026-09-05 19:16:04.277080+00:00,[],2026-09-05
"options_owl|2026-09-05T08:43:27.841333+00:00|Panic selling in #intraday, 49243 breakd",options_owl,"Panic selling in #intraday, 49243 breakdown confirmed, stop loss hit Budget session ahead, stay alert.",2026-09-05 08:43:27.841333+00:00,15,2,1,['intraday'],[],intraday,2026-09-05 19:16:04.253921+00:00,[],2026-09-05
"trader_raj|2026-09-05T02:48:10.001044+00:00|FIIs selling continuously, #intraday wea",trader_raj,"FIIs selling continuously, #intraday weak below 48870",2026-09-05 02:48:10.001044+00:00,7,0,1,['intraday'],[],intraday,2026-09-05 19:16:04.299104+00:00,[],2026-09-05
the_bear_desk|2026-09-04T23:30:45.407354+00:00|Positional buy initiated on #nifty50 abo,the_bear_desk,"Positional buy initiated on #nifty50 above 47692, SL below 47992 Let's see how it closes.",2026-09-04 23:30:45.407354+00:00,7,1,0,"['nifty50', 'sensex']",['user_347296'],nifty50,2026-09-05 19:16:04.267319+00:00,[],2026-09-04
"options_owl|2026-09-04T20:28:16.922782+00:00|#banknifty showing higher highs, 22993 b",options_owl,"#banknifty showing higher highs, 22993 broken with volume, next stop 23443 NFA.",2026-09-04 20:28:16.922782+00:00,0,0,0,"['banknifty', 'intraday']",[],banknifty,2026-09-05 19:16:04.273794+00:00,[],2026-09-04
riskmanager_99|2026-09-05T07:30:11.032474+00:00|Short positions added on #banknifty belo,riskmanager_99,"Short positions added on #banknifty below 50651, target 50351 NFA.",2026-09-05 07:30:11.032474+00:00,13,3,1,"['banknifty', 'intraday']",[],banknifty,2026-09-05 19:16:04.281431+00:00,[],2026-09-05
niftyguru|2026-09-05T11:22:35.223379+00:00|Nifty ne resistance todi! bullish moment,niftyguru,"Nifty ne resistance todi! bullish momentum building, 50462 ke upar accumulate karo #intraday #optionstrading #dalalstreet",2026-09-05 11:22:35.223379+00:00,14,3,1,['intraday'],[],intraday,2026-09-05 19:16:04.263956+00:00,[],2026-09-05
"swing_trader_in|2026-09-04T23:36:50.224059+00:00|आज #intraday में भारी गिरावट, 23086 का स",swing_trader_in,"आज #intraday में भारी गिरावट, 23086 का सपोर्ट टूटा Thoughts? TCS also in focus.",2026-09-04 23:36:50.224059+00:00,0,0,0,['intraday'],[],intraday,2026-09-05 19:16:04.301862+00:00,[],2026-09-04
"algo_anil|2026-09-04T22:10:20.527830+00:00|Low volume day for #nifty50, market awai",algo_anil,"Low volume day for #nifty50, market awaiting 50377 confirmation Budget session ahead, stay alert.",2026-09-04 22:10:20.527830+00:00,11,2,2,['nifty50'],[],nifty50,2026-09-05 19:16:04.304380+00:00,[],2026-09-04
intraday_ishaan|2026-09-05T13:04:12.401689+00:00|#intraday range-bound between 48313 and ,intraday_ishaan,"#intraday range-bound between 48313 and 48613 today, waiting for a clear direction Thoughts?",2026-09-05 13:04:12.401689+00:00,6,0,0,"['intraday', 'nifty50']",[],intraday,2026-09-05 19:16:04.312111+00:00,[],2026-09-05
"quant_priya|2026-09-04T19:33:58.355007+00:00|Buy the dip on 48607, 49057 target for s",quant_priya,"Buy the dip on 48607, 49057 target for swing trade #sensex $NIFTY",2026-09-04 19:33:58.355007+00:00,1,0,0,['sensex'],[],sensex,2026-09-05 19:16:04.282329+00:00,['NIFTY'],2026-09-04
"dalalstreet_diary|2026-09-05T10:32:06.037900+00:00|#intraday consolidating near 22968, need",dalalstreet_diary,"#intraday consolidating near 22968, need a breakout either side #stockmarket #trading",2026-09-05 10:32:06.037900+00:00,8,0,1,['intraday'],[],intraday,2026-09-05 19:16:04.263279+00:00,[],2026-09-05
"niftyguru|2026-09-05T09:46:03.197921+00:00|Global cues supportive, #banknifty likel",niftyguru,"Global cues supportive, #banknifty likely to open above 49725 tomorrow DYOR.",2026-09-05 09:46:03.197921+00:00,8,0,0,['banknifty'],[],banknifty,2026-09-05 19:16:04.308437+00:00,[],2026-09-05
"chartwizard|2026-09-04T19:58:20.505017+00:00|#banknifty forming lower lows, 22655 sup",chartwizard,"#banknifty forming lower lows, 22655 support gone, next target 23105 NFA.",2026-09-04 19:58:20.505017+00:00,8,0,1,"['banknifty', 'intraday']",[],banknifty,2026-09-05 19:16:04.257259+00:00,[],2026-09-04
"dalalstreet_diary|2026-09-05T06:21:40.471803+00:00|Sideways action continues on #intraday, ",dalalstreet_diary,"Sideways action continues on #intraday, 50501-50651 range holding Volume bhi zyada hai aaj.",2026-09-05 06:21:40.471803+00:00,6,1,0,"['intraday', 'sensex']",[],intraday,2026-09-05 19:16:04.279734+00:00,[],2026-09-05
"swing_trader_in|2026-09-04T20:14:47.269685+00:00|Global cues supportive, #nifty50 likely ",swing_trader_in,"Global cues supportive, #nifty50 likely to open above 21991 tomorrow Keep an eye on FII/DII data.",2026-09-04 20:14:47.269685+00:00,1,0,0,"['nifty50', 'nifty50']",[],nifty50,2026-09-05 19:16:04.266258+00:00,[],2026-09-04
"bull_on_dalal_st|2026-09-05T11:55:27.755175+00:00|#intraday consolidating near 50019, need",bull_on_dalal_st,"#intraday consolidating near 50019, need a breakout either side DYOR.",2026-09-05 11:55:27.755175+00:00,0,0,0,['intraday'],[],intraday,2026-09-05 19:16:04.260971+00:00,[],2026-09-05
bull_on_dalal_st|2026-09-05T04:13:41.697745+00:00|Positional buy initiated on #sensex abov,bull_on_dalal_st,"Positional buy initiated on #sensex above 50003, SL below 49853 Options data suggests the same.",2026-09-05 04:13:41.697745+00:00,14,2,2,"['sensex', 'nifty50']",[],sensex,2026-09-05 19:16:04.305085+00:00,[],2026-09-05
"banknifty_baba|2026-09-05T15:13:57.366177+00:00|Market crash ho sakta hai, 23003 ka supp",banknifty_baba,"Market crash ho sakta hai, 23003 ka support toot gaya, bearish on #nifty50 #stockmarket #trading",2026-09-05 15:13:57.366177+00:00,3,0,0,['nifty50'],[],nifty50,2026-09-05 19:16:04.311287+00:00,[],2026-09-05
"niftyguru|2026-09-05T02:25:11.567325+00:00|आज #nifty50 में भारी गिरावट, 49925 का सप",niftyguru,"आज #nifty50 में भारी गिरावट, 49925 का सपोर्ट टूटा",2026-09-05 02:25:11.567325+00:00,3,0,0,['nifty50'],[],nifty50,2026-09-05 19:16:04.270187+00:00,[],2026-09-05
"niftyguru|2026-09-04T22:53:39.012837+00:00|#sensex forming lower lows, 50584 suppor",niftyguru,"#sensex forming lower lows, 50584 support gone, next target 50884 Kya lagta hai aap logo ka?",2026-09-04 22:53:39.012837+00:00,1,0,0,['sensex'],['user_4ef4fb'],sensex,2026-09-05 19:16:04.262379+00:00,[],2026-09-04
"algo_anil|2026-09-04T18:48:28.151044+00:00|आज #intraday में जबरदस्त तेजी, 22366 का ",algo_anil,"आज #intraday में जबरदस्त तेजी, 22366 का स्तर पार Volume bhi zyada hai aaj.",2026-09-04 18:48:28.151044+00:00,1,0,0,"['intraday', 'banknifty']",[],intraday,2026-09-05 19:16:04.266075+00:00,[],2026-09-04
dalalstreet_diary|2026-09-05T00:08:52.711035+00:00|Profit booking seen in #banknifty near 2,dalalstreet_diary,"Profit booking seen in #banknifty near 21843, caution advised Options data suggests the same.",2026-09-05 00:08:52.711035+00:00,8,2,0,['banknifty'],[],banknifty,2026-09-05 19:16:04.301330+00:00,[],2026-09-05
"riskmanager_99|2026-09-05T11:54:27.585488+00:00|#nifty50 showing higher highs, 50655 bro",riskmanager_99,"#nifty50 showing higher highs, 50655 broken with volume, next stop 50355 Kya lagta hai aap logo ka?",2026-09-05 11:54:27.585488+00:00,1,0,0,"['nifty50', 'nifty50']",['user_7892f0'],nifty50,2026-09-05 19:16:04.300338+00:00,[],2026-09-05
"sensex_scalper|2026-09-05T11:28:16.537231+00:00|Sideways action continues on #nifty50, 2",sensex_scalper,"Sideways action continues on #nifty50, 22164-21864 range holding NFA.",2026-09-05 11:28:16.537231+00:00,15,3,2,"['nifty50', 'banknifty']",[],nifty50,2026-09-05 19:16:04.265956+00:00,[],2026-09-05
"banknifty_baba|2026-09-05T15:30:41.535714+00:00|#sensex consolidating near 48978, need a",banknifty_baba,"#sensex consolidating near 48978, need a breakout either side Volume bhi zyada hai aaj.",2026-09-05 15:30:41.535714+00:00,11,2,0,['sensex'],[],sensex,2026-09-05 19:16:04.256956+00:00,[],2026-09-05
"swing_trader_in|2026-09-05T08:06:32.550842+00:00|Sideways action continues on #intraday, ",swing_trader_in,"Sideways action continues on #intraday, 50904-50604 range holding Keep an eye on FII/DII data.",2026-09-05 08:06:32.550842+00:00,12,2,2,['intraday'],[],intraday,2026-09-05 19:16:04.255141+00:00,[],2026-09-05
"sensex_scalper|2026-09-05T05:53:54.973485+00:00|Sensex rally continues, 23368 support ho",sensex_scalper,"Sensex rally continues, 23368 support holding well. Long positions looking good #intraday RBI policy day today.",2026-09-05 05:53:54.973485+00:00,11,1,1,['intraday'],[],intraday,2026-09-05 19:16:04.292019+00:00,[],2026-09-05
"algo_anil|2026-09-05T17:45:08.199227+00:00|#banknifty consolidating near 23097, nee",algo_anil,"#banknifty consolidating near 23097, need a breakout either side Keep an eye on FII/DII data.",2026-09-05 17:45:08.199227+00:00,15,1,2,['banknifty'],[],banknifty,2026-09-05 19:16:04.305166+00:00,[],2026-09-05
"quant_priya|2026-09-05T06:48:33.197802+00:00|मंदी का माहौल है बाज़ार में, 22595 से नी",quant_priya,"मंदी का माहौल है बाज़ार में, 22595 से नीचे बिकवाली तेज #nifty50",2026-09-05 06:48:33.197802+00:00,6,1,0,"['nifty50', 'nifty50']",[],nifty50,2026-09-05 19:16:04.308689+00:00,[],2026-09-05
"chartwizard|2026-09-05T16:28:21.237962+00:00|FIIs buying heavily today, #nifty50 coul-dup",chartwizard,"FIIs buying heavily today, #nifty50 could test 22784 by expiry",2026-09-05 16:28:21.237962+00:00,3,0,0,['nifty50'],[],nifty50,2026-09-05 19:16:04.313652+00:00,[],2026-09-05
"niftyguru|2026-09-05T03:37:09.075450+00:00|Global cues supportive, #banknifty likel",niftyguru,"Global cues supportive, #banknifty likely to open above 49004 tomorrow Keep an eye on FII/DII data.",2026-09-05 03:37:09.075450+00:00,10,2,0,"['banknifty', 'banknifty']",['user_887f8a'],banknifty,2026-09-05 19:16:04.288784+00:00,[],2026-09-05
"quant_priya|2026-09-05T16:45:59.047523+00:00|#nifty50 forming lower lows, 22656 suppo",quant_priya,"#nifty50 forming lower lows, 22656 support gone, next target 22036",2026-09-05 16:45:59.047523+00:00,5,0,0,"['nifty50', 'banknifty']",[],nifty50,2026-09-05 19:16:04.313410+00:00,[],2026-09-05
"MarketMaverick|2026-09-05T01:54:30.669546+00:00|Sensex rally continues, 23372 support ho",MarketMaverick,"Sensex rally continues, 23372 support holding well. Long positions looking good #sensex #optionstrading #dalalstreet SBI also in focus.",2026-09-05 01:54:30.669546+00:00,1,0,0,['sensex'],[],sensex,2026-09-05 19:16:04.305512+00:00,[],2026-09-05
niftyguru|2026-09-05T05:52:36.819461+00:00|Short positions added on #sensex below 4,niftyguru,"Short positions added on #sensex below 49445, target 48825 Thoughts?",2026-09-05 05:52:36.819461+00:00,4,0,0,"['sensex', 'banknifty']",[],sensex,2026-09-05 19:16:04.308210+00:00,[],2026-09-05
"dalalstreet_diary|2026-09-05T14:53:35.494212+00:00|Mixed signals on #intraday today, 48571 ",dalalstreet_diary,"Mixed signals on #intraday today, 48571 acting as a pivot Bajaj Finance also in focus.",2026-09-05 14:53:35.494212+00:00,9,2,0,['intraday'],[],intraday,2026-09-05 19:16:04.280231+00:00,[],2026-09-05
"riskmanager_99|2026-09-04T20:45:23.059320+00:00|#nifty50 showing higher highs, 22836 bro",riskmanager_99,"#nifty50 showing higher highs, 22836 broken with volume, next stop 22686 Kya lagta hai aap logo ka?",2026-09-04 20:45:23.059320+00:00,9,0,0,"['nifty50', 'banknifty']",[],nifty50,2026-09-05 19:16:04.287960+00:00,[],2026-09-04
"chartwizard|2026-09-05T07:37:17.864745+00:00|FIIs selling continuously, #nifty50 weak",chartwizard,"FIIs selling continuously, #nifty50 weak below 48098 Budget session ahead, stay alert.",2026-09-05 07:37:17.864745+00:00,5,0,0,['nifty50'],[],nifty50,2026-09-05 19:16:04.268847+00:00,[],2026-09-05
"dalalstreet_diary|2026-09-05T02:21:14.071625+00:00|Sensex rally continues, 22055 support ho",dalalstreet_diary,"Sensex rally continues, 22055 support holding well. Long positions looking good #intraday DYOR.",2026-09-05 02:21:14.071625+00:00,12,0,0,"['intraday', 'intraday']",[],intraday,2026-09-05 19:16:04.298966+00:00,[],2026-09-05
"dalalstreet_diary|2026-09-04T23:12:34.590484+00:00|#sensex consolidating near 23189, need a",dalalstreet_diary,"#sensex consolidating near 23189, need a breakout either side NFA.",2026-09-04 23:12:34.590484+00:00,9,0,0,['sensex'],[],sensex,2026-09-05 19:16:04.270033+00:00,[],2026-09-04
"niftyguru|2026-09-05T11:04:32.035952+00:00|#sensex showing higher highs, 21728 brok",niftyguru,"#sensex showing higher highs, 21728 broken with volume, next stop 22178 RBI policy day today.",2026-09-05 11:04:32.035952+00:00,14,2,2,['sensex'],['user_2c5501'],sensex,2026-09-05 19:16:04.302705+00:00,[],2026-09-05
"algo_anil|2026-09-05T06:54:22.560233+00:00|Sell on rise strategy for #sensex, resis",algo_anil,"Sell on rise strategy for #sensex, resistance at 47518 not breaking Options data suggests the same.",2026-09-05 06:54:22.560233+00:00,13,2,0,['sensex'],[],sensex,2026-09-05 19:16:04.260948+00:00,[],2026-09-05
"quant_priya|2026-09-05T02:50:13.955187+00:00|Gap up opening expected for #nifty50, 22",quant_priya,"Gap up opening expected for #nifty50, 22777 is the level to watch NFA.",2026-09-05 02:50:13.955187+00:00,8,0,0,['nifty50'],[],nifty50,2026-09-05 19:16:04.271795+00:00,[],2026-09-05
"options_owl|2026-09-05T11:55:42.175389+00:00|Sensex rally continues, 23192 support ho",options_owl,"Sensex rally continues, 23192 support holding well. Long positions looking good #sensex Keep an eye on FII/DII data.",2026-09-05 11:55:42.175389+00:00,10,1,1,['sensex'],[],sensex,2026-09-05 19:16:04.290000+00:00,[],2026-09-05
"dalalstreet_diary|2026-09-05T03:34:50.364137+00:00|Sideways action continues on #sensex, 21",dalalstreet_diary,"Sideways action continues on #sensex, 21742-21292 range holding #optionstrading #dalalstreet",2026-09-05 03:34:50.364137+00:00,10,0,0,"['sensex', 'banknifty']",[],sensex,2026-09-05 19:16:04.267519+00:00,[],2026-09-05
intraday_ishaan|2026-09-04T21:38:57.002389+00:00|Nifty ne resistance todi! bullish moment,intraday_ishaan,"Nifty ne resistance todi! bullish momentum building, 23017 ke upar accumulate karo #sensex #stockmarket #trading",2026-09-04 21:38:57.002389+00:00,8,2,1,['sensex'],[],sensex,2026-09-05 19:16:04.299281+00:00,[],2026-09-04
"trader_raj|2026-09-04T21:55:30.802248+00:00|Watching #intraday closely, no clear tre",trader_raj,"Watching #intraday closely, no clear trend yet. What's everyone's view on 47674? Options data suggests the same.",2026-09-04 21:55:30.802248+00:00,9,2,0,['intraday'],['user_ae6ba8'],intraday,2026-09-05 19:16:04.281921+00:00,[],2026-09-04
"algo_anil|2026-09-04T20:06:28.289312+00:00|Buy the dip on 49032, 48882 target for s",algo_anil,"Buy the dip on 49032, 48882 target for swing trade #banknifty $NIFTY RBI policy day today.",2026-09-04 20:06:28.289312+00:00,10,1,1,['banknifty'],[],banknifty,2026-09-05 19:16:04.298498+00:00,['NIFTY'],2026-09-04
"swing_trader_in|2026-09-04T21:57:02.943659+00:00|Global markets weak overnight, #sensex m",swing_trader_in,"Global markets weak overnight, #sensex may gap down below 21749 Let's see how it closes.",2026-09-04 21:57:02.943659+00:00,8,0,0,['sensex'],[],sensex,2026-09-05 19:16:04.267921+00:00,[],2026-09-04
"dalalstreet_diary|2026-09-05T05:54:15.541487+00:00|FIIs buying heavily today, #banknifty co",dalalstreet_diary,"FIIs buying heavily today, #banknifty could test 48743 by expiry Thoughts?",2026-09-05 05:54:15.541487+00:00,13,1,0,['banknifty'],[],banknifty,2026-09-05 19:16:04.299613+00:00,[],2026-09-05
"banknifty_baba|2026-09-05T11:19:31.715052+00:00|Buy the dip on 22617, 22317 target for s",banknifty_baba,"Buy the dip on 22617, 22317 target for swing trade #intraday $NIFTY TCS also in focus.",2026-09-05 11:19:31.715052+00:00,5,1,0,['intraday'],[],intraday,2026-09-05 19:16:04.262996+00:00,['NIFTY'],2026-09-05
dalalstreet_diary|2026-09-05T06:33:52.681352+00:00|Profit booking seen in #sensex near 2222-dup,dalalstreet_diary,"Profit booking seen in #sensex near 22221, caution advised Volume bhi zyada hai aaj.",2026-09-05 06:33:52.681352+00:00,8,1,0,['sensex'],[],sensex,2026-09-05 19:16:04.313877+00:00,[],2026-09-05
"dalalstreet_diary|2026-09-05T08:11:06.999108+00:00|Global cues supportive, #sensex likely t",dalalstreet_diary,"Global cues supportive, #sensex likely to open above 49589 tomorrow #stockmarket #trading",2026-09-05 08:11:06.999108+00:00,0,0,0,['sensex'],[],sensex,2026-09-05 19:16:04.277276+00:00,[],2026-09-05
"swing_trader_in|2026-09-05T08:35:22.994294+00:00|#sensex looking strong today, breakout a",swing_trader_in,"#sensex looking strong today, breakout above 22030, target 22830 Kya lagta hai aap logo ka?",2026-09-05 08:35:22.994294+00:00,2,0,0,['sensex'],[],sensex,2026-09-05 19:16:04.297067+00:00,[],2026-09-05
"sensex_scalper|2026-09-05T12:02:16.191580+00:00|#nifty50 consolidating near 50209, need ",sensex_scalper,"#nifty50 consolidating near 50209, need a breakout either side Let's see how it closes.",2026-09-05 12:02:16.191580+00:00,15,3,1,['nifty50'],[],nifty50,2026-09-05 19:16:04.264124+00:00,[],2026-09-05
"dalalstreet_diary|2026-09-04T18:39:55.202752+00:00|Sensex rally continues, 50178 support ho",dalalstreet_diary,"Sensex rally continues, 50178 support holding well. Long positions looking good #nifty50 Options data suggests the same.",2026-09-04 18:39:55.202752+00:00,7,0,0,['nifty50'],[],nifty50,2026-09-05 19:16:04.258999+00:00,[],2026-09-04
"trader_raj|2026-09-05T06:05:29.272420+00:00|बाजार में तेजी है, 48457 के ऊपर खरीदारी ",trader_raj,"बाजार में तेजी है, 48457 के ऊपर खरीदारी का मौका #intraday Thoughts? ICICI Bank also in focus.",2026-09-05 06:05:29.272420+00:00,11,1,1,['intraday'],[],intraday,2026-09-05 19:16:04.282010+00:00,[],2026-09-05
"chartwizard|2026-09-05T00:36:57.338722+00:00|Mixed signals on #nifty50 today, 48274 a",chartwizard,"Mixed signals on #nifty50 today, 48274 acting as a pivot DYOR.",2026-09-05 00:36:57.338722+00:00,9,1,0,['nifty50'],[],nifty50,2026-09-05 19:16:04.296986+00:00,[],2026-09-05
"niftyguru|2026-09-05T04:52:59.502796+00:00|Panic selling in #banknifty, 22920 break",niftyguru,"Panic selling in #banknifty, 22920 breakdown confirmed, stop loss hit Keep an eye on FII/DII data.",2026-09-05 04:52:59.502796+00:00,5,0,0,['banknifty'],[],banknifty,2026-09-05 19:16:04.293617+00:00,[],2026-09-05
riskmanager_99|2026-09-04T18:39:40.007087+00:00|Nifty ne resistance todi! bullish moment,riskmanager_99,"Nifty ne resistance todi! bullish momentum building, 22308 ke upar accumulate karo #banknifty RBI policy day today.",2026-09-04 18:39:40.007087+00:00,14,1,2,"['banknifty', 'sensex']",['user_b49648'],banknifty,2026-09-05 19:16:04.259165+00:00,[],2026-09-04
"banknifty_baba|2026-09-04T20:19:59.202125+00:00|#sensex forming lower lows, 50622 suppor",banknifty_baba,"#sensex forming lower lows, 50622 support gone, next target 50922 Let's see how it closes.",2026-09-04 20:19:59.202125+00:00,2,0,0,['sensex'],[],sensex,2026-09-05 19:16:04.278516+00:00,[],2026-09-04
"intraday_ishaan|2026-09-04T22:30:18.406207+00:00|बाजार में तेजी है, 48869 के ऊपर खरीदारी ",intraday_ishaan,"बाजार में तेजी है, 48869 के ऊपर खरीदारी का मौका #intraday Kya lagta hai aap logo ka?",2026-09-04 22:30:18.406207+00:00,6,1,1,['intraday'],[],intraday,2026-09-05 19:16:04.299120+00:00,[],2026-09-04
"bull_on_dalal_st|2026-09-05T15:22:16.651388+00:00|आज #sensex में जबरदस्त तेजी, 48468 का स्",bull_on_dalal_st,"आज #sensex में जबरदस्त तेजी, 48468 का स्तर पार TCS also in focus.",2026-09-05 15:22:16.651388+00:00,10,1,1,['sensex'],[],sensex,2026-09-05 19:16:04.259665+00:00,[],2026-09-05
trader_raj|2026-09-05T04:32:21.058996+00:00|#sensex range-bound between 22465 and 21,trader_raj,"#sensex range-bound between 22465 and 21845 today, waiting for a clear direction Budget session ahead, stay alert.",2026-09-05 04:32:21.058996+00:00,1,0,0,['sensex'],[],sensex,2026-09-05 19:16:04.271927+00:00,[],2026-09-05
"trader_raj|2026-09-05T14:22:38.007921+00:00|#sensex forming lower lows, 22135 suppor",trader_raj,"#sensex forming lower lows, 22135 support gone, next target 21685 RBI policy day today.",2026-09-05 14:22:38.007921+00:00,1,0,0,"['sensex', 'nifty50']",[],sensex,2026-09-05 19:16:04.273241+00:00,[],2026-09-05
swing_trader_in|2026-09-05T03:57:36.571941+00:00|Profit booking seen in #intraday near 48,swing_trader_in,"Profit booking seen in #intraday near 48752, caution advised",2026-09-05 03:57:36.571941+00:00,7,1,0,['intraday'],[],intraday,2026-09-05 19:16:04.279056+00:00,[],2026-09-05
niftyguru|2026-09-05T17:42:17.377113+00:00|#sensex range-bound between 22205 and 22,niftyguru,"#sensex range-bound between 22205 and 22655 today, waiting for a clear direction NFA.",2026-09-05 17:42:17.377113+00:00,1,0,0,['sensex'],[],sensex,2026-09-05 19:16:04.271825+00:00,[],2026-09-05
"riskmanager_99|2026-09-05T06:19:10.510039+00:00|Gap up opening expected for #intraday, 2",riskmanager_99,"Gap up opening expected for #intraday, 21616 is the level to watch",2026-09-05 06:19:10.510039+00:00,10,1,0,['intraday'],['user_a16cae'],intraday,2026-09-05 19:16:04.292852+00:00,[],2026-09-05
"the_bear_desk|2026-09-04T19:58:01.727839+00:00|#nifty50 breaking down below 49795, expe",the_bear_desk,"#nifty50 breaking down below 49795, expecting further downside to 49945 RBI policy day today.",2026-09-04 19:58:01.727839+00:00,11,0,0,"['nifty50', 'nifty50']",[],nifty50,2026-09-05 19:16:04.297867+00:00,[],2026-09-04
MarketMaverick|2026-09-05T06:30:25.910084+00:00|#banknifty range-bound between 23236 and,MarketMaverick,"#banknifty range-bound between 23236 and 22786 today, waiting for a clear direction Keep an eye on FII/DII data.",2026-09-05 06:30:25.910084+00:00,14,0,1,['banknifty'],[],banknifty,2026-09-05 19:16:04.257715+00:00,[],2026-09-05
the_bear_desk|2026-09-05T13:01:28.713852+00:00|#nifty50 range-bound between 23030 and 2,the_bear_desk,"#nifty50 range-bound between 23030 and 22730 today, waiting for a clear direction NFA. Reliance also in focus.",2026-09-05 13:01:28.713852+00:00,15,4,2,['nifty50'],['user_2250dc'],nifty50,2026-09-05 19:16:04.269511+00:00,[],2026-09-05
"options_owl|2026-09-05T17:10:16.906178+00:00|Mixed signals on #sensex today, 48664 ac",options_owl,"Mixed signals on #sensex today, 48664 acting as a pivot Options data suggests the same. Infosys also in focus.",2026-09-05 17:10:16.906178+00:00,8,1,0,"['sensex', 'intraday']",[],sensex,2026-09-05 19:16:04.283067+00:00,[],2026-09-05
"the_bear_desk|2026-09-04T23:47:52.912381+00:00|Mixed signals on #nifty50 today, 21850 a",the_bear_desk,"Mixed signals on #nifty50 today, 21850 acting as a pivot RBI policy day today.",2026-09-04 23:47:52.912381+00:00,2,0,0,['nifty50'],[],nifty50,2026-09-05 19:16:04.309835+00:00,[],2026-09-04
"the_bear_desk|2026-09-04T20:29:07.273578+00:00|#sensex forming lower lows, 48493 suppor",the_bear_desk,"#sensex forming lower lows, 48493 support gone, next target 49113 Let's see how it closes.",2026-09-04 20:29:07.273578+00:00,6,0,1,"['sensex', 'nifty50']",['user_13227a'],sensex,2026-09-05 19:16:04.257243+00:00,[],2026-09-04
intraday_ishaan|2026-09-05T16:14:32.748251+00:00|Short positions added on #intraday below,intraday_ishaan,"Short positions added on #intraday below 50970, target 51590 Budget session ahead, stay alert.",2026-09-05 16:14:32.748251+00:00,8,1,1,"['intraday', 'nifty50']",['user_3c1b09'],intraday,2026-09-05 19:16:04.275111+00:00,[],2026-09-05
"intraday_ishaan|2026-09-05T05:48:04.661045+00:00|#nifty50 breaking down below 22709, expe",intraday_ishaan,"#nifty50 breaking down below 22709, expecting further downside to 23009 #stockmarket #trading",2026-09-05 05:48:04.661045+00:00,12,0,0,"['nifty50', 'nifty50']",[],nifty50,2026-09-05 19:16:04.254312+00:00,[],2026-09-05
"chartwizard|2026-09-04T21:50:04.494827+00:00|बाजार में तेजी है, 48210 के ऊपर खरीदारी ",chartwizard,"बाजार में तेजी है, 48210 के ऊपर खरीदारी का मौका #banknifty Let's see how it closes.",2026-09-04 21:50:04.494827+00:00,11,3,1,['banknifty'],[],banknifty,2026-09-05 19:16:04.264991+00:00,[],2026-09-04
"the_bear_desk|2026-09-05T05:45:14.257863+00:00|FIIs buying heavily today, #intraday cou",the_bear_desk,"FIIs buying heavily today, #intraday could test 48858 by expiry Budget session ahead, stay alert.",2026-09-05 05:45:14.257863+00:00,1,0,0,['intraday'],[],intraday,2026-09-05 19:16:04.307085+00:00,[],2026-09-05
"niftyguru|2026-09-05T06:56:22.486290+00:00|#intraday forming lower lows, 22799 supp",niftyguru,"#intraday forming lower lows, 22799 support gone, next target 22179 Budget session ahead, stay alert.",2026-09-05 06:56:22.486290+00:00,9,0,0,['intraday'],[],intraday,2026-09-05 19:16:04.291960+00:00,[],2026-09-05
sensex_scalper|2026-09-05T16:50:41.067814+00:00|Profit booking seen in #intraday near 22,sensex_scalper,"Profit booking seen in #intraday near 22425, caution advised RBI policy day today.",2026-09-05 16:50:41.067814+00:00,7,2,0,['intraday'],[],intraday,2026-09-05 19:16:04.261926+00:00,[],2026-09-05
"dalalstreet_diary|2026-09-04T21:50:35.494134+00:00|#intraday looking strong today, breakout",dalalstreet_diary,"#intraday looking strong today, breakout above 21635, target 22255 Kya lagta hai aap logo ka?",2026-09-04 21:50:35.494134+00:00,3,0,0,"['intraday', 'intraday']",['user_f5229c'],intraday,2026-09-05 19:16:04.299035+00:00,[],2026-09-04
"options_owl|2026-09-05T10:54:18.872012+00:00|Market crash ho sakta hai, 23194 ka supp",options_owl,"Market crash ho sakta hai, 23194 ka support toot gaya, bearish on #intraday #stockmarket #trading",2026-09-05 10:54:18.872012+00:00,9,0,0,['intraday'],[],intraday,2026-09-05 19:16:04.288836+00:00,[],2026-09-05
trader_raj|2026-09-05T16:12:19.422626+00:00|Short positions added on #sensex below 2,trader_raj,"Short positions added on #sensex below 23434, target 22984 DYOR.",2026-09-05 16:12:19.422626+00:00,10,2,1,['sensex'],[],sensex,2026-09-05 19:16:04.264932+00:00,[],2026-09-05
"dalalstreet_diary|2026-09-05T06:38:32.834419+00:00|आज #sensex में जबरदस्त तेजी, 22264 का स्",dalalstreet_diary,"आज #sensex में जबरदस्त तेजी, 22264 का स्तर पार",2026-09-05 06:38:32.834419+00:00,9,2,1,['sensex'],[],sensex,2026-09-05 19:16:04.264322+00:00,[],2026-09-05
"intraday_ishaan|2026-09-05T00:47:58.562925+00:00|#sensex looking strong today, breakout a",intraday_ishaan,"#sensex looking strong today, breakout above 50274, target 49974 Let's see how it closes.",2026-09-05 00:47:58.562925+00:00,3,0,0,['sensex'],[],sensex,2026-09-05 19:16:04.271473+00:00,[],2026-09-05
"intraday_ishaan|2026-09-05T10:20:08.610457+00:00|#banknifty forming lower lows, 47960 sup",intraday_ishaan,"#banknifty forming lower lows, 47960 support gone, next target 48580 NFA.",2026-09-05 10:20:08.610457+00:00,0,0,0,['banknifty'],[],banknifty,2026-09-05 19:16:04.302953+00:00,[],2026-09-05
"riskmanager_99|2026-09-05T01:54:30.895125+00:00|Global markets weak overnight, #nifty50 ",riskmanager_99,"Global markets weak overnight, #nifty50 may gap down below 47660 Let's see how it closes.",2026-09-05 01:54:30.895125+00:00,0,0,0,"['nifty50', 'nifty50']",[],nifty50,2026-09-05 19:16:04.282783+00:00,[],2026-09-05
"niftyguru|2026-09-05T01:18:15.188345+00:00|Sideways action continues on #intraday, ",niftyguru,"Sideways action continues on #intraday, 22756-22906 range holding Budget session ahead, stay alert.",2026-09-05 01:18:15.188345+00:00,4,0,0,['intraday'],[],intraday,2026-09-05 19:16:04.256530+00:00,[],2026-09-05
"bull_on_dalal_st|2026-09-04T21:05:05.509359+00:00|#nifty50 showing higher highs, 50772 bro",bull_on_dalal_st,"#nifty50 showing higher highs, 50772 broken with volume, next stop 51572",2026-09-04 21:05:05.509359+00:00,11,1,0,['nifty50'],[],nifty50,2026-09-05 19:16:04.295205+00:00,[],2026-09-04
"the_bear_desk|2026-09-05T05:14:51.973015+00:00|Panic selling in #sensex, 22287 breakdow",the_bear_desk,"Panic selling in #sensex, 22287 breakdown confirmed, stop loss hit Keep an eye on FII/DII data.",2026-09-05 05:14:51.973015+00:00,11,1,0,['sensex'],[],sensex,2026-09-05 19:16:04.288866+00:00,[],2026-09-05
"options_owl|2026-09-05T17:11:31.445873+00:00|Gap up opening expected for #nifty50, 22",options_owl,"Gap up opening expected for #nifty50, 22752 is the level to watch Keep an eye on FII/DII data.",2026-09-05 17:11:31.445873+00:00,13,2,2,['nifty50'],[],nifty50,2026-09-05 19:16:04.298992+00:00,[],2026-09-05
"niftyguru|2026-09-05T17:52:10.234464+00:00|बाजार में तेजी है, 21953 के ऊपर खरीदारी ",niftyguru,"बाजार में तेजी है, 21953 के ऊपर खरीदारी का मौका #banknifty Let's see how it closes.",2026-09-05 17:52:10.234464+00:00,1,0,0,['banknifty'],[],banknifty,2026-09-05 19:16:04.306213+00:00,[],2026-09-05
"sensex_scalper|2026-09-05T00:35:39.976077+00:00|आज #banknifty में भारी गिरावट, 22945 का ",sensex_scalper,"आज #banknifty में भारी गिरावट, 22945 का सपोर्ट टूटा NFA. ITC also in focus.",2026-09-05 00:35:39.976077+00:00,6,0,0,['banknifty'],['user_abd8dc'],banknifty,2026-09-05 19:16:04.272292+00:00,[],2026-09-05
"niftyguru|2026-09-05T16:28:42.311260+00:00|FIIs buying heavily today, #banknifty co",niftyguru,"FIIs buying heavily today, #banknifty could test 50028 by expiry Kya lagta hai aap logo ka?",2026-09-05 16:28:42.311260+00:00,5,0,0,['banknifty'],[],banknifty,2026-09-05 19:16:04.252226+00:00,[],2026-09-05
"algo_anil|2026-09-05T09:20:46.732550+00:00|मंदी का माहौल है बाज़ार में, 49157 से नी",algo_anil,"मंदी का माहौल है बाज़ार में, 49157 से नीचे बिकवाली तेज #nifty50",2026-09-05 09:20:46.732550+00:00,1,0,0,['nifty50'],[],nifty50,2026-09-05 19:16:04.269214+00:00,[],2026-09-05
"chartwizard|2026-09-04T20:51:57.680956+00:00|Sideways action continues on #sensex, 48",chartwizard,"Sideways action continues on #sensex, 48286-48736 range holding DYOR.",2026-09-04 20:51:57.680956+00:00,15,2,1,"['sensex', 'nifty50']",[],sensex,2026-09-05 19:16:04.254199+00:00,[],2026-09-04
"MarketMaverick|2026-09-05T08:37:36.959926+00:00|Panic selling in #banknifty, 22501 break",MarketMaverick,"Panic selling in #banknifty, 22501 breakdown confirmed, stop loss hit",2026-09-05 08:37:36.959926+00:00,6,0,1,['banknifty'],['user_aba513'],banknifty,2026-09-05 19:16:04.290105+00:00,[],2026-09-05
"trader_raj|2026-09-05T08:51:52.847055+00:00|#nifty50 showing higher highs, 22715 bro-dup",trader_raj,"#nifty50 showing higher highs, 22715 broken with volume, next stop 23335 #optionstrading #dalalstreet",2026-09-05 08:51:52.847055+00:00,14,3,1,['nifty50'],[],nifty50,2026-09-05 19:16:04.314645+00:00,[],2026-09-05
intraday_ishaan|2026-09-05T09:54:25.599446+00:00|Positional buy initiated on #sensex abov,intraday_ishaan,"Positional buy initiated on #sensex above 21882, SL below 22182 Options data suggests the same.",2026-09-05 09:54:25.599446+00:00,6,0,0,['sensex'],[],sensex,2026-09-05 19:16:04.300383+00:00,[],2026-09-05
"options_owl|2026-09-05T15:03:44.323400+00:00|Watching #nifty50 closely, no clear tren",options_owl,"Watching #nifty50 closely, no clear trend yet. What's everyone's view on 51000?",2026-09-05 15:03:44.323400+00:00,6,0,0,['nifty50'],['user_f5316f'],nifty50,2026-09-05 19:16:04.287142+00:00,[],2026-09-05
"chartwizard|2026-09-05T04:10:46.066008+00:00|Watching #sensex closely, no clear trend",chartwizard,"Watching #sensex closely, no clear trend yet. What's everyone's view on 48912? Options data suggests the same.",2026-09-05 04:10:46.066008+00:00,11,1,2,"['sensex', 'intraday']",['user_77ae1d'],sensex,2026-09-05 19:16:04.271581+00:00,[],2026-09-05
"swing_trader_in|2026-09-04T20:18:49.128181+00:00|मंदी का माहौल है बाज़ार में, 22660 से नी",swing_trader_in,"मंदी का माहौल है बाज़ार में, 22660 से नीचे बिकवाली तेज #sensex Budget session ahead, stay alert.",2026-09-04 20:18:49.128181+00:00,9,2,0,['sensex'],['user_020ddb'],sensex,2026-09-05 19:16:04.309695+00:00,[],2026-09-04
"banknifty_baba|2026-09-05T11:05:10.968701+00:00|Market crash ho sakta hai, 22044 ka supp",banknifty_baba,"Market crash ho sakta hai, 22044 ka support toot gaya, bearish on #banknifty Kya lagta hai aap logo ka?",2026-09-05 11:05:10.968701+00:00,15,3,1,['banknifty'],[],banknifty,2026-09-05 19:16:04.259257+00:00,[],2026-09-05
"trader_raj|2026-09-05T03:37:54.538397+00:00|FIIs buying heavily today, #intraday cou",trader_raj,"FIIs buying heavily today, #intraday could test 50470 by expiry",2026-09-05 03:37:54.538397+00:00,9,1,1,"['intraday', 'sensex']",[],intraday,2026-09-05 19:16:04.268241+00:00,[],2026-09-05
banknifty_baba|2026-09-05T08:04:42.744755+00:00|Profit booking seen in #intraday near 21,banknifty_baba,"Profit booking seen in #intraday near 21809, caution advised #optionstrading #dalalstreet",2026-09-05 08:04:42.744755+00:00,13,0,1,['intraday'],['user_5db4b5'],intraday,2026-09-05 19:16:04.287439+00:00,[],2026-09-05
"banknifty_baba|2026-09-05T00:24:15.061038+00:00|बाजार में तेजी है, 47624 के ऊपर खरीदारी ",banknifty_baba,"बाजार में तेजी है, 47624 के ऊपर खरीदारी का मौका #nifty50 Let's see how it closes.",2026-09-05 00:24:15.061038+00:00,14,1,2,"['nifty50', 'banknifty']",[],nifty50,2026-09-05 19:16:04.303857+00:00,[],2026-09-05
"swing_trader_in|2026-09-05T09:39:39.665580+00:00|Low volume day for #sensex, market await",swing_trader_in,"Low volume day for #sensex, market awaiting 21794 confirmation Thoughts?",2026-09-05 09:39:39.665580+00:00,15,2,1,['sensex'],[],sensex,2026-09-05 19:16:04.283188+00:00,[],2026-09-05
"sensex_scalper|2026-09-05T05:38:13.890019+00:00|Global cues supportive, #sensex likely t",sensex_scalper,"Global cues supportive, #sensex likely to open above 50690 tomorrow Budget session ahead, stay alert.",2026-09-05 05:38:13.890019+00:00,2,0,0,['sensex'],[],sensex,2026-09-05 19:16:04.282434+00:00,[],2026-09-05
"intraday_ishaan|2026-09-05T09:07:04.753800+00:00|Gap up opening expected for #nifty50, 48",intraday_ishaan,"Gap up opening expected for #nifty50, 48382 is the level to watch Keep an eye on FII/DII data.",2026-09-05 09:07:04.753800+00:00,6,0,1,['nifty50'],[],nifty50,2026-09-05 19:16:04.299258+00:00,[],2026-09-05
"swing_trader_in|2026-09-05T07:48:55.816176+00:00|Watching #intraday closely, no clear tre-dup",swing_trader_in,"Watching #intraday closely, no clear trend yet. What's everyone's view on 47500? Keep an eye on FII/DII data.",2026-09-05 07:48:55.816176+00:00,4,0,0,"['intraday', 'banknifty']",['user_5bf573'],intraday,2026-09-05 19:16:04.314510+00:00,[],2026-09-05
"swing_trader_in|2026-09-05T16:50:14.140137+00:00|Gap up opening expected for #nifty50, 22",swing_trader_in,"Gap up opening expected for #nifty50, 22506 is the level to watch Let's see how it closes.",2026-09-05 16:50:14.140137+00:00,10,1,1,['nifty50'],[],nifty50,2026-09-05 19:16:04.301136+00:00,[],2026-09-05
"trader_raj|2026-09-05T10:08:20.118913+00:00|Sensex rally continues, 22492 support ho",trader_raj,"Sensex rally continues, 22492 support holding well. Long positions looking good #sensex NFA.",2026-09-05 10:08:20.118913+00:00,5,0,0,['sensex'],[],sensex,2026-09-05 19:16:04.303281+00:00,[],2026-09-05
"dalalstreet_diary|2026-09-05T17:38:43.428897+00:00|Tejji ka mahaul hai #banknifty mein, 232",dalalstreet_diary,"Tejji ka mahaul hai #banknifty mein, 23270 pe strong buying dekhi DYOR.",2026-09-05 17:38:43.428897+00:00,15,3,0,['banknifty'],[],banknifty,2026-09-05 19:16:04.311423+00:00,[],2026-09-05
"chartwizard|2026-09-04T19:04:13.198394+00:00|Buy the dip on 22948, 22498 target for s",chartwizard,"Buy the dip on 22948, 22498 target for swing trade #nifty50 $NIFTY",2026-09-04 19:04:13.198394+00:00,11,3,2,['nifty50'],[],nifty50,2026-09-05 19:16:04.265796+00:00,['NIFTY'],2026-09-04
"swing_trader_in|2026-09-05T04:33:51.794952+00:00|Watching #banknifty closely, no clear tr",swing_trader_in,"Watching #banknifty closely, no clear trend yet. What's everyone's view on 22383? Keep an eye on FII/DII data.",2026-09-05 04:33:51.794952+00:00,5,0,0,"['banknifty', 'banknifty']",['user_37da6e'],banknifty,2026-09-05 19:16:04.282893+00:00,[],2026-09-05
"trader_raj|2026-09-04T21:26:28.376850+00:00|Tejji ka mahaul hai #nifty50 mein, 49018-dup",trader_raj,"Tejji ka mahaul hai #nifty50 mein, 49018 pe strong buying dekhi Kya lagta hai aap logo ka?",2026-09-04 21:26:28.376850+00:00,1,0,0,['nifty50'],[],nifty50,2026-09-05 19:16:04.313607+00:00,[],2026-09-04
"algo_anil|2026-09-04T22:55:48.316634+00:00|#intraday update: flat session so far, v",algo_anil,"#intraday update: flat session so far, volumes low ahead of RBI policy #stockmarket #trading Adani Enterprises also in focus.",2026-09-04 22:55:48.316634+00:00,1,0,0,['intraday'],[],intraday,2026-09-05 19:16:04.261665+00:00,[],2026-09-04
"riskmanager_99|2026-09-05T12:22:57.251856+00:00|Buy the dip on 23077, 23697 target for s",riskmanager_99,"Buy the dip on 23077, 23697 target for swing trade #sensex $NIFTY Options data suggests the same.",2026-09-05 12:22:57.251856+00:00,12,2,0,['sensex'],['user_ae53d3'],sensex,2026-09-05 19:16:04.261867+00:00,['NIFTY'],2026-09-05
banknifty_baba|2026-09-04T21:39:43.262476+00:00|Profit booking seen in #banknifty near 4,banknifty_baba,"Profit booking seen in #banknifty near 48739, caution advised Kya lagta hai aap logo ka?",2026-09-04 21:39:43.262476+00:00,7,1,0,['banknifty'],[],banknifty,2026-09-05 19:16:04.295949+00:00,[],2026-09-04
"the_bear_desk|2026-09-05T13:30:23.131284+00:00|Market crash ho sakta hai, 21566 ka supp",the_bear_desk,"Market crash ho sakta hai, 21566 ka support toot gaya, bearish on #sensex Volume bhi zyada hai aaj.",2026-09-05 13:30:23.131284+00:00,2,0,0,['sensex'],[],sensex,2026-09-05 19:16:04.305993+00:00,[],2026-09-05
"niftyguru|2026-09-05T00:47:44.484071+00:00|Sideways action continues on #nifty50, 4",niftyguru,"Sideways action continues on #nifty50, 48076-48226 range holding Options data suggests the same.",2026-09-05 00:47:44.484071+00:00,15,3,2,['nifty50'],['user_2e82d8'],nifty50,2026-09-05 19:16:04.299171+00:00,[],2026-09-05
"options_owl|2026-09-04T22:35:06.725105+00:00|Low volume day for #intraday, market awa",options_owl,"Low volume day for #intraday, market awaiting 49720 confirmation",2026-09-04 22:35:06.725105+00:00,2,0,0,['intraday'],[],intraday,2026-09-05 19:16:04.283709+00:00,[],2026-09-04
"options_owl|2026-09-05T10:40:22.273810+00:00|Sell on rise strategy for #nifty50, resi",options_owl,"Sell on rise strategy for #nifty50, resistance at 50506 not breaking RBI policy day today.",2026-09-05 10:40:22.273810+00:00,2,0,0,['nifty50'],[],nifty50,2026-09-05 19:16:04.300102+00:00,[],2026-09-05
trader_raj|2026-09-04T22:31:44.236592+00:00|Short positions added on #nifty50 below ,trader_raj,"Short positions added on #nifty50 below 22267, target 22887",2026-09-04 22:31:44.236592+00:00,9,1,1,['nifty50'],[],nifty50,2026-09-05 19:16:04.267889+00:00,[],2026-09-04
"algo_anil|2026-09-04T18:58:54.876063+00:00|FIIs buying heavily today, #intraday cou",algo_anil,"FIIs buying heavily today, #intraday could test 22154 by expiry NFA.",2026-09-04 18:58:54.876063+00:00,13,2,0,"['intraday', 'nifty50']",[],intraday,2026-09-05 19:16:04.309957+00:00,[],2026-09-04
"the_bear_desk|2026-09-05T02:26:36.103642+00:00|Global cues supportive, #banknifty likel-dup",the_bear_desk,"Global cues supportive, #banknifty likely to open above 21926 tomorrow Volume bhi zyada hai aaj.",2026-09-05 02:26:36.103642+00:00,1,0,0,"['banknifty', 'sensex']",[],banknifty,2026-09-05 19:16:04.313879+00:00,[],2026-09-05
options_owl|2026-09-04T20:49:12.256270+00:00|Nifty ne resistance todi! bullish moment,options_owl,"Nifty ne resistance todi! bullish momentum building, 48681 ke upar accumulate karo #nifty50 Options data suggests the same.",2026-09-04 20:49:12.256270+00:00,11,2,1,['nifty50'],[],nifty50,2026-09-05 19:16:04.302554+00:00,[],2026-09-04
"chartwizard|2026-09-05T00:27:53.490109+00:00|Sideways action continues on #nifty50, 5",chartwizard,"Sideways action continues on #nifty50, 50734-50284 range holding NFA. ICICI Bank also in focus.",2026-09-05 00:27:53.490109+00:00,11,0,1,['nifty50'],['user_06a763'],nifty50,2026-09-05 19:16:04.300469+00:00,[],2026-09-05
chartwizard|2026-09-05T13:01:20.634305+00:00|Profit booking seen in #nifty50 near 495,chartwizard,"Profit booking seen in #nifty50 near 49589, caution advised Keep an eye on FII/DII data.",2026-09-05 13:01:20.634305+00:00,12,1,0,['nifty50'],[],nifty50,2026-09-05 19:16:04.257487+00:00,[],2026-09-05
"riskmanager_99|2026-09-05T07:50:29.611337+00:00|#nifty50 forming lower lows, 50321 suppo",riskmanager_99,"#nifty50 forming lower lows, 50321 support gone, next target 49701 Kya lagta hai aap logo ka?",2026-09-05 07:50:29.611337+00:00,10,2,1,['nifty50'],[],nifty50,2026-09-05 19:16:04.304440+00:00,[],2026-09-05
"riskmanager_99|2026-09-05T03:01:11.075729+00:00|Buy the dip on 49536, 49986 target for s",riskmanager_99,"Buy the dip on 49536, 49986 target for swing trade #intraday $NIFTY #stockmarket #trading",2026-09-05 03:01:11.075729+00:00,10,2,0,['intraday'],[],intraday,2026-09-05 19:16:04.297609+00:00,['NIFTY'],2026-09-05
"options_owl|2026-09-05T16:36:09.496264+00:00|FIIs buying heavily today, #nifty50 coul",options_owl,"FIIs buying heavily today, #nifty50 could test 21998 by expiry #optionstrading #dalalstreet",2026-09-05 16:36:09.496264+00:00,7,0,1,"['nifty50', 'banknifty']",[],nifty50,2026-09-05 19:16:04.294175+00:00,[],2026-09-05
"niftyguru|2026-09-05T14:43:25.996485+00:00|FIIs selling continuously, #sensex weak ",niftyguru,"FIIs selling continuously, #sensex weak below 22928 NFA.",2026-09-05 14:43:25.996485+00:00,1,0,0,"['sensex', 'nifty50']",[],sensex,2026-09-05 19:16:04.288076+00:00,[],2026-09-05
"the_bear_desk|2026-09-05T00:15:00.242924+00:00|आज #banknifty में जबरदस्त तेजी, 49887 का",the_bear_desk,"आज #banknifty में जबरदस्त तेजी, 49887 का स्तर पार Options data suggests the same.",2026-09-05 00:15:00.242924+00:00,9,2,1,['banknifty'],[],banknifty,2026-09-05 19:16:04.258114+00:00,[],2026-09-05
"dalalstreet_diary|2026-09-04T22:49:00.218524+00:00|Panic selling in #sensex, 22463 breakdow",dalalstreet_diary,"Panic selling in #sensex, 22463 breakdown confirmed, stop loss hit Budget session ahead, stay alert.",2026-09-04 22:49:00.218524+00:00,13,2,1,['sensex'],['user_94d653'],sensex,2026-09-05 19:16:04.293887+00:00,[],2026-09-04
"niftyguru|2026-09-05T09:37:58.159513+00:00|FIIs selling continuously, #nifty50 weak",niftyguru,"FIIs selling continuously, #nifty50 weak below 47859 Keep an eye on FII/DII data. SBI also in focus.",2026-09-05 09:37:58.159513+00:00,0,0,0,['nifty50'],[],nifty50,2026-09-05 19:16:04.256790+00:00,[],2026-09-05
"algo_anil|2026-09-04T21:07:04.292988+00:00|Sell on rise strategy for #banknifty, re",algo_anil,"Sell on rise strategy for #banknifty, resistance at 48196 not breaking Keep an eye on FII/DII data.",2026-09-04 21:07:04.292988+00:00,11,1,1,"['banknifty', 'banknifty']",[],banknifty,2026-09-05 19:16:04.287070+00:00,[],2026-09-04
"intraday_ishaan|2026-09-05T15:54:29.284819+00:00|Global markets weak overnight, #intraday",intraday_ishaan,"Global markets weak overnight, #intraday may gap down below 50482 #stockmarket #trading",2026-09-05 15:54:29.284819+00:00,7,1,0,['intraday'],[],intraday,2026-09-05 19:16:04.278095+00:00,[],2026-09-05
riskmanager_99|2026-09-05T00:06:06.748419+00:00|#intraday range-bound between 50357 and ,riskmanager_99,"#intraday range-bound between 50357 and 50657 today, waiting for a clear direction Kya lagta hai aap logo ka?",2026-09-05 00:06:06.748419+00:00,6,1,0,['intraday'],[],intraday,2026-09-05 19:16:04.300178+00:00,[],2026-09-05
trader_raj|2026-09-05T17:59:59.099197+00:00|Positional buy initiated on #sensex abov,trader_raj,"Positional buy initiated on #sensex above 21582, SL below 21132 Volume bhi zyada hai aaj.",2026-09-05 17:59:59.099197+00:00,7,1,0,"['sensex', 'intraday']",[],sensex,2026-09-05 19:16:04.287462+00:00,[],2026-09-05
"dalalstreet_diary|2026-09-05T11:31:44.928416+00:00|Sensex rally continues, 48916 support ho",dalalstreet_diary,"Sensex rally continues, 48916 support holding well. Long positions looking good #banknifty Adani Enterprises also in focus.",2026-09-05 11:31:44.928416+00:00,15,3,2,['banknifty'],['user_f6cff8'],banknifty,2026-09-05 19:16:04.272068+00:00,[],2026-09-05
"quant_priya|2026-09-05T08:39:59.607849+00:00|मंदी का माहौल है बाज़ार में, 49103 से नी",quant_priya,"मंदी का माहौल है बाज़ार में, 49103 से नीचे बिकवाली तेज #nifty50",2026-09-05 08:39:59.607849+00:00,5,1,0,['nifty50'],[],nifty50,2026-09-05 19:16:04.303507+00:00,[],2026-09-05
"banknifty_baba|2026-09-05T08:22:35.064391+00:00|Global markets weak overnight, #banknift",banknifty_baba,"Global markets weak overnight, #banknifty may gap down below 22801 #stockmarket #trading",2026-09-05 08:22:35.064391+00:00,9,1,0,['banknifty'],[],banknifty,2026-09-05 19:16:04.303131+00:00,[],2026-09-05
"bull_on_dalal_st|2026-09-04T20:13:51.401637+00:00|FIIs selling continuously, #nifty50 weak",bull_on_dalal_st,"FIIs selling continuously, #nifty50 weak below 48876 Let's see how it closes.",2026-09-04 20:13:51.401637+00:00,15,1,1,"['nifty50', 'nifty50']",[],nifty50,2026-09-05 19:16:04.310524+00:00,[],2026-09-04
"trader_raj|2026-09-05T03:11:16.984396+00:00|Global markets weak overnight, #nifty50 ",trader_raj,"Global markets weak overnight, #nifty50 may gap down below 48289 #stockmarket #trading",2026-09-05 03:11:16.984396+00:00,8,2,0,['nifty50'],[],nifty50,2026-09-05 19:16:04.274501+00:00,[],2026-09-05
"chartwizard|2026-09-04T21:28:40.629420+00:00|Global cues supportive, #sensex likely t",chartwizard,"Global cues supportive, #sensex likely to open above 21855 tomorrow Volume bhi zyada hai aaj.",2026-09-04 21:28:40.629420+00:00,14,1,2,['sensex'],[],sensex,2026-09-05 19:16:04.283411+00:00,[],2026-09-04
"dalalstreet_diary|2026-09-05T07:56:25.598363+00:00|आज #banknifty में जबरदस्त तेजी, 48086 का",dalalstreet_diary,"आज #banknifty में जबरदस्त तेजी, 48086 का स्तर पार Budget session ahead, stay alert.",2026-09-05 07:56:25.598363+00:00,6,1,1,"['banknifty', 'sensex']",[],banknifty,2026-09-05 19:16:04.264757+00:00,[],2026-09-05
"the_bear_desk|2026-09-05T01:43:26.407637+00:00|#intraday looking strong today, breakout",the_bear_desk,"#intraday looking strong today, breakout above 49293, target 49443",2026-09-05 01:43:26.407637+00:00,15,1,0,['intraday'],[],intraday,2026-09-05 19:16:04.279532+00:00,[],2026-09-05
quant_priya|2026-09-05T09:56:18.343989+00:00|Positional buy initiated on #nifty50 abo,quant_priya,"Positional buy initiated on #nifty50 above 49019, SL below 49319 RBI policy day today.",2026-09-05 09:56:18.343989+00:00,2,0,0,"['nifty50', 'intraday']",[],nifty50,2026-09-05 19:16:04.282801+00:00,[],2026-09-05
"the_bear_desk|2026-09-05T17:06:57.969125+00:00|आज #intraday में जबरदस्त तेजी, 47739 का ",the_bear_desk,"आज #intraday में जबरदस्त तेजी, 47739 का स्तर पार",2026-09-05 17:06:57.969125+00:00,1,0,0,['intraday'],[],intraday,2026-09-05 19:16:04.291497+00:00,[],2026-09-05
"intraday_ishaan|2026-09-05T06:28:01.849378+00:00|Gap up opening expected for #nifty50, 21",intraday_ishaan,"Gap up opening expected for #nifty50, 21968 is the level to watch",2026-09-05 06:28:01.849378+00:00,13,3,1,['nifty50'],[],nifty50,2026-09-05 19:16:04.263170+00:00,[],2026-09-05
swing_trader_in|2026-09-05T01:47:39.877414+00:00|#banknifty range-bound between 48852 and,swing_trader_in,"#banknifty range-bound between 48852 and 49002 today, waiting for a clear direction #stockmarket #trading",2026-09-05 01:47:39.877414+00:00,2,0,0,['banknifty'],['user_f3860f'],banknifty,2026-09-05 19:16:04.300499+00:00,[],2026-09-05
swing_trader_in|2026-09-05T09:31:57.834025+00:00|#intraday range-bound between 22918 and ,swing_trader_in,"#intraday range-bound between 22918 and 23718 today, waiting for a clear direction Kya lagta hai aap logo ka?",2026-09-05 09:31:57.834025+00:00,5,1,0,"['intraday', 'intraday']",[],intraday,2026-09-05 19:16:04.276904+00:00,[],2026-09-05
"algo_anil|2026-09-05T07:08:18.286224+00:00|मंदी का माहौल है बाज़ार में, 48446 से नी",algo_anil,"मंदी का माहौल है बाज़ार में, 48446 से नीचे बिकवाली तेज #nifty50 Thoughts?",2026-09-05 07:08:18.286224+00:00,1,0,0,['nifty50'],['user_f276c4'],nifty50,2026-09-05 19:16:04.310422+00:00,[],2026-09-05
"chartwizard|2026-09-05T01:46:05.801507+00:00|Watching #sensex closely, no clear trend",chartwizard,"Watching #sensex closely, no clear trend yet. What's everyone's view on 50558? #stockmarket #trading HDFC Bank also in focus.",2026-09-05 01:46:05.801507+00:00,6,0,0,['sensex'],[],sensex,2026-09-05 19:16:04.281789+00:00,[],2026-09-05
"dalalstreet_diary|2026-09-05T11:00:08.493449+00:00|Mixed signals on #banknifty today, 23013",dalalstreet_diary,"Mixed signals on #banknifty today, 23013 acting as a pivot Volume bhi zyada hai aaj.",2026-09-05 11:00:08.493449+00:00,2,0,0,['banknifty'],['user_c7d844'],banknifty,2026-09-05 19:16:04.282702+00:00,[],2026-09-05
"sensex_scalper|2026-09-05T00:11:49.490339+00:00|#sensex forming lower lows, 21955 suppor-dup",sensex_scalper,"#sensex forming lower lows, 21955 support gone, next target 21335 DYOR.",2026-09-05 00:11:49.490339+00:00,10,1,0,"['sensex', 'banknifty']",['user_e4cafa'],sensex,2026-09-05 19:16:04.313961+00:00,[],2026-09-05
dalalstreet_diary|2026-09-05T02:39:31.807792+00:00|Nifty ne resistance todi! bullish moment,dalalstreet_diary,"Nifty ne resistance todi! bullish momentum building, 50514 ke upar accumulate karo #sensex",2026-09-05 02:39:31.807792+00:00,10,0,1,['sensex'],[],sensex,2026-09-05 19:16:04.259971+00:00,[],2026-09-05
"sensex_scalper|2026-09-05T09:52:34.829372+00:00|मंदी का माहौल है बाज़ार में, 48755 से नी",sensex_scalper,"मंदी का माहौल है बाज़ार में, 48755 से नीचे बिकवाली तेज #nifty50 Keep an eye on FII/DII data.",2026-09-05 09:52:34.829372+00:00,1,0,0,['nifty50'],[],nifty50,2026-09-05 19:16:04.262731+00:00,[],2026-09-05
"MarketMaverick|2026-09-05T07:27:30.583214+00:00|मंदी का माहौल है बाज़ार में, 23282 से नी",MarketMaverick,"मंदी का माहौल है बाज़ार में, 23282 से नीचे बिकवाली तेज #intraday RBI policy day today. SBI also in focus.",2026-09-05 07:27:30.583214+00:00,13,0,1,"['intraday', 'nifty50']",[],intraday,2026-09-05 19:16:04.298848+00:00,[],2026-09-05
"swing_trader_in|2026-09-05T01:52:27.716548+00:00|Mixed signals on #nifty50 today, 22744 a",swing_trader_in,"Mixed signals on #nifty50 today, 22744 acting as a pivot",2026-09-05 01:52:27.716548+00:00,7,1,0,"['nifty50', 'banknifty']",[],nifty50,2026-09-05 19:16:04.253892+00:00,[],2026-09-05
"swing_trader_in|2026-09-05T17:20:42.295857+00:00|Tejji ka mahaul hai #intraday mein, 2335",swing_trader_in,"Tejji ka mahaul hai #intraday mein, 23359 pe strong buying dekhi Thoughts?",2026-09-05 17:20:42.295857+00:00,11,1,0,['intraday'],[],intraday,2026-09-05 19:16:04.299798+00:00,[],2026-09-05
sensex_scalper|2026-09-04T23:50:58.299841+00:00|Profit booking seen in #intraday near 22,sensex_scalper,"Profit booking seen in #intraday near 22091, caution advised DYOR. SBI also in focus.",2026-09-04 23:50:58.299841+00:00,13,2,1,"['intraday', 'nifty50']",[],intraday,2026-09-05 19:16:04.270052+00:00,[],2026-09-04
"banknifty_baba|2026-09-05T08:59:03.739274+00:00|Watching #nifty50 closely, no clear tren",banknifty_baba,"Watching #nifty50 closely, no clear trend yet. What's everyone's view on 49393? Bajaj Finance also in focus.",2026-09-05 08:59:03.739274+00:00,11,0,1,['nifty50'],[],nifty50,2026-09-05 19:16:04.313463+00:00,[],2026-09-05
riskmanager_99|2026-09-05T14:24:30.111972+00:00|#sensex range-bound between 23205 and 22-dup,riskmanager_99,"#sensex range-bound between 23205 and 22755 today, waiting for a clear direction #optionstrading #dalalstreet",2026-09-05 14:24:30.111972+00:00,1,0,0,"['sensex', 'nifty50']",['user_ecf097'],sensex,2026-09-05 19:16:04.313595+00:00,[],2026-09-05
banknifty_baba|2026-09-05T07:41:04.674755+00:00|#intraday range-bound between 23241 and ,banknifty_baba,"#intraday range-bound between 23241 and 22621 today, waiting for a clear direction Let's see how it closes.",2026-09-05 07:41:04.674755+00:00,8,1,0,['intraday'],[],intraday,2026-09-05 19:16:04.277539+00:00,[],2026-09-05
"bull_on_dalal_st|2026-09-05T05:16:45.366789+00:00|#sensex forming lower lows, 23115 suppor",bull_on_dalal_st,"#sensex forming lower lows, 23115 support gone, next target 22665",2026-09-05 05:16:45.366789+00:00,13,3,1,['sensex'],[],sensex,2026-09-05 19:16:04.311695+00:00,[],2026-09-05
"dalalstreet_diary|2026-09-04T20:38:38.886172+00:00|#banknifty looking strong today, breakou",dalalstreet_diary,"#banknifty looking strong today, breakout above 23207, target 23827 DYOR.",2026-09-04 20:38:38.886172+00:00,1,0,0,['banknifty'],[],banknifty,2026-09-05 19:16:04.265813+00:00,[],2026-09-04
intraday_ishaan|2026-09-04T19:44:57.720023+00:00|#intraday range-bound between 22552 and ,intraday_ishaan,"#intraday range-bound between 22552 and 23002 today, waiting for a clear direction",2026-09-04 19:44:57.720023+00:00,7,1,0,['intraday'],['user_79f65c'],intraday,2026-09-05 19:16:04.278412+00:00,[],2026-09-04
"swing_trader_in|2026-09-05T18:43:02.410388+00:00|#nifty50 update: flat session so far, vo",swing_trader_in,"#nifty50 update: flat session so far, volumes low ahead of RBI policy RBI policy day today. Bajaj Finance also in focus.",2026-09-05 18:43:02.410388+00:00,4,0,0,['nifty50'],[],nifty50,2026-09-05 19:16:04.282447+00:00,[],2026-09-05
"sensex_scalper|2026-09-05T06:12:22.047343+00:00|आज #sensex में जबरदस्त तेजी, 21721 का स्",sensex_scalper,"आज #sensex में जबरदस्त तेजी, 21721 का स्तर पार Let's see how it closes.",2026-09-05 06:12:22.047343+00:00,1,0,0,['sensex'],[],sensex,2026-09-05 19:16:04.303603+00:00,[],2026-09-05
"chartwizard|2026-09-05T02:43:42.407010+00:00|Sideways action continues on #sensex, 49",chartwizard,"Sideways action continues on #sensex, 49496-50296 range holding Options data suggests the same.",2026-09-05 02:43:42.407010+00:00,1,0,0,['sensex'],[],sensex,2026-09-05 19:16:04.302402+00:00,[],2026-09-05
"bull_on_dalal_st|2026-09-05T11:44:59.938799+00:00|FIIs buying heavily today, #banknifty co",bull_on_dalal_st,"FIIs buying heavily today, #banknifty could test 22978 by expiry",2026-09-05 11:44:59.938799+00:00,10,2,0,['banknifty'],['user_be39c6'],banknifty,2026-09-05 19:16:04.296785+00:00,[],2026-09-05
"bull_on_dalal_st|2026-09-05T09:52:38.036729+00:00|Market crash ho sakta hai, 23316 ka supp",bull_on_dalal_st,"Market crash ho sakta hai, 23316 ka support toot gaya, bearish on #intraday Kya lagta hai aap logo ka?",2026-09-05 09:52:38.036729+00:00,12,2,0,['intraday'],['user_90ef98'],intraday,2026-09-05 19:16:04.270856+00:00,[],2026-09-05
"algo_anil|2026-09-04T21:09:38.539925+00:00|#nifty50 breaking down below 47707, expe",algo_anil,"#nifty50 breaking down below 47707, expecting further downside to 48007 Keep an eye on FII/DII data.",2026-09-04 21:09:38.539925+00:00,10,1,0,"['nifty50', 'intraday']",[],nifty50,2026-09-05 19:16:04.284023+00:00,[],2026-09-04
"swing_trader_in|2026-09-05T15:53:41.688310+00:00|FIIs buying heavily today, #nifty50 coul",swing_trader_in,"FIIs buying heavily today, #nifty50 could test 22574 by expiry #optionstrading #dalalstreet",2026-09-05 15:53:41.688310+00:00,13,3,0,['nifty50'],[],nifty50,2026-09-05 19:16:04.300600+00:00,[],2026-09-05
"MarketMaverick|2026-09-05T18:38:13.615432+00:00|Sideways action continues on #nifty50, 2",MarketMaverick,"Sideways action continues on #nifty50, 21626-22246 range holding #optionstrading #dalalstreet",2026-09-05 18:38:13.615432+00:00,2,0,0,"['nifty50', 'intraday']",[],nifty50,2026-09-05 19:16:04.302738+00:00,[],2026-09-05
niftyguru|2026-09-05T14:01:37.431196+00:00|Short positions added on #intraday below,niftyguru,"Short positions added on #intraday below 49491, target 50291 Thoughts?",2026-09-05 14:01:37.431196+00:00,3,0,0,['intraday'],[],intraday,2026-09-05 19:16:04.272621+00:00,[],2026-09-05
"intraday_ishaan|2026-09-04T19:46:44.138084+00:00|Gap up opening expected for #intraday, 4",intraday_ishaan,"Gap up opening expected for #intraday, 49021 is the level to watch #optionstrading #dalalstreet Adani Enterprises also in focus.",2026-09-04 19:46:44.138084+00:00,9,2,1,['intraday'],[],intraday,2026-09-05 19:16:04.283563+00:00,[],2026-09-04
"swing_trader_in|2026-09-05T12:08:52.700684+00:00|Tejji ka mahaul hai #sensex mein, 50944 -dup",swing_trader_in,"Tejji ka mahaul hai #sensex mein, 50944 pe strong buying dekhi Kya lagta hai aap logo ka?",2026-09-05 12:08:52.700684+00:00,14,2,1,['sensex'],[],sensex,2026-09-05 19:16:04.314868+00:00,[],2026-09-05
"chartwizard|2026-09-05T08:06:31.430731+00:00|आज #intraday में जबरदस्त तेजी, 21686 का ",chartwizard,"आज #intraday में जबरदस्त तेजी, 21686 का स्तर पार Options data suggests the same.",2026-09-05 08:06:31.430731+00:00,13,1,1,['intraday'],[],intraday,2026-09-05 19:16:04.282421+00:00,[],2026-09-05
"intraday_ishaan|2026-09-04T20:23:41.102705+00:00|Watching #intraday closely, no clear tre",intraday_ishaan,"Watching #intraday closely, no clear trend yet. What's everyone's view on 49805? Thoughts?",2026-09-04 20:23:41.102705+00:00,15,1,1,['intraday'],[],intraday,2026-09-05 19:16:04.284266+00:00,[],2026-09-04
bull_on_dalal_st|2026-09-05T14:37:52.875961+00:00|#nifty50 range-bound between 23470 and 2,bull_on_dalal_st,"#nifty50 range-bound between 23470 and 23920 today, waiting for a clear direction Thoughts?",2026-09-05 14:37:52.875961+00:00,1,0,0,['nifty50'],[],nifty50,2026-09-05 19:16:04.302463+00:00,[],2026-09-05
"riskmanager_99|2026-09-04T20:12:44.710134+00:00|Mixed signals on #banknifty today, 22449",riskmanager_99,"Mixed signals on #banknifty today, 22449 acting as a pivot Tata Motors also in focus.",2026-09-04 20:12:44.710134+00:00,9,0,0,['banknifty'],[],banknifty,2026-09-05 19:16:04.281098+00:00,[],2026-09-04
"quant_priya|2026-09-05T01:34:52.719509+00:00|#intraday looking strong today, breakout",quant_priya,"#intraday looking strong today, breakout above 49370, target 49220 Volume bhi zyada hai aaj.",2026-09-05 01:34:52.719509+00:00,3,0,0,['intraday'],[],intraday,2026-09-05 19:16:04.313556+00:00,[],2026-09-05
"trader_raj|2026-09-05T04:04:34.778567+00:00|आज #sensex में जबरदस्त तेजी, 23034 का स्",trader_raj,"आज #sensex में जबरदस्त तेजी, 23034 का स्तर पार Options data suggests the same.",2026-09-05 04:04:34.778567+00:00,8,0,1,['sensex'],[],sensex,2026-09-05 19:16:04.268687+00:00,[],2026-09-05
"options_owl|2026-09-04T23:58:36.163628+00:00|Market crash ho sakta hai, 49327 ka supp",options_owl,"Market crash ho sakta hai, 49327 ka support toot gaya, bearish on #sensex Thoughts?",2026-09-04 23:58:36.163628+00:00,8,1,0,['sensex'],['user_344d69'],sensex,2026-09-05 19:16:04.264391+00:00,[],2026-09-04
MarketMaverick|2026-09-04T22:45:20.771937+00:00|Positional buy initiated on #sensex abov,MarketMaverick,"Positional buy initiated on #sensex above 48072, SL below 48222 #optionstrading #dalalstreet",2026-09-04 22:45:20.771937+00:00,11,0,1,['sensex'],[],sensex,2026-09-05 19:16:04.297145+00:00,[],2026-09-04
"sensex_scalper|2026-09-04T21:45:57.640659+00:00|Sensex rally continues, 50173 support ho",sensex_scalper,"Sensex rally continues, 50173 support holding well. Long positions looking good #nifty50 DYOR.",2026-09-04 21:45:57.640659+00:00,0,0,0,['nifty50'],[],nifty50,2026-09-05 19:16:04.283723+00:00,[],2026-09-04
"options_owl|2026-09-05T12:50:19.720924+00:00|Panic selling in #intraday, 22735 breakd",options_owl,"Panic selling in #intraday, 22735 breakdown confirmed, stop loss hit NFA.",2026-09-05 12:50:19.720924+00:00,9,1,0,['intraday'],[],intraday,2026-09-05 19:16:04.274392+00:00,[],2026-09-05
"quant_priya|2026-09-05T04:12:57.691230+00:00|#intraday breaking down below 23222, exp",quant_priya,"#intraday breaking down below 23222, expecting further downside to 23672 Let's see how it closes.",2026-09-05 04:12:57.691230+00:00,1,0,0,['intraday'],[],intraday,2026-09-05 19:16:04.252904+00:00,[],2026-09-05
"banknifty_baba|2026-09-05T05:04:02.903146+00:00|FIIs buying heavily today, #intraday cou",banknifty_baba,"FIIs buying heavily today, #intraday could test 48654 by expiry #optionstrading #dalalstreet",2026-09-05 05:04:02.903146+00:00,7,0,1,"['intraday', 'nifty50']",[],intraday,2026-09-05 19:16:04.312555+00:00,[],2026-09-05
"chartwizard|2026-09-05T03:09:39.462685+00:00|Market crash ho sakta hai, 50367 ka supp",chartwizard,"Market crash ho sakta hai, 50367 ka support toot gaya, bearish on #sensex RBI policy day today.",2026-09-05 03:09:39.462685+00:00,10,1,0,"['sensex', 'sensex']",[],sensex,2026-09-05 19:16:04.289845+00:00,[],2026-09-05
"dalalstreet_diary|2026-09-05T00:18:37.986950+00:00|Market crash ho sakta hai, 50447 ka supp",dalalstreet_diary,"Market crash ho sakta hai, 50447 ka support toot gaya, bearish on #sensex DYOR.",2026-09-05 00:18:37.986950+00:00,6,1,0,['sensex'],[],sensex,2026-09-05 19:16:04.275743+00:00,[],2026-09-05
the_bear_desk|2026-09-05T05:15:01.938017+00:00|Positional buy initiated on #sensex abov,the_bear_desk,"Positional buy initiated on #sensex above 21688, SL below 21838 Let's see how it closes.",2026-09-05 05:15:01.938017+00:00,10,1,0,['sensex'],[],sensex,2026-09-05 19:16:04.275470+00:00,[],2026-09-05
"sensex_scalper|2026-09-05T01:03:16.513759+00:00|FIIs buying heavily today, #banknifty co",sensex_scalper,"FIIs buying heavily today, #banknifty could test 48669 by expiry #optionstrading #dalalstreet",2026-09-05 01:03:16.513759+00:00,11,2,1,['banknifty'],[],banknifty,2026-09-05 19:16:04.282186+00:00,[],2026-09-05
"sensex_scalper|2026-09-04T23:56:50.005879+00:00|Buy the dip on 23236, 22786 target for s",sensex_scalper,"Buy the dip on 23236, 22786 target for swing trade #banknifty $NIFTY NFA.",2026-09-04 23:56:50.005879+00:00,6,1,1,['banknifty'],[],banknifty,2026-09-05 19:16:04.265057+00:00,['NIFTY'],2026-09-04
"quant_priya|2026-09-05T04:55:43.926545+00:00|Panic selling in #nifty50, 22231 breakdo",quant_priya,"Panic selling in #nifty50, 22231 breakdown confirmed, stop loss hit #stockmarket #trading",2026-09-05 04:55:43.926545+00:00,15,1,0,['nifty50'],[],nifty50,2026-09-05 19:16:04.254114+00:00,[],2026-09-05
"options_owl|2026-09-04T20:04:25.134415+00:00|#banknifty showing higher highs, 22166 b",options_owl,"#banknifty showing higher highs, 22166 broken with volume, next stop 21546 Kya lagta hai aap logo ka?",2026-09-04 20:04:25.134415+00:00,1,0,0,['banknifty'],[],banknifty,2026-09-05 19:16:04.271289+00:00,[],2026-09-04
chartwizard|2026-09-05T05:06:19.013375+00:00|#sensex range-bound between 22198 and 22,chartwizard,"#sensex range-bound between 22198 and 22348 today, waiting for a clear direction Thoughts?",2026-09-05 05:06:19.013375+00:00,13,1,1,['sensex'],[],sensex,2026-09-05 19:16:04.272579+00:00,[],2026-09-05
"algo_anil|2026-09-05T08:23:31.947991+00:00|Low volume day for #nifty50, market awai",algo_anil,"Low volume day for #nifty50, market awaiting 50311 confirmation #stockmarket #trading",2026-09-05 08:23:31.947991+00:00,1,0,0,['nifty50'],[],nifty50,2026-09-05 19:16:04.306020+00:00,[],2026-09-05
bull_on_dalal_st|2026-09-05T06:01:16.486660+00:00|Positional buy initiated on #intraday ab,bull_on_dalal_st,"Positional buy initiated on #intraday above 21598, SL below 22398 DYOR.",2026-09-05 06:01:16.486660+00:00,5,1,0,['intraday'],[],intraday,2026-09-05 19:16:04.258314+00:00,[],2026-09-05
"swing_trader_in|2026-09-05T07:12:40.590816+00:00|आज #banknifty में जबरदस्त तेजी, 50191 का",swing_trader_in,"आज #banknifty में जबरदस्त तेजी, 50191 का स्तर पार",2026-09-05 07:12:40.590816+00:00,11,1,1,['banknifty'],[],banknifty,2026-09-05 19:16:04.307649+00:00,[],2026-09-05
"intraday_ishaan|2026-09-05T08:12:55.445748+00:00|FIIs buying heavily today, #nifty50 coul",intraday_ishaan,"FIIs buying heavily today, #nifty50 could test 22399 by expiry",2026-09-05 08:12:55.445748+00:00,9,2,0,"['nifty50', 'nifty50']",[],nifty50,2026-09-05 19:16:04.289520+00:00,[],2026-09-05
intraday_ishaan|2026-09-04T21:43:39.104191+00:00|Positional buy initiated on #nifty50 abo,intraday_ishaan,"Positional buy initiated on #nifty50 above 22215, SL below 22665 Keep an eye on FII/DII data.",2026-09-04 21:43:39.104191+00:00,9,0,1,"['nifty50', 'nifty50']",[],nifty50,2026-09-05 19:16:04.265452+00:00,[],2026-09-04
banknifty_baba|2026-09-05T15:47:48.941689+00:00|Short positions added on #intraday below,banknifty_baba,"Short positions added on #intraday below 48153, target 48303 Let's see how it closes.",2026-09-05 15:47:48.941689+00:00,15,3,1,['intraday'],[],intraday,2026-09-05 19:16:04.268892+00:00,[],2026-09-05
"the_bear_desk|2026-09-05T12:49:25.939977+00:00|मंदी का माहौल है बाज़ार में, 23322 से नी",the_bear_desk,"मंदी का माहौल है बाज़ार में, 23322 से नीचे बिकवाली तेज #banknifty Volume bhi zyada hai aaj.",2026-09-05 12:49:25.939977+00:00,1,0,0,['banknifty'],[],banknifty,2026-09-05 19:16:04.278590+00:00,[],2026-09-05
"chartwizard|2026-09-05T08:01:37.913564+00:00|#banknifty breaking down below 21552, ex",chartwizard,"#banknifty breaking down below 21552, expecting further downside to 21252",2026-09-05 08:01:37.913564+00:00,14,4,2,"['banknifty', 'banknifty']",[],banknifty,2026-09-05 19:16:04.295586+00:00,[],2026-09-05
"trader_raj|2026-09-04T21:24:52.786410+00:00|Low volume day for #banknifty, market aw",trader_raj,"Low volume day for #banknifty, market awaiting 21737 confirmation Let's see how it closes.",2026-09-04 21:24:52.786410+00:00,10,2,0,['banknifty'],[],banknifty,2026-09-05 19:16:04.257471+00:00,[],2026-09-04
"algo_anil|2026-09-05T02:49:46.871114+00:00|आज #nifty50 में जबरदस्त तेजी, 22528 का स",algo_anil,"आज #nifty50 में जबरदस्त तेजी, 22528 का स्तर पार Options data suggests the same.",2026-09-05 02:49:46.871114+00:00,3,0,0,"['nifty50', 'sensex']",[],nifty50,2026-09-05 19:16:04.274682+00:00,[],2026-09-05
niftyguru|2026-09-05T17:36:15.383910+00:00|Positional buy initiated on #nifty50 abo,niftyguru,"Positional buy initiated on #nifty50 above 50466, SL below 49846 #optionstrading #dalalstreet",2026-09-05 17:36:15.383910+00:00,6,0,0,['nifty50'],[],nifty50,2026-09-05 19:16:04.281243+00:00,[],2026-09-05
"sensex_scalper|2026-09-05T11:56:59.222120+00:00|FIIs selling continuously, #nifty50 weak",sensex_scalper,"FIIs selling continuously, #nifty50 weak below 21802 NFA. TCS also in focus.",2026-09-05 11:56:59.222120+00:00,1,0,0,"['nifty50', 'banknifty']",[],nifty50,2026-09-05 19:16:04.283161+00:00,[],2026-09-05
"trader_raj|2026-09-05T07:41:03.263037+00:00|Global markets weak overnight, #intraday",trader_raj,"Global markets weak overnight, #intraday may gap down below 22394 Keep an eye on FII/DII data.",2026-09-05 07:41:03.263037+00:00,15,2,1,['intraday'],[],intraday,2026-09-05 19:16:04.272210+00:00,[],2026-09-05
"trader_raj|2026-09-05T03:06:46.093236+00:00|FIIs buying heavily today, #intraday cou",trader_raj,"FIIs buying heavily today, #intraday could test 22432 by expiry Thoughts?",2026-09-05 03:06:46.093236+00:00,10,2,0,['intraday'],[],intraday,2026-09-05 19:16:04.283332+00:00,[],2026-09-05
"quant_priya|2026-09-05T12:56:56.236688+00:00|FIIs selling continuously, #banknifty we",quant_priya,"FIIs selling continuously, #banknifty weak below 22016 Let's see how it closes.",2026-09-05 12:56:56.236688+00:00,9,2,1,['banknifty'],[],banknifty,2026-09-05 19:16:04.274017+00:00,[],2026-09-05
"quant_priya|2026-09-05T17:37:16.290489+00:00|Tejji ka mahaul hai #sensex mein, 49501 -dup",quant_priya,"Tejji ka mahaul hai #sensex mein, 49501 pe strong buying dekhi NFA.",2026-09-05 17:37:16.290489+00:00,8,1,1,['sensex'],[],sensex,2026-09-05 19:16:04.314304+00:00,[],2026-09-05
"banknifty_baba|2026-09-05T08:10:46.861840+00:00|Sell on rise strategy for #banknifty, re",banknifty_baba,"Sell on rise strategy for #banknifty, resistance at 21873 not breaking #optionstrading #dalalstreet",2026-09-05 08:10:46.861840+00:00,7,1,0,"['banknifty', 'intraday']",[],banknifty,2026-09-05 19:16:04.306523+00:00,[],2026-09-05
"sensex_scalper|2026-09-05T07:13:37.788419+00:00|Low volume day for #nifty50, market awai",sensex_scalper,"Low volume day for #nifty50, market awaiting 50716 confirmation DYOR.",2026-09-05 07:13:37.788419+00:00,11,2,2,"['nifty50', 'intraday']",[],nifty50,2026-09-05 19:16:04.286689+00:00,[],2026-09-05
"options_owl|2026-09-05T18:10:38.252251+00:00|#nifty50 forming lower lows, 47859 suppo-dup",options_owl,"#nifty50 forming lower lows, 47859 support gone, next target 47709",2026-09-05 18:10:38.252251+00:00,2,0,0,['nifty50'],[],nifty50,2026-09-05 19:16:04.313730+00:00,[],2026-09-05
"dalalstreet_diary|2026-09-05T07:04:27.535176+00:00|#banknifty showing higher highs, 22837 b",dalalstreet_diary,"#banknifty showing higher highs, 22837 broken with volume, next stop 22537",2026-09-05 07:04:27.535176+00:00,4,0,0,['banknifty'],[],banknifty,2026-09-05 19:16:04.293483+00:00,[],2026-09-05
"quant_priya|2026-09-05T09:58:31.143356+00:00|आज #banknifty में भारी गिरावट, 47748 का ",quant_priya,"आज #banknifty में भारी गिरावट, 47748 का सपोर्ट टूटा Volume bhi zyada hai aaj.",2026-09-05 09:58:31.143356+00:00,5,1,0,['banknifty'],[],banknifty,2026-09-05 19:16:04.288432+00:00,[],2026-09-05
"dalalstreet_diary|2026-09-04T21:29:19.758455+00:00|मंदी का माहौल है बाज़ार में, 21701 से नी",dalalstreet_diary,"मंदी का माहौल है बाज़ार में, 21701 से नीचे बिकवाली तेज #nifty50 NFA.",2026-09-04 21:29:19.758455+00:00,0,0,0,['nifty50'],[],nifty50,2026-09-05 19:16:04.292298+00:00,[],2026-09-04
riskmanager_99|2026-09-04T19:56:10.206071+00:00|Profit booking seen in #nifty50 near 493,riskmanager_99,"Profit booking seen in #nifty50 near 49311, caution advised #stockmarket #trading",2026-09-04 19:56:10.206071+00:00,2,0,0,['nifty50'],[],nifty50,2026-09-05 19:16:04.296161+00:00,[],2026-09-04
"algo_anil|2026-09-05T18:53:01.911910+00:00|बाजार में तेजी है, 50629 के ऊपर खरीदारी ",algo_anil,"बाजार में तेजी है, 50629 के ऊपर खरीदारी का मौका #banknifty Let's see how it closes.",2026-09-05 18:53:01.911910+00:00,1,0,0,['banknifty'],[],banknifty,2026-09-05 19:16:04.277966+00:00,[],2026-09-05
"chartwizard|2026-09-05T18:24:06.652879+00:00|FIIs selling continuously, #nifty50 weak",chartwizard,"FIIs selling continuously, #nifty50 weak below 48482 RBI policy day today.",2026-09-05 18:24:06.652879+00:00,6,1,0,['nifty50'],['user_072019'],nifty50,2026-09-05 19:16:04.290886+00:00,[],2026-09-05
"sensex_scalper|2026-09-05T15:37:10.185920+00:00|Low volume day for #sensex, market await",sensex_scalper,"Low volume day for #sensex, market awaiting 21680 confirmation Let's see how it closes.",2026-09-05 15:37:10.185920+00:00,5,0,0,['sensex'],[],sensex,2026-09-05 19:16:04.300939+00:00,[],2026-09-05
"quant_priya|2026-09-05T02:07:47.448800+00:00|Gap up opening expected for #banknifty, ",quant_priya,"Gap up opening expected for #banknifty, 50952 is the level to watch Thoughts?",2026-09-05 02:07:47.448800+00:00,13,2,0,['banknifty'],[],banknifty,2026-09-05 19:16:04.279312+00:00,[],2026-09-05
MarketMaverick|2026-09-05T15:08:42.351550+00:00|Short positions added on #sensex below 4,MarketMaverick,"Short positions added on #sensex below 48774, target 48154 NFA.",2026-09-05 15:08:42.351550+00:00,1,0,0,"['sensex', 'intraday']",[],sensex,2026-09-05 19:16:04.288120+00:00,[],2026-09-05
"options_owl|2026-09-04T21:08:23.149974+00:00|#sensex forming lower lows, 22148 suppor",options_owl,"#sensex forming lower lows, 22148 support gone, next target 21848 #optionstrading #dalalstreet ICICI Bank also in focus.",2026-09-04 21:08:23.149974+00:00,13,1,2,['sensex'],['user_ae3c3b'],sensex,2026-09-05 19:16:04.286812+00:00,[],2026-09-04
"MarketMaverick|2026-09-05T15:03:34.212881+00:00|Sell on rise strategy for #nifty50, resi",MarketMaverick,"Sell on rise strategy for #nifty50, resistance at 50132 not breaking",2026-09-05 15:03:34.212881+00:00,3,0,0,['nifty50'],[],nifty50,2026-09-05 19:16:04.305640+00:00,[],2026-09-05
"riskmanager_99|2026-09-05T12:12:57.006319+00:00|आज #banknifty में जबरदस्त तेजी, 22837 का",riskmanager_99,"आज #banknifty में जबरदस्त तेजी, 22837 का स्तर पार",2026-09-05 12:12:57.006319+00:00,11,0,1,"['banknifty', 'sensex']",['user_a5860e'],banknifty,2026-09-05 19:16:04.305724+00:00,[],2026-09-05
"banknifty_baba|2026-09-04T21:10:32.449658+00:00|Sensex rally continues, 23449 support ho",banknifty_baba,"Sensex rally continues, 23449 support holding well. Long positions looking good #intraday DYOR.",2026-09-04 21:10:32.449658+00:00,4,0,0,['intraday'],[],intraday,2026-09-05 19:16:04.286649+00:00,[],2026-09-04
"riskmanager_99|2026-09-05T04:39:53.734018+00:00|FIIs selling continuously, #banknifty we",riskmanager_99,"FIIs selling continuously, #banknifty weak below 22631 Kya lagta hai aap logo ka?",2026-09-05 04:39:53.734018+00:00,7,1,1,['banknifty'],[],banknifty,2026-09-05 19:16:04.289773+00:00,[],2026-09-05
"quant_priya|2026-09-05T08:40:36.610560+00:00|FIIs selling continuously, #nifty50 weak",quant_priya,"FIIs selling continuously, #nifty50 weak below 21952 Volume bhi zyada hai aaj.",2026-09-05 08:40:36.610560+00:00,5,0,0,"['nifty50', 'nifty50']",[],nifty50,2026-09-05 19:16:04.251974+00:00,[],2026-09-05
"intraday_ishaan|2026-09-05T12:36:18.642360+00:00|Sensex rally continues, 50385 support ho",intraday_ishaan,"Sensex rally continues, 50385 support holding well. Long positions looking good #nifty50 Budget session ahead, stay alert.",2026-09-05 12:36:18.642360+00:00,13,2,1,['nifty50'],[],nifty50,2026-09-05 19:16:04.267769+00:00,[],2026-09-05
"swing_trader_in|2026-09-05T07:15:16.422483+00:00|FIIs selling continuously, #nifty50 weak",swing_trader_in,"FIIs selling continuously, #nifty50 weak below 22314 Volume bhi zyada hai aaj.",2026-09-05 07:15:16.422483+00:00,7,2,1,"['nifty50', 'intraday']",[],nifty50,2026-09-05 19:16:04.290642+00:00,[],2026-09-05
"niftyguru|2026-09-05T04:07:48.315564+00:00|#nifty50 breaking down below 48053, expe",niftyguru,"#nifty50 breaking down below 48053, expecting further downside to 48503 Options data suggests the same.",2026-09-05 04:07:48.315564+00:00,4,0,0,['nifty50'],[],nifty50,2026-09-05 19:16:04.258975+00:00,[],2026-09-05
"intraday_ishaan|2026-09-04T19:24:59.121346+00:00|#nifty50 breaking down below 23448, expe",intraday_ishaan,"#nifty50 breaking down below 23448, expecting further downside to 22998 Volume bhi zyada hai aaj.",2026-09-04 19:24:59.121346+00:00,0,0,0,['nifty50'],[],nifty50,2026-09-05 19:16:04.274379+00:00,[],2026-09-04
banknifty_baba|2026-09-05T12:20:59.499739+00:00|Short positions added on #sensex below 2,banknifty_baba,"Short positions added on #sensex below 22571, target 21951 Budget session ahead, stay alert.",2026-09-05 12:20:59.499739+00:00,2,0,0,['sensex'],['user_4ae283'],sensex,2026-09-05 19:16:04.311536+00:00,[],2026-09-05
the_bear_desk|2026-09-05T11:05:02.251362+00:00|Nifty ne resistance todi! bullish moment,the_bear_desk,"Nifty ne resistance todi! bullish momentum building, 48592 ke upar accumulate karo #banknifty NFA.",2026-09-05 11:05:02.251362+00:00,6,1,0,['banknifty'],[],banknifty,2026-09-05 19:16:04.303170+00:00,[],2026-09-05
intraday_ishaan|2026-09-05T09:42:48.890406+00:00|Short positions added on #intraday below,intraday_ishaan,"Short positions added on #intraday below 50289, target 49669 Thoughts?",2026-09-05 09:42:48.890406+00:00,9,0,0,['intraday'],[],intraday,2026-09-05 19:16:04.257742+00:00,[],2026-09-05
"bull_on_dalal_st|2026-09-05T01:32:12.558139+00:00|Gap up opening expected for #intraday, 5",bull_on_dalal_st,"Gap up opening expected for #intraday, 50631 is the level to watch DYOR. ICICI Bank also in focus.",2026-09-05 01:32:12.558139+00:00,8,1,0,"['intraday', 'sensex']",['user_6b1721'],intraday,2026-09-05 19:16:04.271946+00:00,[],2026-09-05
"chartwizard|2026-09-05T11:22:31.825012+00:00|#intraday breaking down below 47891, exp",chartwizard,"#intraday breaking down below 47891, expecting further downside to 48191 Thoughts? ICICI Bank also in focus.",2026-09-05 11:22:31.825012+00:00,5,1,0,"['intraday', 'nifty50']",[],intraday,2026-09-05 19:16:04.309726+00:00,[],2026-09-05
"banknifty_baba|2026-09-04T18:23:08.280694+00:00|Global cues supportive, #nifty50 likely ",banknifty_baba,"Global cues supportive, #nifty50 likely to open above 49732 tomorrow #stockmarket #trading",2026-09-04 18:23:08.280694+00:00,2,0,0,['nifty50'],[],nifty50,2026-09-05 19:16:04.267505+00:00,[],2026-09-04
"banknifty_baba|2026-09-05T03:37:37.930182+00:00|#nifty50 showing higher highs, 21654 bro",banknifty_baba,"#nifty50 showing higher highs, 21654 broken with volume, next stop 21504 Volume bhi zyada hai aaj.",2026-09-05 03:37:37.930182+00:00,10,2,0,['nifty50'],[],nifty50,2026-09-05 19:16:04.302175+00:00,[],2026-09-05
"swing_trader_in|2026-09-05T04:58:37.844253+00:00|#intraday consolidating near 22317, need",swing_trader_in,"#intraday consolidating near 22317, need a breakout either side Budget session ahead, stay alert.",2026-09-05 04:58:37.844253+00:00,5,1,0,['intraday'],['user_848ed0'],intraday,2026-09-05 19:16:04.292874+00:00,[],2026-09-05
"intraday_ishaan|2026-09-05T09:39:27.075500+00:00|Market crash ho sakta hai, 49086 ka supp",intraday_ishaan,"Market crash ho sakta hai, 49086 ka support toot gaya, bearish on #intraday",2026-09-05 09:39:27.075500+00:00,12,2,1,"['intraday', 'sensex']",['user_3499b2'],intraday,2026-09-05 19:16:04.295222+00:00,[],2026-09-05
options_owl|2026-09-05T11:47:02.197541+00:00|Short positions added on #sensex below 2,options_owl,"Short positions added on #sensex below 23004, target 23454 NFA. ITC also in focus.",2026-09-05 11:47:02.197541+00:00,13,0,2,['sensex'],[],sensex,2026-09-05 19:16:04.288982+00:00,[],2026-09-05
"banknifty_baba|2026-09-04T21:36:30.546793+00:00|#sensex update: flat session so far, vol",banknifty_baba,"#sensex update: flat session so far, volumes low ahead of RBI policy Options data suggests the same. Reliance also in focus.",2026-09-04 21:36:30.546793+00:00,4,1,0,['sensex'],[],sensex,2026-09-05 19:16:04.280066+00:00,[],2026-09-04
"trader_raj|2026-09-04T20:48:51.266490+00:00|Sell on rise strategy for #sensex, resis",trader_raj,"Sell on rise strategy for #sensex, resistance at 23129 not breaking #optionstrading #dalalstreet",2026-09-04 20:48:51.266490+00:00,2,0,0,['sensex'],[],sensex,2026-09-05 19:16:04.277780+00:00,[],2026-09-04
"MarketMaverick|2026-09-05T09:37:32.856705+00:00|Panic selling in #banknifty, 47715 break-dup",MarketMaverick,"Panic selling in #banknifty, 47715 breakdown confirmed, stop loss hit Bajaj Finance also in focus.",2026-09-05 09:37:32.856705+00:00,15,3,1,['banknifty'],[],banknifty,2026-09-05 19:16:04.313834+00:00,[],2026-09-05
"algo_anil|2026-09-05T07:07:58.598845+00:00|बाजार में तेजी है, 49906 के ऊपर खरीदारी ",algo_anil,"बाजार में तेजी है, 49906 के ऊपर खरीदारी का मौका #banknifty Kya lagta hai aap logo ka?",2026-09-05 07:07:58.598845+00:00,2,0,0,['banknifty'],[],banknifty,2026-09-05 19:16:04.282567+00:00,[],2026-09-05
"banknifty_baba|2026-09-05T14:09:20.865976+00:00|Sell on rise strategy for #sensex, resis",banknifty_baba,"Sell on rise strategy for #sensex, resistance at 50635 not breaking",2026-09-05 14:09:20.865976+00:00,10,2,1,['sensex'],[],sensex,2026-09-05 19:16:04.299571+00:00,[],2026-09-05
algo_anil|2026-09-05T06:17:13.828882+00:00|Positional buy initiated on #nifty50 abo,algo_anil,"Positional buy initiated on #nifty50 above 22180, SL below 21560",2026-09-05 06:17:13.828882+00:00,11,2,0,"['nifty50', 'nifty50']",[],nifty50,2026-09-05 19:16:04.299726+00:00,[],2026-09-05
"chartwizard|2026-09-05T00:59:18.645782+00:00|Sell on rise strategy for #intraday, res",chartwizard,"Sell on rise strategy for #intraday, resistance at 22794 not breaking",2026-09-05 00:59:18.645782+00:00,4,0,0,"['intraday', 'nifty50']",[],intraday,2026-09-05 19:16:04.306413+00:00,[],2026-09-05
"dalalstreet_diary|2026-09-05T05:56:23.943724+00:00|Low volume day for #sensex, market await",dalalstreet_diary,"Low volume day for #sensex, market awaiting 23279 confirmation Volume bhi zyada hai aaj.",2026-09-05 05:56:23.943724+00:00,0,0,0,['sensex'],[],sensex,2026-09-05 19:16:04.309540+00:00,[],2026-09-05
"algo_anil|2026-09-05T14:41:49.309091+00:00|#nifty50 consolidating near 22204, need ",algo_anil,"#nifty50 consolidating near 22204, need a breakout either side NFA.",2026-09-05 14:41:49.309091+00:00,12,2,0,"['nifty50', 'sensex']",[],nifty50,2026-09-05 19:16:04.298882+00:00,[],2026-09-05
"chartwizard|2026-09-04T20:23:45.078864+00:00|Mixed signals on #intraday today, 50151 ",chartwizard,"Mixed signals on #intraday today, 50151 acting as a pivot",2026-09-04 20:23:45.078864+00:00,6,0,0,['intraday'],[],intraday,2026-09-05 19:16:04.271145+00:00,[],2026-09-04
trader_raj|2026-09-05T00:01:19.477565+00:00|#intraday range-bound between 21809 and ,trader_raj,"#intraday range-bound between 21809 and 22429 today, waiting for a clear direction Volume bhi zyada hai aaj.",2026-09-05 00:01:19.477565+00:00,12,3,2,['intraday'],[],intraday,2026-09-05 19:16:04.256934+00:00,[],2026-09-05
"dalalstreet_diary|2026-09-04T19:49:14.906328+00:00|Panic selling in #nifty50, 21920 breakdo",dalalstreet_diary,"Panic selling in #nifty50, 21920 breakdown confirmed, stop loss hit Keep an eye on FII/DII data.",2026-09-04 19:49:14.906328+00:00,8,0,1,['nifty50'],['user_91dce9'],nifty50,2026-09-05 19:16:04.292536+00:00,[],2026-09-04
"niftyguru|2026-09-05T18:55:10.830638+00:00|FIIs buying heavily today, #nifty50 coul",niftyguru,"FIIs buying heavily today, #nifty50 could test 21232 by expiry NFA.",2026-09-05 18:55:10.830638+00:00,15,2,2,['nifty50'],[],nifty50,2026-09-05 19:16:04.285062+00:00,[],2026-09-05
"algo_anil|2026-09-04T19:22:18.242320+00:00|Global markets weak overnight, #nifty50 ",algo_anil,"Global markets weak overnight, #nifty50 may gap down below 48879 Let's see how it closes.",2026-09-04 19:22:18.242320+00:00,15,2,0,"['nifty50', 'intraday']",[],nifty50,2026-09-05 19:16:04.294399+00:00,[],2026-09-04
"intraday_ishaan|2026-09-04T19:08:24.221369+00:00|Gap up opening expected for #intraday, 4",intraday_ishaan,"Gap up opening expected for #intraday, 49074 is the level to watch",2026-09-04 19:08:24.221369+00:00,9,2,0,['intraday'],[],intraday,2026-09-05 19:16:04.255948+00:00,[],2026-09-04
"the_bear_desk|2026-09-04T21:25:25.983875+00:00|Sell on rise strategy for #sensex, resis",the_bear_desk,"Sell on rise strategy for #sensex, resistance at 23316 not breaking RBI policy day today. SBI also in focus.",2026-09-04 21:25:25.983875+00:00,14,3,0,"['sensex', 'nifty50']",[],sensex,2026-09-05 19:16:04.259322+00:00,[],2026-09-04
"banknifty_baba|2026-09-05T05:31:57.289015+00:00|मंदी का माहौल है बाज़ार में, 23239 से नी",banknifty_baba,"मंदी का माहौल है बाज़ार में, 23239 से नीचे बिकवाली तेज #intraday Kya lagta hai aap logo ka?",2026-09-05 05:31:57.289015+00:00,13,1,1,['intraday'],['user_42386f'],intraday,2026-09-05 19:16:04.278349+00:00,[],2026-09-05
"algo_anil|2026-09-05T03:22:24.740113+00:00|Sideways action continues on #banknifty,",algo_anil,"Sideways action continues on #banknifty, 22128-21828 range holding Budget session ahead, stay alert.",2026-09-05 03:22:24.740113+00:00,12,3,1,['banknifty'],[],banknifty,2026-09-05 19:16:04.258421+00:00,[],2026-09-05
"MarketMaverick|2026-09-05T09:11:19.715398+00:00|आज #nifty50 में जबरदस्त तेजी, 48690 का स",MarketMaverick,"आज #nifty50 में जबरदस्त तेजी, 48690 का स्तर पार Budget session ahead, stay alert.",2026-09-05 09:11:19.715398+00:00,15,2,0,"['nifty50', 'intraday']",[],nifty50,2026-09-05 19:16:04.307111+00:00,[],2026-09-05
"bull_on_dalal_st|2026-09-05T15:59:35.434158+00:00|Tejji ka mahaul hai #sensex mein, 22604 ",bull_on_dalal_st,"Tejji ka mahaul hai #sensex mein, 22604 pe strong buying dekhi Thoughts?",2026-09-05 15:59:35.434158+00:00,0,0,0,['sensex'],['user_b6ee68'],sensex,2026-09-05 19:16:04.275518+00:00,[],2026-09-05
dalalstreet_diary|2026-09-04T20:32:22.945648+00:00|Positional buy initiated on #sensex abov,dalalstreet_diary,"Positional buy initiated on #sensex above 49333, SL below 49483 RBI policy day today.",2026-09-04 20:32:22.945648+00:00,6,1,1,"['sensex', 'sensex']",[],sensex,2026-09-05 19:16:04.277199+00:00,[],2026-09-04
"sensex_scalper|2026-09-05T16:49:59.994742+00:00|Mixed signals on #nifty50 today, 50617 a",sensex_scalper,"Mixed signals on #nifty50 today, 50617 acting as a pivot Volume bhi zyada hai aaj.",2026-09-05 16:49:59.994742+00:00,5,0,0,"['nifty50', 'sensex']",[],nifty50,2026-09-05 19:16:04.268193+00:00,[],2026-09-05
"sensex_scalper|2026-09-04T23:31:05.319406+00:00|#nifty50 consolidating near 23253, need ",sensex_scalper,"#nifty50 consolidating near 23253, need a breakout either side #stockmarket #trading",2026-09-04 23:31:05.319406+00:00,2,0,0,"['nifty50', 'nifty50']",['user_d069bc'],nifty50,2026-09-05 19:16:04.268639+00:00,[],2026-09-04
"MarketMaverick|2026-09-05T07:28:02.771346+00:00|FIIs selling continuously, #sensex weak ",MarketMaverick,"FIIs selling continuously, #sensex weak below 22130 NFA. Infosys also in focus.",2026-09-05 07:28:02.771346+00:00,4,0,0,"['sensex', 'intraday']",[],sensex,2026-09-05 19:16:04.284878+00:00,[],2026-09-05
"options_owl|2026-09-05T16:28:30.551669+00:00|Mixed signals on #nifty50 today, 22196 a",options_owl,"Mixed signals on #nifty50 today, 22196 acting as a pivot HDFC Bank also in focus.",2026-09-05 16:28:30.551669+00:00,3,0,0,"['nifty50', 'intraday']",[],nifty50,2026-09-05 19:16:04.252204+00:00,[],2026-09-05
"sensex_scalper|2026-09-05T05:08:12.464003+00:00|Tejji ka mahaul hai #intraday mein, 4812",sensex_scalper,"Tejji ka mahaul hai #intraday mein, 48126 pe strong buying dekhi RBI policy day today.",2026-09-05 05:08:12.464003+00:00,6,0,0,['intraday'],[],intraday,2026-09-05 19:16:04.291519+00:00,[],2026-09-05
"algo_anil|2026-09-05T00:40:20.472361+00:00|#banknifty forming lower lows, 50915 sup",algo_anil,"#banknifty forming lower lows, 50915 support gone, next target 50295",2026-09-05 00:40:20.472361+00:00,5,0,0,"['banknifty', 'sensex']",[],banknifty,2026-09-05 19:16:04.277572+00:00,[],2026-09-05
"bull_on_dalal_st|2026-09-05T06:18:02.842899+00:00|आज #sensex में भारी गिरावट, 21685 का सपो",bull_on_dalal_st,"आज #sensex में भारी गिरावट, 21685 का सपोर्ट टूटा Thoughts?",2026-09-05 06:18:02.842899+00:00,3,0,0,['sensex'],[],sensex,2026-09-05 19:16:04.270894+00:00,[],2026-09-05
"chartwizard|2026-09-05T17:12:30.928535+00:00|Gap up opening expected for #sensex, 493",chartwizard,"Gap up opening expected for #sensex, 49377 is the level to watch DYOR.",2026-09-05 17:12:30.928535+00:00,14,1,2,['sensex'],[],sensex,2026-09-05 19:16:04.281578+00:00,[],2026-09-05
"algo_anil|2026-09-04T18:43:54.352613+00:00|FIIs buying heavily today, #sensex could",algo_anil,"FIIs buying heavily today, #sensex could test 49050 by expiry Budget session ahead, stay alert.",2026-09-04 18:43:54.352613+00:00,11,2,1,['sensex'],['user_1a07eb'],sensex,2026-09-05 19:16:04.256229+00:00,[],2026-09-04
"the_bear_desk|2026-09-05T12:07:25.403048+00:00|#intraday showing higher highs, 21538 br",the_bear_desk,"#intraday showing higher highs, 21538 broken with volume, next stop 21238 Kya lagta hai aap logo ka?",2026-09-05 12:07:25.403048+00:00,10,1,1,"['intraday', 'banknifty']",[],intraday,2026-09-05 19:16:04.292160+00:00,[],2026-09-05
dalalstreet_diary|2026-09-05T15:28:04.524397+00:00|Profit booking seen in #banknifty near 5,dalalstreet_diary,"Profit booking seen in #banknifty near 50500, caution advised #stockmarket #trading",2026-09-05 15:28:04.524397+00:00,13,0,1,['banknifty'],['user_39cae4'],banknifty,2026-09-05 19:16:04.293854+00:00,[],2026-09-05
"bull_on_dalal_st|2026-09-05T06:47:27.950036+00:00|#intraday showing higher highs, 48420 br",bull_on_dalal_st,"#intraday showing higher highs, 48420 broken with volume, next stop 47970 Let's see how it closes.",2026-09-05 06:47:27.950036+00:00,11,1,0,['intraday'],[],intraday,2026-09-05 19:16:04.305047+00:00,[],2026-09-05
"bull_on_dalal_st|2026-09-05T12:28:47.213568+00:00|Low volume day for #banknifty, market aw",bull_on_dalal_st,"Low volume day for #banknifty, market awaiting 48012 confirmation DYOR.",2026-09-05 12:28:47.213568+00:00,13,2,1,['banknifty'],[],banknifty,2026-09-05 19:16:04.254710+00:00,[],2026-09-05
"intraday_ishaan|2026-09-05T02:23:26.956327+00:00|Mixed signals on #sensex today, 21998 ac",intraday_ishaan,"Mixed signals on #sensex today, 21998 acting as a pivot",2026-09-05 02:23:26.956327+00:00,5,1,0,['sensex'],[],sensex,2026-09-05 19:16:04.279088+00:00,[],2026-09-05
"options_owl|2026-09-05T18:33:48.521923+00:00|आज #sensex में भारी गिरावट, 22301 का सपो",options_owl,"आज #sensex में भारी गिरावट, 22301 का सपोर्ट टूटा TCS also in focus.",2026-09-05 18:33:48.521923+00:00,3,0,0,['sensex'],[],sensex,2026-09-05 19:16:04.259101+00:00,[],2026-09-05
"trader_raj|2026-09-05T18:41:47.486382+00:00|Gap up opening expected for #sensex, 491",trader_raj,"Gap up opening expected for #sensex, 49150 is the level to watch #optionstrading #dalalstreet",2026-09-05 18:41:47.486382+00:00,11,1,1,['sensex'],[],sensex,2026-09-05 19:16:04.276659+00:00,[],2026-09-05
"bull_on_dalal_st|2026-09-04T23:11:28.812361+00:00|Sell on rise strategy for #sensex, resis",bull_on_dalal_st,"Sell on rise strategy for #sensex, resistance at 50306 not breaking Keep an eye on FII/DII data.",2026-09-04 23:11:28.812361+00:00,1,0,0,['sensex'],[],sensex,2026-09-05 19:16:04.305800+00:00,[],2026-09-04
swing_trader_in|2026-09-05T07:53:15.696191+00:00|Nifty ne resistance todi! bullish moment,swing_trader_in,"Nifty ne resistance todi! bullish momentum building, 50335 ke upar accumulate karo #nifty50 Kya lagta hai aap logo ka? ITC also in focus.",2026-09-05 07:53:15.696191+00:00,10,2,0,"['nifty50', 'intraday']",[],nifty50,2026-09-05 19:16:04.301748+00:00,[],2026-09-05
"quant_priya|2026-09-04T21:43:05.719931+00:00|FIIs buying heavily today, #banknifty co",quant_priya,"FIIs buying heavily today, #banknifty could test 21752 by expiry",2026-09-04 21:43:05.719931+00:00,13,2,2,['banknifty'],[],banknifty,2026-09-05 19:16:04.295836+00:00,[],2026-09-04
"algo_anil|2026-09-04T21:30:01.351977+00:00|Tejji ka mahaul hai #banknifty mein, 219",algo_anil,"Tejji ka mahaul hai #banknifty mein, 21976 pe strong buying dekhi",2026-09-04 21:30:01.351977+00:00,11,2,1,['banknifty'],[],banknifty,2026-09-05 19:16:04.260892+00:00,[],2026-09-04
"banknifty_baba|2026-09-05T14:23:29.755354+00:00|Market crash ho sakta hai, 21871 ka supp",banknifty_baba,"Market crash ho sakta hai, 21871 ka support toot gaya, bearish on #sensex",2026-09-05 14:23:29.755354+00:00,9,1,1,['sensex'],[],sensex,2026-09-05 19:16:04.281865+00:00,[],2026-09-05
"MarketMaverick|2026-09-05T05:27:38.856083+00:00|Watching #intraday closely, no clear tre",MarketMaverick,"Watching #intraday closely, no clear trend yet. What's everyone's view on 49038?",2026-09-05 05:27:38.856083+00:00,13,0,2,['intraday'],[],intraday,2026-09-05 19:16:04.269992+00:00,[],2026-09-05
banknifty_baba|2026-09-05T03:01:26.245116+00:00|Nifty ne resistance todi! bullish moment,banknifty_baba,"Nifty ne resistance todi! bullish momentum building, 21771 ke upar accumulate karo #nifty50 Budget session ahead, stay alert.",2026-09-05 03:01:26.245116+00:00,6,1,0,['nifty50'],[],nifty50,2026-09-05 19:16:04.273963+00:00,[],2026-09-05
"trader_raj|2026-09-04T22:18:39.831967+00:00|Buy the dip on 23054, 23504 target for s",trader_raj,"Buy the dip on 23054, 23504 target for swing trade #nifty50 $NIFTY NFA. HDFC Bank also in focus.",2026-09-04 22:18:39.831967+00:00,12,2,0,['nifty50'],[],nifty50,2026-09-05 19:16:04.273419+00:00,['NIFTY'],2026-09-04
"the_bear_desk|2026-09-05T01:55:19.575276+00:00|#intraday showing higher highs, 50218 br",the_bear_desk,"#intraday showing higher highs, 50218 broken with volume, next stop 50518 #optionstrading #dalalstreet",2026-09-05 01:55:19.575276+00:00,12,1,1,"['intraday', 'nifty50']",[],intraday,2026-09-05 19:16:04.256321+00:00,[],2026-09-05
quant_priya|2026-09-04T23:15:15.397933+00:00|Positional buy initiated on #nifty50 abo,quant_priya,"Positional buy initiated on #nifty50 above 22495, SL below 23295 Kya lagta hai aap logo ka?",2026-09-04 23:15:15.397933+00:00,9,2,1,['nifty50'],['user_30bb27'],nifty50,2026-09-05 19:16:04.270357+00:00,[],2026-09-04
"niftyguru|2026-09-05T07:34:36.255923+00:00|Sideways action continues on #intraday, ",niftyguru,"Sideways action continues on #intraday, 48325-48945 range holding Thoughts?",2026-09-05 07:34:36.255923+00:00,4,0,0,['intraday'],[],intraday,2026-09-05 19:16:04.275502+00:00,[],2026-09-05
"banknifty_baba|2026-09-05T00:29:18.621374+00:00|बाजार में तेजी है, 23290 के ऊपर खरीदारी ",banknifty_baba,"बाजार में तेजी है, 23290 के ऊपर खरीदारी का मौका #intraday",2026-09-05 00:29:18.621374+00:00,5,0,0,"['intraday', 'intraday']",[],intraday,2026-09-05 19:16:04.293368+00:00,[],2026-09-05
"quant_priya|2026-09-05T06:14:57.692788+00:00|FIIs buying heavily today, #banknifty co",quant_priya,"FIIs buying heavily today, #banknifty could test 24111 by expiry Volume bhi zyada hai aaj.",2026-09-05 06:14:57.692788+00:00,1,0,0,['banknifty'],[],banknifty,2026-09-05 19:16:04.312964+00:00,[],2026-09-05
"MarketMaverick|2026-09-05T16:19:32.582711+00:00|Market crash ho sakta hai, 49964 ka supp",MarketMaverick,"Market crash ho sakta hai, 49964 ka support toot gaya, bearish on #intraday #optionstrading #dalalstreet TCS also in focus.",2026-09-05 16:19:32.582711+00:00,12,2,1,['intraday'],['user_cfce3c'],intraday,2026-09-05 19:16:04.299481+00:00,[],2026-09-05
"the_bear_desk|2026-09-05T14:02:34.849344+00:00|Sensex rally continues, 49672 support ho",the_bear_desk,"Sensex rally continues, 49672 support holding well. Long positions looking good #sensex #stockmarket #trading",2026-09-05 14:02:34.849344+00:00,7,1,0,['sensex'],[],sensex,2026-09-05 19:16:04.273547+00:00,[],2026-09-05
"the_bear_desk|2026-09-05T11:52:59.248920+00:00|Sell on rise strategy for #intraday, res-dup",the_bear_desk,"Sell on rise strategy for #intraday, resistance at 49610 not breaking Thoughts?",2026-09-05 11:52:59.248920+00:00,8,1,0,['intraday'],[],intraday,2026-09-05 19:16:04.314592+00:00,[],2026-09-05
"the_bear_desk|2026-09-05T16:19:13.971142+00:00|Global cues supportive, #banknifty likel",the_bear_desk,"Global cues supportive, #banknifty likely to open above 23199 tomorrow Keep an eye on FII/DII data.",2026-09-05 16:19:13.971142+00:00,13,2,1,['banknifty'],[],banknifty,2026-09-05 19:16:04.312877+00:00,[],2026-09-05
"chartwizard|2026-09-05T08:38:04.854879+00:00|Watching #intraday closely, no clear tre",chartwizard,"Watching #intraday closely, no clear trend yet. What's everyone's view on 48813? Options data suggests the same.",2026-09-05 08:38:04.854879+00:00,6,0,0,['intraday'],['user_97a744'],intraday,2026-09-05 19:16:04.289046+00:00,[],2026-09-05
"swing_trader_in|2026-09-05T04:56:09.733046+00:00|Low volume day for #nifty50, market awai",swing_trader_in,"Low volume day for #nifty50, market awaiting 47669 confirmation Thoughts?",2026-09-05 04:56:09.733046+00:00,7,0,0,['nifty50'],['user_a98be1'],nifty50,2026-09-05 19:16:04.295785+00:00,[],2026-09-05
"niftyguru|2026-09-05T17:04:42.481007+00:00|Market crash ho sakta hai, 47859 ka supp",niftyguru,"Market crash ho sakta hai, 47859 ka support toot gaya, bearish on #intraday ITC also in focus.",2026-09-05 17:04:42.481007+00:00,2,0,0,['intraday'],[],intraday,2026-09-05 19:16:04.259946+00:00,[],2026-09-05
"intraday_ishaan|2026-09-04T22:51:44.139284+00:00|Global markets weak overnight, #nifty50 ",intraday_ishaan,"Global markets weak overnight, #nifty50 may gap down below 49692 Thoughts?",2026-09-04 22:51:44.139284+00:00,13,3,0,['nifty50'],[],nifty50,2026-09-05 19:16:04.294412+00:00,[],2026-09-04
"quant_priya|2026-09-05T00:34:35.517121+00:00|FIIs selling continuously, #sensex weak ",quant_priya,"FIIs selling continuously, #sensex weak below 22198 Volume bhi zyada hai aaj. Tata Motors also in focus.",2026-09-05 00:34:35.517121+00:00,4,0,0,['sensex'],[],sensex,2026-09-05 19:16:04.295151+00:00,[],2026-09-05
sensex_scalper|2026-09-05T09:13:49.962183+00:00|Profit booking seen in #intraday near 49,sensex_scalper,"Profit booking seen in #intraday near 49743, caution advised Budget session ahead, stay alert.",2026-09-05 09:13:49.962183+00:00,10,0,1,['intraday'],[],intraday,2026-09-05 19:16:04.295935+00:00,[],2026-09-05
"dalalstreet_diary|2026-09-04T22:12:17.333595+00:00|#banknifty showing higher highs, 23224 b",dalalstreet_diary,"#banknifty showing higher highs, 23224 broken with volume, next stop 23844 Keep an eye on FII/DII data.",2026-09-04 22:12:17.333595+00:00,4,1,0,['banknifty'],[],banknifty,2026-09-05 19:16:04.302966+00:00,[],2026-09-04
"dalalstreet_diary|2026-09-05T03:22:01.193809+00:00|Low volume day for #banknifty, market aw",dalalstreet_diary,"Low volume day for #banknifty, market awaiting 47586 confirmation RBI policy day today.",2026-09-05 03:22:01.193809+00:00,13,1,1,['banknifty'],[],banknifty,2026-09-05 19:16:04.282603+00:00,[],2026-09-05
algo_anil|2026-09-05T05:20:20.387865+00:00|Nifty ne resistance todi! bullish moment,algo_anil,"Nifty ne resistance todi! bullish momentum building, 22748 ke upar accumulate karo #nifty50 Let's see how it closes.",2026-09-05 05:20:20.387865+00:00,2,0,0,"['nifty50', 'nifty50']",['user_8d77e7'],nifty50,2026-09-05 19:16:04.282348+00:00,[],2026-09-05
"the_bear_desk|2026-09-05T11:42:31.721559+00:00|Tejji ka mahaul hai #intraday mein, 4793",the_bear_desk,"Tejji ka mahaul hai #intraday mein, 47933 pe strong buying dekhi",2026-09-05 11:42:31.721559+00:00,7,1,1,['intraday'],['user_a9000c'],intraday,2026-09-05 19:16:04.313286+00:00,[],2026-09-05
options_owl|2026-09-04T20:49:20.229569+00:00|Profit booking seen in #nifty50 near 496,options_owl,"Profit booking seen in #nifty50 near 49602, caution advised #stockmarket #trading",2026-09-04 20:49:20.229569+00:00,12,1,0,['nifty50'],['user_91c502'],nifty50,2026-09-05 19:16:04.273398+00:00,[],2026-09-04
"riskmanager_99|2026-09-05T06:26:46.781940+00:00|Market crash ho sakta hai, 49407 ka supp",riskmanager_99,"Market crash ho sakta hai, 49407 ka support toot gaya, bearish on #sensex Thoughts? Reliance also in focus.",2026-09-05 06:26:46.781940+00:00,9,1,0,['sensex'],[],sensex,2026-09-05 19:16:04.294361+00:00,[],2026-09-05
"MarketMaverick|2026-09-05T03:12:46.559459+00:00|FIIs buying heavily today, #banknifty co",MarketMaverick,"FIIs buying heavily today, #banknifty could test 22025 by expiry Let's see how it closes.",2026-09-05 03:12:46.559459+00:00,1,0,0,['banknifty'],[],banknifty,2026-09-05 19:16:04.298952+00:00,[],2026-09-05
"bull_on_dalal_st|2026-09-05T05:40:20.754729+00:00|Mixed signals on #sensex today, 50098 ac-dup",bull_on_dalal_st,"Mixed signals on #sensex today, 50098 acting as a pivot NFA. Bajaj Finance also in focus.",2026-09-05 05:40:20.754729+00:00,1,0,0,['sensex'],[],sensex,2026-09-05 19:16:04.314322+00:00,[],2026-09-05
"banknifty_baba|2026-09-04T22:57:33.438716+00:00|आज #intraday में भारी गिरावट, 21769 का स",banknifty_baba,"आज #intraday में भारी गिरावट, 21769 का सपोर्ट टूटा Budget session ahead, stay alert.",2026-09-04 22:57:33.438716+00:00,15,4,1,['intraday'],['user_3c6c20'],intraday,2026-09-05 19:16:04.302500+00:00,[],2026-09-04
"banknifty_baba|2026-09-05T06:37:32.365085+00:00|बाजार में तेजी है, 23490 के ऊपर खरीदारी ",banknifty_baba,"बाजार में तेजी है, 23490 के ऊपर खरीदारी का मौका #sensex DYOR.",2026-09-05 06:37:32.365085+00:00,10,1,0,['sensex'],[],sensex,2026-09-05 19:16:04.273080+00:00,[],2026-09-05
"chartwizard|2026-09-04T23:32:55.873213+00:00|Global markets weak overnight, #banknift",chartwizard,"Global markets weak overnight, #banknifty may gap down below 50307 NFA.",2026-09-04 23:32:55.873213+00:00,12,1,0,['banknifty'],[],banknifty,2026-09-05 19:16:04.258145+00:00,[],2026-09-04
banknifty_baba|2026-09-05T07:25:45.892097+00:00|Positional buy initiated on #nifty50 abo,banknifty_baba,"Positional buy initiated on #nifty50 above 47790, SL below 48090 DYOR.",2026-09-05 07:25:45.892097+00:00,0,0,0,['nifty50'],['user_edbe9c'],nifty50,2026-09-05 19:16:04.258752+00:00,[],2026-09-05
"niftyguru|2026-09-04T20:05:15.436386+00:00|#banknifty breaking down below 22770, ex",niftyguru,"#banknifty breaking down below 22770, expecting further downside to 22620 #stockmarket #trading",2026-09-04 20:05:15.436386+00:00,14,1,1,['banknifty'],[],banknifty,2026-09-05 19:16:04.256129+00:00,[],2026-09-04
"niftyguru|2026-09-05T14:03:02.142224+00:00|मंदी का माहौल है बाज़ार में, 48366 से नी",niftyguru,"मंदी का माहौल है बाज़ार में, 48366 से नीचे बिकवाली तेज #sensex Keep an eye on FII/DII data.",2026-09-05 14:03:02.142224+00:00,8,0,0,['sensex'],[],sensex,2026-09-05 19:16:04.259783+00:00,[],2026-09-05
"dalalstreet_diary|2026-09-05T01:30:52.854700+00:00|आज #nifty50 में जबरदस्त तेजी, 50980 का स",dalalstreet_diary,"आज #nifty50 में जबरदस्त तेजी, 50980 का स्तर पार Thoughts?",2026-09-05 01:30:52.854700+00:00,3,0,0,['nifty50'],[],nifty50,2026-09-05 19:16:04.268707+00:00,[],2026-09-05
"chartwizard|2026-09-05T15:48:54.402708+00:00|Global markets weak overnight, #intraday",chartwizard,"Global markets weak overnight, #intraday may gap down below 47931 DYOR.",2026-09-05 15:48:54.402708+00:00,7,1,1,['intraday'],[],intraday,2026-09-05 19:16:04.255342+00:00,[],2026-09-05
"sensex_scalper|2026-09-05T10:18:38.974387+00:00|आज #sensex में जबरदस्त तेजी, 21759 का स्",sensex_scalper,"आज #sensex में जबरदस्त तेजी, 21759 का स्तर पार",2026-09-05 10:18:38.974387+00:00,6,0,0,"['sensex', 'nifty50']",[],sensex,2026-09-05 19:16:04.254826+00:00,[],2026-09-05
"riskmanager_99|2026-09-05T04:46:07.434301+00:00|आज #nifty50 में भारी गिरावट, 22893 का सप",riskmanager_99,"आज #nifty50 में भारी गिरावट, 22893 का सपोर्ट टूटा NFA.",2026-09-05 04:46:07.434301+00:00,5,1,0,['nifty50'],[],nifty50,2026-09-05 19:16:04.252018+00:00,[],2026-09-05
quant_priya|2026-09-05T15:55:02.021287+00:00|#intraday range-bound between 22827 and ,quant_priya,"#intraday range-bound between 22827 and 23277 today, waiting for a clear direction Let's see how it closes.",2026-09-05 15:55:02.021287+00:00,12,3,2,['intraday'],[],intraday,2026-09-05 19:16:04.312911+00:00,[],2026-09-05
riskmanager_99|2026-09-05T18:07:33.677320+00:00|Profit booking seen in #intraday near 48,riskmanager_99,"Profit booking seen in #intraday near 48102, caution advised Kya lagta hai aap logo ka?",2026-09-05 18:07:33.677320+00:00,3,0,0,"['intraday', 'sensex']",[],intraday,2026-09-05 19:16:04.283848+00:00,[],2026-09-05
"algo_anil|2026-09-05T16:24:56.412037+00:00|आज #sensex में जबरदस्त तेजी, 49609 का स्",algo_anil,"आज #sensex में जबरदस्त तेजी, 49609 का स्तर पार Options data suggests the same.",2026-09-05 16:24:56.412037+00:00,1,0,0,['sensex'],[],sensex,2026-09-05 19:16:04.300873+00:00,[],2026-09-05
"sensex_scalper|2026-09-05T05:37:59.726826+00:00|Tejji ka mahaul hai #banknifty mein, 228",sensex_scalper,"Tejji ka mahaul hai #banknifty mein, 22832 pe strong buying dekhi Kya lagta hai aap logo ka?",2026-09-05 05:37:59.726826+00:00,2,0,0,['banknifty'],[],banknifty,2026-09-05 19:16:04.305111+00:00,[],2026-09-05
"sensex_scalper|2026-09-04T20:33:36.655097+00:00|Mixed signals on #nifty50 today, 49647 a",sensex_scalper,"Mixed signals on #nifty50 today, 49647 acting as a pivot #optionstrading #dalalstreet",2026-09-04 20:33:36.655097+00:00,15,3,2,['nifty50'],[],nifty50,2026-09-05 19:16:04.292211+00:00,[],2026-09-04
options_owl|2026-09-05T17:47:16.863292+00:00|#sensex range-bound between 23258 and 23,options_owl,"#sensex range-bound between 23258 and 23108 today, waiting for a clear direction Thoughts?",2026-09-05 17:47:16.863292+00:00,2,0,0,['sensex'],[],sensex,2026-09-05 19:16:04.267744+00:00,[],2026-09-05
"bull_on_dalal_st|2026-09-05T00:16:57.221162+00:00|Sideways action continues on #banknifty,-dup",bull_on_dalal_st,"Sideways action continues on #banknifty, 49026-49176 range holding",2026-09-05 00:16:57.221162+00:00,15,1,0,['banknifty'],[],banknifty,2026-09-05 19:16:04.314437+00:00,[],2026-09-05
"quant_priya|2026-09-05T06:29:27.919381+00:00|Low volume day for #banknifty, market aw",quant_priya,"Low volume day for #banknifty, market awaiting 22883 confirmation #optionstrading #dalalstreet",2026-09-05 06:29:27.919381+00:00,14,2,2,['banknifty'],[],banknifty,2026-09-05 19:16:04.304862+00:00,[],2026-09-05
"MarketMaverick|2026-09-05T18:48:20.622972+00:00|Gap up opening expected for #sensex, 221",MarketMaverick,"Gap up opening expected for #sensex, 22187 is the level to watch Keep an eye on FII/DII data.",2026-09-05 18:48:20.622972+00:00,4,0,0,"['sensex', 'nifty50']",[],sensex,2026-09-05 19:16:04.272696+00:00,[],2026-09-05
"niftyguru|2026-09-04T22:09:10.459958+00:00|Sell on rise strategy for #banknifty, re",niftyguru,"Sell on rise strategy for #banknifty, resistance at 49362 not breaking NFA.",2026-09-04 22:09:10.459958+00:00,11,2,0,['banknifty'],[],banknifty,2026-09-05 19:16:04.310358+00:00,[],2026-09-04
"bull_on_dalal_st|2026-09-05T11:32:02.459332+00:00|FIIs buying heavily today, #sensex could",bull_on_dalal_st,"FIIs buying heavily today, #sensex could test 22431 by expiry #stockmarket #trading",2026-09-05 11:32:02.459332+00:00,6,1,0,['sensex'],[],sensex,2026-09-05 19:16:04.269493+00:00,[],2026-09-05
options_owl|2026-09-04T23:38:01.487261+00:00|Positional buy initiated on #intraday ab-dup,options_owl,"Positional buy initiated on #intraday above 22310, SL below 22160 NFA.",2026-09-04 23:38:01.487261+00:00,2,0,0,['intraday'],[],intraday,2026-09-05 19:16:04.314121+00:00,[],2026-09-04
"MarketMaverick|2026-09-05T05:45:42.867382+00:00|#nifty50 breaking down below 49803, expe",MarketMaverick,"#nifty50 breaking down below 49803, expecting further downside to 49183 DYOR.",2026-09-05 05:45:42.867382+00:00,1,0,0,"['nifty50', 'intraday']",[],nifty50,2026-09-05 19:16:04.299135+00:00,[],2026-09-05
"sensex_scalper|2026-09-05T05:03:25.015901+00:00|Gap up opening expected for #nifty50, 49",sensex_scalper,"Gap up opening expected for #nifty50, 49114 is the level to watch Thoughts?",2026-09-05 05:03:25.015901+00:00,14,1,1,['nifty50'],[],nifty50,2026-09-05 19:16:04.254042+00:00,[],2026-09-05
"bull_on_dalal_st|2026-09-05T11:57:25.136038+00:00|आज #sensex में भारी गिरावट, 47702 का सपो",bull_on_dalal_st,"आज #sensex में भारी गिरावट, 47702 का सपोर्ट टूटा",2026-09-05 11:57:25.136038+00:00,14,2,0,['sensex'],[],sensex,2026-09-05 19:16:04.287360+00:00,[],2026-09-05
MarketMaverick|2026-09-05T16:51:35.346083+00:00|Profit booking seen in #banknifty near 5,MarketMaverick,"Profit booking seen in #banknifty near 50221, caution advised Budget session ahead, stay alert.",2026-09-05 16:51:35.346083+00:00,9,0,0,['banknifty'],[],banknifty,2026-09-05 19:16:04.276851+00:00,[],2026-09-05
"MarketMaverick|2026-09-05T14:22:27.769753+00:00|Market crash ho sakta hai, 23438 ka supp",MarketMaverick,"Market crash ho sakta hai, 23438 ka support toot gaya, bearish on #sensex Thoughts?",2026-09-05 14:22:27.769753+00:00,3,0,0,['sensex'],[],sensex,2026-09-05 19:16:04.276879+00:00,[],2026-09-05
"trader_raj|2026-09-05T01:26:53.827481+00:00|FIIs buying heavily today, #intraday cou",trader_raj,"FIIs buying heavily today, #intraday could test 23363 by expiry Infosys also in focus.",2026-09-05 01:26:53.827481+00:00,7,0,0,['intraday'],[],intraday,2026-09-05 19:16:04.260715+00:00,[],2026-09-05
dalalstreet_diary|2026-09-04T23:48:57.531402+00:00|Positional buy initiated on #nifty50 abo,dalalstreet_diary,"Positional buy initiated on #nifty50 above 49023, SL below 48573 NFA.",2026-09-04 23:48:57.531402+00:00,15,3,1,['nifty50'],[],nifty50,2026-09-05 19:16:04.312568+00:00,[],2026-09-04
"dalalstreet_diary|2026-09-04T20:44:50.888102+00:00|Market crash ho sakta hai, 47733 ka supp",dalalstreet_diary,"Market crash ho sakta hai, 47733 ka support toot gaya, bearish on #intraday #stockmarket #trading",2026-09-04 20:44:50.888102+00:00,5,0,0,['intraday'],[],intraday,2026-09-05 19:16:04.259511+00:00,[],2026-09-04
"niftyguru|2026-09-05T06:31:06.095316+00:00|Buy the dip on 22484, 22184 target for s",niftyguru,"Buy the dip on 22484, 22184 target for swing trade #banknifty $NIFTY DYOR. Bajaj Finance also in focus.",2026-09-05 06:31:06.095316+00:00,5,0,0,"['banknifty', 'sensex']",[],banknifty,2026-09-05 19:16:04.291291+00:00,['NIFTY'],2026-09-05
"niftyguru|2026-09-05T03:56:26.869111+00:00|#sensex breaking down below 21911, expec",niftyguru,"#sensex breaking down below 21911, expecting further downside to 22061",2026-09-05 03:56:26.869111+00:00,15,0,0,['sensex'],[],sensex,2026-09-05 19:16:04.293064+00:00,[],2026-09-05
quant_priya|2026-09-05T13:07:07.466961+00:00|Positional buy initiated on #nifty50 abo,quant_priya,"Positional buy initiated on #nifty50 above 47706, SL below 47556 #stockmarket #trading",2026-09-05 13:07:07.466961+00:00,8,0,1,"['nifty50', 'sensex']",[],nifty50,2026-09-05 19:16:04.262787+00:00,[],2026-09-05
niftyguru|2026-09-05T08:29:23.821908+00:00|Positional buy initiated on #nifty50 abo,niftyguru,"Positional buy initiated on #nifty50 above 48717, SL below 48267 #optionstrading #dalalstreet",2026-09-05 08:29:23.821908+00:00,12,1,0,['nifty50'],['user_8755f2'],nifty50,2026-09-05 19:16:04.266025+00:00,[],2026-09-05
"swing_trader_in|2026-09-04T19:53:41.458374+00:00|Buy the dip on 23438, 24058 target for s",swing_trader_in,"Buy the dip on 23438, 24058 target for swing trade #sensex $NIFTY Options data suggests the same.",2026-09-04 19:53:41.458374+00:00,1,0,0,"['sensex', 'intraday']",[],sensex,2026-09-05 19:16:04.255277+00:00,['NIFTY'],2026-09-04
"options_owl|2026-09-04T20:23:29.992978+00:00|Gap up opening expected for #sensex, 220",options_owl,"Gap up opening expected for #sensex, 22059 is the level to watch NFA.",2026-09-04 20:23:29.992978+00:00,1,0,0,"['sensex', 'banknifty']",[],sensex,2026-09-05 19:16:04.298485+00:00,[],2026-09-04
"bull_on_dalal_st|2026-09-05T06:39:23.392092+00:00|Panic selling in #sensex, 47562 breakdow",bull_on_dalal_st,"Panic selling in #sensex, 47562 breakdown confirmed, stop loss hit Thoughts? Reliance also in focus.",2026-09-05 06:39:23.392092+00:00,11,1,0,"['sensex', 'banknifty']",[],sensex,2026-09-05 19:16:04.257401+00:00,[],2026-09-05
"swing_trader_in|2026-09-05T11:49:14.037150+00:00|FIIs selling continuously, #intraday wea",swing_trader_in,"FIIs selling continuously, #intraday weak below 48490 #optionstrading #dalalstreet",2026-09-05 11:49:14.037150+00:00,1,0,0,"['intraday', 'banknifty']",[],intraday,2026-09-05 19:16:04.313043+00:00,[],2026-09-05
banknifty_baba|2026-09-04T23:40:33.007420+00:00|Positional buy initiated on #banknifty a,banknifty_baba,"Positional buy initiated on #banknifty above 22710, SL below 22560 #stockmarket #trading",2026-09-04 23:40:33.007420+00:00,3,0,0,"['banknifty', 'intraday']",[],banknifty,2026-09-05 19:16:04.269384+00:00,[],2026-09-04
sensex_scalper|2026-09-05T02:30:48.497662+00:00|Positional buy initiated on #nifty50 abo,sensex_scalper,"Positional buy initiated on #nifty50 above 22457, SL below 21837 #optionstrading #dalalstreet ICICI Bank also in focus.",2026-09-05 02:30:48.497662+00:00,14,2,0,['nifty50'],[],nifty50,2026-09-05 19:16:04.292503+00:00,[],2026-09-05
intraday_ishaan|2026-09-05T11:50:12.692375+00:00|Profit booking seen in #nifty50 near 216,intraday_ishaan,"Profit booking seen in #nifty50 near 21612, caution advised",2026-09-05 11:50:12.692375+00:00,9,2,0,"['nifty50', 'banknifty']",['user_728aba'],nifty50,2026-09-05 19:16:04.272422+00:00,[],2026-09-05
"the_bear_desk|2026-09-05T03:18:01.701197+00:00|मंदी का माहौल है बाज़ार में, 50594 से नी",the_bear_desk,"मंदी का माहौल है बाज़ार में, 50594 से नीचे बिकवाली तेज #sensex Keep an eye on FII/DII data. HDFC Bank also in focus.",2026-09-05 03:18:01.701197+00:00,14,2,1,['sensex'],[],sensex,2026-09-05 19:16:04.294329+00:00,[],2026-09-05
"trader_raj|2026-09-05T01:19:24.875621+00:00|#sensex forming lower lows, 22089 suppor",trader_raj,"#sensex forming lower lows, 22089 support gone, next target 22889",2026-09-05 01:19:24.875621+00:00,7,1,0,['sensex'],[],sensex,2026-09-05 19:16:04.279234+00:00,[],2026-09-05
"niftyguru|2026-09-05T15:50:40.018021+00:00|#intraday consolidating near 50946, need",niftyguru,"#intraday consolidating near 50946, need a breakout either side Kya lagta hai aap logo ka?",2026-09-05 15:50:40.018021+00:00,10,0,1,['intraday'],[],intraday,2026-09-05 19:16:04.288141+00:00,[],2026-09-05
"trader_raj|2026-09-04T20:59:41.115401+00:00|Sensex rally continues, 22137 support ho",trader_raj,"Sensex rally continues, 22137 support holding well. Long positions looking good #sensex DYOR.",2026-09-04 20:59:41.115401+00:00,13,1,0,['sensex'],[],sensex,2026-09-05 19:16:04.277004+00:00,[],2026-09-04
intraday_ishaan|2026-09-05T02:31:59.562010+00:00|Short positions added on #sensex below 2,intraday_ishaan,"Short positions added on #sensex below 22555, target 23355 Thoughts?",2026-09-05 02:31:59.562010+00:00,3,0,0,['sensex'],[],sensex,2026-09-05 19:16:04.286574+00:00,[],2026-09-05
"dalalstreet_diary|2026-09-05T08:51:26.591716+00:00|Sell on rise strategy for #banknifty, re",dalalstreet_diary,"Sell on rise strategy for #banknifty, resistance at 47978 not breaking Budget session ahead, stay alert.",2026-09-05 08:51:26.591716+00:00,8,1,0,"['banknifty', 'nifty50']",[],banknifty,2026-09-05 19:16:04.255120+00:00,[],2026-09-05
trader_raj|2026-09-05T03:27:32.814685+00:00|Profit booking seen in #intraday near 48,trader_raj,"Profit booking seen in #intraday near 48337, caution advised Budget session ahead, stay alert.",2026-09-05 03:27:32.814685+00:00,10,1,0,"['intraday', 'nifty50']",[],intraday,2026-09-05 19:16:04.262969+00:00,[],2026-09-05
"MarketMaverick|2026-09-05T00:47:30.715655+00:00|Global markets weak overnight, #intraday",MarketMaverick,"Global markets weak overnight, #intraday may gap down below 22031 Volume bhi zyada hai aaj.",2026-09-05 00:47:30.715655+00:00,7,0,1,['intraday'],[],intraday,2026-09-05 19:16:04.274590+00:00,[],2026-09-05
"riskmanager_99|2026-09-05T11:55:42.495092+00:00|Buy the dip on 21874, 21254 target for s",riskmanager_99,"Buy the dip on 21874, 21254 target for swing trade #intraday $NIFTY DYOR.",2026-09-05 11:55:42.495092+00:00,0,0,0,"['intraday', 'nifty50']",[],intraday,2026-09-05 19:16:04.252929+00:00,['NIFTY'],2026-09-05
"bull_on_dalal_st|2026-09-05T18:36:54.662295+00:00|Low volume day for #intraday, market awa",bull_on_dalal_st,"Low volume day for #intraday, market awaiting 22072 confirmation NFA. HDFC Bank also in focus.",2026-09-05 18:36:54.662295+00:00,1,0,0,"['intraday', 'sensex']",[],intraday,2026-09-05 19:16:04.307457+00:00,[],2026-09-05
"swing_trader_in|2026-09-05T16:03:44.450887+00:00|आज #banknifty में जबरदस्त तेजी, 23326 का",swing_trader_in,"आज #banknifty में जबरदस्त तेजी, 23326 का स्तर पार",2026-09-05 16:03:44.450887+00:00,15,4,2,['banknifty'],[],banknifty,2026-09-05 19:16:04.302660+00:00,[],2026-09-05
chartwizard|2026-09-05T11:19:12.864694+00:00|Nifty ne resistance todi! bullish moment,chartwizard,"Nifty ne resistance todi! bullish momentum building, 49717 ke upar accumulate karo #nifty50 Volume bhi zyada hai aaj.",2026-09-05 11:19:12.864694+00:00,15,2,1,"['nifty50', 'sensex']",[],nifty50,2026-09-05 19:16:04.297240+00:00,[],2026-09-05
"riskmanager_99|2026-09-05T00:34:52.966843+00:00|#sensex looking strong today, breakout a",riskmanager_99,"#sensex looking strong today, breakout above 47708, target 48508",2026-09-05 00:34:52.966843+00:00,1,0,0,['sensex'],['user_1a3187'],sensex,2026-09-05 19:16:04.304456+00:00,[],2026-09-05
riskmanager_99|2026-09-05T15:51:17.411854+00:00|Positional buy initiated on #intraday ab,riskmanager_99,"Positional buy initiated on #intraday above 47913, SL below 47293 Thoughts? ITC also in focus.",2026-09-05 15:51:17.411854+00:00,14,0,2,['intraday'],[],intraday,2026-09-05 19:16:04.274364+00:00,[],2026-09-05
"the_bear_desk|2026-09-05T11:12:39.577303+00:00|Buy the dip on 22059, 22509 target for s",the_bear_desk,"Buy the dip on 22059, 22509 target for swing trade #sensex $NIFTY DYOR. Infosys also in focus.",2026-09-05 11:12:39.577303+00:00,12,1,2,['sensex'],[],sensex,2026-09-05 19:16:04.277612+00:00,['NIFTY'],2026-09-05
"dalalstreet_diary|2026-09-04T21:07:21.764791+00:00|Buy the dip on 48287, 47987 target for s",dalalstreet_diary,"Buy the dip on 48287, 47987 target for swing trade #banknifty $NIFTY #stockmarket #trading",2026-09-04 21:07:21.764791+00:00,1,0,0,"['banknifty', 'sensex']",[],banknifty,2026-09-05 19:16:04.272731+00:00,['NIFTY'],2026-09-04
"chartwizard|2026-09-05T11:47:46.790465+00:00|Market crash ho sakta hai, 23420 ka supp",chartwizard,"Market crash ho sakta hai, 23420 ka support toot gaya, bearish on #sensex RBI policy day today. SBI also in focus.",2026-09-05 11:47:46.790465+00:00,1,0,0,['sensex'],[],sensex,2026-09-05 19:16:04.305813+00:00,[],2026-09-05
"riskmanager_99|2026-09-05T12:09:23.400589+00:00|Global cues supportive, #sensex likely t",riskmanager_99,"Global cues supportive, #sensex likely to open above 48746 tomorrow",2026-09-05 12:09:23.400589+00:00,15,1,1,['sensex'],[],sensex,2026-09-05 19:16:04.253152+00:00,[],2026-09-05
"options_owl|2026-09-05T15:58:13.017347+00:00|Global cues supportive, #intraday likely",options_owl,"Global cues supportive, #intraday likely to open above 21786 tomorrow RBI policy day today.",2026-09-05 15:58:13.017347+00:00,14,2,0,['intraday'],[],intraday,2026-09-05 19:16:04.301907+00:00,[],2026-09-05
dalalstreet_diary|2026-09-04T22:53:47.058587+00:00|Profit booking seen in #banknifty near 4,dalalstreet_diary,"Profit booking seen in #banknifty near 49432, caution advised NFA.",2026-09-04 22:53:47.058587+00:00,14,3,2,['banknifty'],[],banknifty,2026-09-05 19:16:04.289656+00:00,[],2026-09-04
"sensex_scalper|2026-09-05T02:25:55.593404+00:00|Sensex rally continues, 23104 support ho",sensex_scalper,"Sensex rally continues, 23104 support holding well. Long positions looking good #nifty50 RBI policy day today.",2026-09-05 02:25:55.593404+00:00,1,0,0,['nifty50'],[],nifty50,2026-09-05 19:16:04.264500+00:00,[],2026-09-05
"bull_on_dalal_st|2026-09-05T15:00:48.340786+00:00|Global cues supportive, #intraday likely",bull_on_dalal_st,"Global cues supportive, #intraday likely to open above 23320 tomorrow NFA.",2026-09-05 15:00:48.340786+00:00,3,0,0,['intraday'],[],intraday,2026-09-05 19:16:04.303843+00:00,[],2026-09-05
"MarketMaverick|2026-09-04T21:47:00.832700+00:00|Low volume day for #banknifty, market aw",MarketMaverick,"Low volume day for #banknifty, market awaiting 21643 confirmation Options data suggests the same. Reliance also in focus.",2026-09-04 21:47:00.832700+00:00,6,1,1,"['banknifty', 'intraday']",[],banknifty,2026-09-05 19:16:04.300890+00:00,[],2026-09-04
"intraday_ishaan|2026-09-05T00:29:32.046624+00:00|#banknifty consolidating near 21841, nee",intraday_ishaan,"#banknifty consolidating near 21841, need a breakout either side RBI policy day today.",2026-09-05 00:29:32.046624+00:00,10,2,1,['banknifty'],[],banknifty,2026-09-05 19:16:04.283509+00:00,[],2026-09-05
"sensex_scalper|2026-09-04T21:43:45.548409+00:00|Low volume day for #nifty50, market awai",sensex_scalper,"Low volume day for #nifty50, market awaiting 22624 confirmation Thoughts?",2026-09-04 21:43:45.548409+00:00,7,1,0,"['nifty50', 'nifty50']",[],nifty50,2026-09-05 19:16:04.303044+00:00,[],2026-09-04
"swing_trader_in|2026-09-05T15:26:17.145083+00:00|FIIs selling continuously, #banknifty we",swing_trader_in,"FIIs selling continuously, #banknifty weak below 48957 Keep an eye on FII/DII data. TCS also in focus.",2026-09-05 15:26:17.145083+00:00,2,0,0,['banknifty'],[],banknifty,2026-09-05 19:16:04.308264+00:00,[],2026-09-05
"the_bear_desk|2026-09-05T16:33:21.420288+00:00|#intraday consolidating near 22891, need",the_bear_desk,"#intraday consolidating near 22891, need a breakout either side RBI policy day today.",2026-09-05 16:33:21.420288+00:00,11,0,0,"['intraday', 'banknifty']",[],intraday,2026-09-05 19:16:04.304428+00:00,[],2026-09-05
"chartwizard|2026-09-05T04:24:26.085460+00:00|Gap up opening expected for #nifty50, 23",chartwizard,"Gap up opening expected for #nifty50, 23385 is the level to watch",2026-09-05 04:24:26.085460+00:00,13,3,1,['nifty50'],[],nifty50,2026-09-05 19:16:04.274514+00:00,[],2026-09-05
"intraday_ishaan|2026-09-05T11:18:18.327445+00:00|मंदी का माहौल है बाज़ार में, 22160 से नी",intraday_ishaan,"मंदी का माहौल है बाज़ार में, 22160 से नीचे बिकवाली तेज #nifty50 Options data suggests the same.",2026-09-05 11:18:18.327445+00:00,13,1,2,['nifty50'],[],nifty50,2026-09-05 19:16:04.306076+00:00,[],2026-09-05
"trader_raj|2026-09-05T05:39:06.842535+00:00|Buy the dip on 50696, 50996 target for s",trader_raj,"Buy the dip on 50696, 50996 target for swing trade #intraday $NIFTY NFA. HDFC Bank also in focus.",2026-09-05 05:39:06.842535+00:00,1,0,0,['intraday'],[],intraday,2026-09-05 19:16:04.272141+00:00,['NIFTY'],2026-09-05
"sensex_scalper|2026-09-05T08:52:46.293994+00:00|Panic selling in #banknifty, 23049 break",sensex_scalper,"Panic selling in #banknifty, 23049 breakdown confirmed, stop loss hit",2026-09-05 08:52:46.293994+00:00,10,1,1,['banknifty'],[],banknifty,2026-09-05 19:16:04.283174+00:00,[],2026-09-05
"dalalstreet_diary|2026-09-04T22:40:51.615606+00:00|Global markets weak overnight, #intraday",dalalstreet_diary,"Global markets weak overnight, #intraday may gap down below 22021 Keep an eye on FII/DII data.",2026-09-04 22:40:51.615606+00:00,2,0,0,['intraday'],[],intraday,2026-09-05 19:16:04.260686+00:00,[],2026-09-04
bull_on_dalal_st|2026-09-05T09:46:56.491069+00:00|Nifty ne resistance todi! bullish moment,bull_on_dalal_st,"Nifty ne resistance todi! bullish momentum building, 22169 ke upar accumulate karo #intraday #optionstrading #dalalstreet",2026-09-05 09:46:56.491069+00:00,1,0,0,['intraday'],[],intraday,2026-09-05 19:16:04.260209+00:00,[],2026-09-05
"dalalstreet_diary|2026-09-05T15:48:43.591248+00:00|बाजार में तेजी है, 49026 के ऊपर खरीदारी ",dalalstreet_diary,"बाजार में तेजी है, 49026 के ऊपर खरीदारी का मौका #nifty50",2026-09-05 15:48:43.591248+00:00,4,0,0,['nifty50'],[],nifty50,2026-09-05 19:16:04.286239+00:00,[],2026-09-05
"swing_trader_in|2026-09-05T09:52:23.212425+00:00|Low volume day for #nifty50, market awai",swing_trader_in,"Low volume day for #nifty50, market awaiting 50357 confirmation DYOR.",2026-09-05 09:52:23.212425+00:00,8,1,1,['nifty50'],[],nifty50,2026-09-05 19:16:04.263528+00:00,[],2026-09-05
"chartwizard|2026-09-05T02:05:54.625292+00:00|Global markets weak overnight, #nifty50 ",chartwizard,"Global markets weak overnight, #nifty50 may gap down below 48193 NFA.",2026-09-05 02:05:54.625292+00:00,10,2,1,['nifty50'],[],nifty50,2026-09-05 19:16:04.286542+00:00,[],2026-09-05
"trader_raj|2026-09-05T14:57:14.542221+00:00|Low volume day for #banknifty, market aw",trader_raj,"Low volume day for #banknifty, market awaiting 23144 confirmation Options data suggests the same.",2026-09-05 14:57:14.542221+00:00,8,0,1,['banknifty'],[],banknifty,2026-09-05 19:16:04.293743+00:00,[],2026-09-05
"niftyguru|2026-09-05T18:22:04.416902+00:00|Panic selling in #sensex, 49103 breakdow",niftyguru,"Panic selling in #sensex, 49103 breakdown confirmed, stop loss hit Keep an eye on FII/DII data.",2026-09-05 18:22:04.416902+00:00,5,0,0,"['sensex', 'nifty50']",['user_1c148c'],sensex,2026-09-05 19:16:04.254273+00:00,[],2026-09-05
"chartwizard|2026-09-05T08:23:15.168938+00:00|आज #banknifty में जबरदस्त तेजी, 49112 का",chartwizard,"आज #banknifty में जबरदस्त तेजी, 49112 का स्तर पार",2026-09-05 08:23:15.168938+00:00,14,0,0,['banknifty'],[],banknifty,2026-09-05 19:16:04.284689+00:00,[],2026-09-05
"options_owl|2026-09-05T07:02:45.728241+00:00|Sell on rise strategy for #intraday, res",options_owl,"Sell on rise strategy for #intraday, resistance at 21992 not breaking Volume bhi zyada hai aaj.",2026-09-05 07:02:45.728241+00:00,1,0,0,['intraday'],[],intraday,2026-09-05 19:16:04.298417+00:00,[],2026-09-05
"niftyguru|2026-09-05T08:53:05.302637+00:00|#banknifty showing higher highs, 23368 b",niftyguru,"#banknifty showing higher highs, 23368 broken with volume, next stop 23818",2026-09-05 08:53:05.302637+00:00,6,1,0,['banknifty'],[],banknifty,2026-09-05 19:16:04.262506+00:00,[],2026-09-05
"niftyguru|2026-09-05T04:04:46.037781+00:00|बाजार में तेजी है, 47823 के ऊपर खरीदारी ",niftyguru,"बाजार में तेजी है, 47823 के ऊपर खरीदारी का मौका #nifty50 Keep an eye on FII/DII data.",2026-09-05 04:04:46.037781+00:00,14,3,2,['nifty50'],['user_d2a537'],nifty50,2026-09-05 19:16:04.299529+00:00,[],2026-09-05
"niftyguru|2026-09-05T03:04:53.671346+00:00|#sensex forming lower lows, 21852 suppor",niftyguru,"#sensex forming lower lows, 21852 support gone, next target 21552 Let's see how it closes.",2026-09-05 03:04:53.671346+00:00,1,0,0,['sensex'],[],sensex,2026-09-05 19:16:04.257514+00:00,[],2026-09-05
"options_owl|2026-09-05T14:27:53.548954+00:00|Watching #sensex closely, no clear trend",options_owl,"Watching #sensex closely, no clear trend yet. What's everyone's view on 50630? Options data suggests the same.",2026-09-05 14:27:53.548954+00:00,3,0,0,['sensex'],[],sensex,2026-09-05 19:16:04.309274+00:00,[],2026-09-05
"MarketMaverick|2026-09-05T09:36:56.646963+00:00|#banknifty forming lower lows, 23410 sup",MarketMaverick,"#banknifty forming lower lows, 23410 support gone, next target 23710",2026-09-05 09:36:56.646963+00:00,9,1,1,"['banknifty', 'sensex']",[],banknifty,2026-09-05 19:16:04.267874+00:00,[],2026-09-05
"options_owl|2026-09-04T23:08:41.757294+00:00|Global cues supportive, #banknifty likel",options_owl,"Global cues supportive, #banknifty likely to open above 22701 tomorrow #stockmarket #trading",2026-09-04 23:08:41.757294+00:00,10,1,0,"['banknifty', 'nifty50']",[],banknifty,2026-09-05 19:16:04.300587+00:00,[],2026-09-04
"options_owl|2026-09-05T05:22:43.654282+00:00|Mixed signals on #intraday today, 50825 ",options_owl,"Mixed signals on #intraday today, 50825 acting as a pivot #optionstrading #dalalstreet",2026-09-05 05:22:43.654282+00:00,2,0,0,['intraday'],[],intraday,2026-09-05 19:16:04.253233+00:00,[],2026-09-05
"riskmanager_99|2026-09-05T14:31:34.060626+00:00|#nifty50 consolidating near 23165, need ",riskmanager_99,"#nifty50 consolidating near 23165, need a breakout either side RBI policy day today.",2026-09-05 14:31:34.060626+00:00,12,2,2,['nifty50'],[],nifty50,2026-09-05 19:16:04.295613+00:00,[],2026-09-05
"sensex_scalper|2026-09-05T14:56:20.865168+00:00|#banknifty consolidating near 21742, nee",sensex_scalper,"#banknifty consolidating near 21742, need a breakout either side",2026-09-05 14:56:20.865168+00:00,13,1,1,['banknifty'],[],banknifty,2026-09-05 19:16:04.291101+00:00,[],2026-09-05
quant_priya|2026-09-05T02:05:25.365497+00:00|#banknifty range-bound between 49086 and,quant_priya,"#banknifty range-bound between 49086 and 49386 today, waiting for a clear direction",2026-09-05 02:05:25.365497+00:00,7,1,0,"['banknifty', 'sensex']",['user_b29f5a'],banknifty,2026-09-05 19:16:04.272483+00:00,[],2026-09-05
"dalalstreet_diary|2026-09-05T17:57:44.543460+00:00|Panic selling in #nifty50, 50924 breakdo",dalalstreet_diary,"Panic selling in #nifty50, 50924 breakdown confirmed, stop loss hit",2026-09-05 17:57:44.543460+00:00,11,2,0,['nifty50'],[],nifty50,2026-09-05 19:16:04.300003+00:00,[],2026-09-05
"trader_raj|2026-09-05T11:52:14.482097+00:00|Market crash ho sakta hai, 49813 ka supp",trader_raj,"Market crash ho sakta hai, 49813 ka support toot gaya, bearish on #banknifty NFA.",2026-09-05 11:52:14.482097+00:00,2,0,0,['banknifty'],[],banknifty,2026-09-05 19:16:04.311188+00:00,[],2026-09-05
niftyguru|2026-09-05T13:14:14.077597+00:00|Nifty ne resistance todi! bullish moment,niftyguru,"Nifty ne resistance todi! bullish momentum building, 22362 ke upar accumulate karo #nifty50 RBI policy day today.",2026-09-05 13:14:14.077597+00:00,7,1,1,['nifty50'],['user_a75bac'],nifty50,2026-09-05 19:16:04.253682+00:00,[],2026-09-05
"algo_anil|2026-09-05T06:53:16.098235+00:00|#intraday forming lower lows, 49062 supp",algo_anil,"#intraday forming lower lows, 49062 support gone, next target 48442 Thoughts?",2026-09-05 06:53:16.098235+00:00,4,0,0,"['intraday', 'sensex']",[],intraday,2026-09-05 19:16:04.255580+00:00,[],2026-09-05
"options_owl|2026-09-04T23:17:31.263847+00:00|Sell on rise strategy for #nifty50, resi",options_owl,"Sell on rise strategy for #nifty50, resistance at 50322 not breaking NFA.",2026-09-04 23:17:31.263847+00:00,1,0,0,"['nifty50', 'banknifty']",[],nifty50,2026-09-05 19:16:04.264172+00:00,[],2026-09-04
"quant_priya|2026-09-05T10:09:33.121096+00:00|Sensex rally continues, 22644 support ho",quant_priya,"Sensex rally continues, 22644 support holding well. Long positions looking good #sensex",2026-09-05 10:09:33.121096+00:00,15,3,0,['sensex'],[],sensex,2026-09-05 19:16:04.273035+00:00,[],2026-09-05
"sensex_scalper|2026-09-05T18:19:58.520391+00:00|#nifty50 consolidating near 48391, need ",sensex_scalper,"#nifty50 consolidating near 48391, need a breakout either side DYOR.",2026-09-05 18:19:58.520391+00:00,3,0,0,['nifty50'],[],nifty50,2026-09-05 19:16:04.289252+00:00,[],2026-09-05
"swing_trader_in|2026-09-05T12:05:19.014432+00:00|आज #intraday में भारी गिरावट, 23007 का स",swing_trader_in,"आज #intraday में भारी गिरावट, 23007 का सपोर्ट टूटा Thoughts?",2026-09-05 12:05:19.014432+00:00,5,0,0,"['intraday', 'sensex']",[],intraday,2026-09-05 19:16:04.270557+00:00,[],2026-09-05
"quant_priya|2026-09-05T00:57:36.262345+00:00|Global cues supportive, #sensex likely t",quant_priya,"Global cues supportive, #sensex likely to open above 21634 tomorrow DYOR.",2026-09-05 00:57:36.262345+00:00,1,0,0,"['sensex', 'intraday']",[],sensex,2026-09-05 19:16:04.299641+00:00,[],2026-09-05
"algo_anil|2026-09-05T01:48:28.247232+00:00|Buy the dip on 22505, 22205 target for s",algo_anil,"Buy the dip on 22505, 22205 target for swing trade #banknifty $NIFTY",2026-09-05 01:48:28.247232+00:00,4,0,0,['banknifty'],[],banknifty,2026-09-05 19:16:04.282944+00:00,['NIFTY'],2026-09-05
the_bear_desk|2026-09-05T19:10:36.572501+00:00|Profit booking seen in #sensex near 2170,the_bear_desk,"Profit booking seen in #sensex near 21706, caution advised Budget session ahead, stay alert.",2026-09-05 19:10:36.572501+00:00,8,1,0,"['sensex', 'banknifty']",[],sensex,2026-09-05 19:16:04.261334+00:00,[],2026-09-05
"niftyguru|2026-09-05T07:04:09.489754+00:00|#nifty50 looking strong today, breakout ",niftyguru,"#nifty50 looking strong today, breakout above 23059, target 23359 DYOR.",2026-09-05 07:04:09.489754+00:00,6,1,0,['nifty50'],[],nifty50,2026-09-05 19:16:04.280486+00:00,[],2026-09-05
"trader_raj|2026-09-05T10:21:05.731941+00:00|Gap up opening expected for #intraday, 2",trader_raj,"Gap up opening expected for #intraday, 21844 is the level to watch Thoughts?",2026-09-05 10:21:05.731941+00:00,2,0,0,['intraday'],[],intraday,2026-09-05 19:16:04.287678+00:00,[],2026-09-05
"niftyguru|2026-09-05T15:19:01.678695+00:00|#nifty50 looking strong today, breakout ",niftyguru,"#nifty50 looking strong today, breakout above 22479, target 22929 Volume bhi zyada hai aaj.",2026-09-05 15:19:01.678695+00:00,1,0,0,['nifty50'],[],nifty50,2026-09-05 19:16:04.306457+00:00,[],2026-09-05
swing_trader_in|2026-09-05T04:40:48.470331+00:00|Positional buy initiated on #sensex abov,swing_trader_in,"Positional buy initiated on #sensex above 50692, SL below 50842 DYOR.",2026-09-05 04:40:48.470331+00:00,13,2,1,"['sensex', 'nifty50']",[],sensex,2026-09-05 19:16:04.297882+00:00,[],2026-09-05
"dalalstreet_diary|2026-09-05T12:52:12.728173+00:00|#banknifty looking strong today, breakou",dalalstreet_diary,"#banknifty looking strong today, breakout above 48709, target 49159 NFA.",2026-09-05 12:52:12.728173+00:00,4,1,0,['banknifty'],[],banknifty,2026-09-05 19:16:04.257647+00:00,[],2026-09-05
intraday_ishaan|2026-09-05T09:29:02.078277+00:00|Short positions added on #banknifty belo,intraday_ishaan,"Short positions added on #banknifty below 48996, target 48546 Let's see how it closes. HDFC Bank also in focus.",2026-09-05 09:29:02.078277+00:00,5,0,0,['banknifty'],[],banknifty,2026-09-05 19:16:04.270229+00:00,[],2026-09-05
trader_raj|2026-09-05T08:12:32.893761+00:00|Profit booking seen in #sensex near 5006,trader_raj,"Profit booking seen in #sensex near 50069, caution advised Thoughts?",2026-09-05 08:12:32.893761+00:00,12,2,2,['sensex'],[],sensex,2026-09-05 19:16:04.258246+00:00,[],2026-09-05
"banknifty_baba|2026-09-05T02:48:14.113001+00:00|#nifty50 forming lower lows, 50692 suppo",banknifty_baba,"#nifty50 forming lower lows, 50692 support gone, next target 51492 Keep an eye on FII/DII data.",2026-09-05 02:48:14.113001+00:00,0,0,0,['nifty50'],['user_111a98'],nifty50,2026-09-05 19:16:04.264783+00:00,[],2026-09-05
riskmanager_99|2026-09-04T23:05:51.878185+00:00|Nifty ne resistance todi! bullish moment,riskmanager_99,"Nifty ne resistance todi! bullish momentum building, 22709 ke upar accumulate karo #nifty50 Volume bhi zyada hai aaj.",2026-09-04 23:05:51.878185+00:00,2,0,0,['nifty50'],[],nifty50,2026-09-05 19:16:04.282730+00:00,[],2026-09-04
"MarketMaverick|2026-09-05T05:48:06.659158+00:00|#banknifty looking strong today, breakou",MarketMaverick,"#banknifty looking strong today, breakout above 48889, target 49339",2026-09-05 05:48:06.659158+00:00,5,0,0,"['banknifty', 'sensex']",[],banknifty,2026-09-05 19:16:04.282743+00:00,[],2026-09-05
"MarketMaverick|2026-09-05T07:31:52.015890+00:00|Sell on rise strategy for #nifty50, resi",MarketMaverick,"Sell on rise strategy for #nifty50, resistance at 49574 not breaking Budget session ahead, stay alert.",2026-09-05 07:31:52.015890+00:00,7,1,0,"['nifty50', 'sensex']",[],nifty50,2026-09-05 19:16:04.278190+00:00,[],2026-09-05
"sensex_scalper|2026-09-05T00:42:05.664569+00:00|आज #sensex में जबरदस्त तेजी, 22305 का स्",sensex_scalper,"आज #sensex में जबरदस्त तेजी, 22305 का स्तर पार #optionstrading #dalalstreet",2026-09-05 00:42:05.664569+00:00,10,0,1,['sensex'],[],sensex,2026-09-05 19:16:04.253462+00:00,[],2026-09-05
algo_anil|2026-09-05T03:20:46.123623+00:00|Short positions added on #intraday below,algo_anil,"Short positions added on #intraday below 48018, target 47568",2026-09-05 03:20:46.123623+00:00,1,0,0,['intraday'],[],intraday,2026-09-05 19:16:04.265943+00:00,[],2026-09-05
"the_bear_desk|2026-09-05T15:07:57.200250+00:00|#nifty50 forming lower lows, 48716 suppo",the_bear_desk,"#nifty50 forming lower lows, 48716 support gone, next target 49166 DYOR.",2026-09-05 15:07:57.200250+00:00,0,0,0,['nifty50'],[],nifty50,2026-09-05 19:16:04.256694+00:00,[],2026-09-05
"banknifty_baba|2026-09-05T13:29:43.730235+00:00|Sensex rally continues, 50913 support ho",banknifty_baba,"Sensex rally continues, 50913 support holding well. Long positions looking good #sensex Volume bhi zyada hai aaj.",2026-09-05 13:29:43.730235+00:00,6,1,0,"['sensex', 'sensex']",[],sensex,2026-09-05 19:16:04.295192+00:00,[],2026-09-05
"chartwizard|2026-09-05T01:35:41.612451+00:00|Global markets weak overnight, #sensex m",chartwizard,"Global markets weak overnight, #sensex may gap down below 22953 Kya lagta hai aap logo ka?",2026-09-05 01:35:41.612451+00:00,13,3,0,['sensex'],[],sensex,2026-09-05 19:16:04.266087+00:00,[],2026-09-05
"trader_raj|2026-09-04T20:38:30.475979+00:00|आज #nifty50 में जबरदस्त तेजी, 22413 का स",trader_raj,"आज #nifty50 में जबरदस्त तेजी, 22413 का स्तर पार",2026-09-04 20:38:30.475979+00:00,9,2,0,['nifty50'],[],nifty50,2026-09-05 19:16:04.296730+00:00,[],2026-09-04
"options_owl|2026-09-05T05:59:13.535807+00:00|Low volume day for #intraday, market awa",options_owl,"Low volume day for #intraday, market awaiting 22971 confirmation RBI policy day today.",2026-09-05 05:59:13.535807+00:00,8,1,1,['intraday'],[],intraday,2026-09-05 19:16:04.273759+00:00,[],2026-09-05
"banknifty_baba|2026-09-05T04:14:18.608825+00:00|Mixed signals on #intraday today, 49001 ",banknifty_baba,"Mixed signals on #intraday today, 49001 acting as a pivot #stockmarket #trading",2026-09-05 04:14:18.608825+00:00,1,0,0,['intraday'],[],intraday,2026-09-05 19:16:04.305900+00:00,[],2026-09-05
"the_bear_desk|2026-09-05T13:33:22.149108+00:00|Sideways action continues on #nifty50, 4",the_bear_desk,"Sideways action continues on #nifty50, 49907-50207 range holding",2026-09-05 13:33:22.149108+00:00,7,0,0,['nifty50'],[],nifty50,2026-09-05 19:16:04.280194+00:00,[],2026-09-05
options_owl|2026-09-05T01:59:48.124178+00:00|Positional buy initiated on #nifty50 abo,options_owl,"Positional buy initiated on #nifty50 above 49489, SL below 49939 Budget session ahead, stay alert.",2026-09-05 01:59:48.124178+00:00,0,0,0,['nifty50'],['user_8c960e'],nifty50,2026-09-05 19:16:04.270619+00:00,[],2026-09-05
"swing_trader_in|2026-09-04T20:37:54.571084+00:00|Tejji ka mahaul hai #intraday mein, 5036",swing_trader_in,"Tejji ka mahaul hai #intraday mein, 50365 pe strong buying dekhi Options data suggests the same.",2026-09-04 20:37:54.571084+00:00,12,3,2,['intraday'],[],intraday,2026-09-05 19:16:04.271725+00:00,[],2026-09-04
"riskmanager_99|2026-09-05T00:01:55.437384+00:00|Global markets weak overnight, #nifty50 ",riskmanager_99,"Global markets weak overnight, #nifty50 may gap down below 50281 Budget session ahead, stay alert.",2026-09-05 00:01:55.437384+00:00,10,1,1,['nifty50'],[],nifty50,2026-09-05 19:16:04.280382+00:00,[],2026-09-05
chartwizard|2026-09-05T11:40:03.209156+00:00|#sensex range-bound between 47603 and 46,chartwizard,"#sensex range-bound between 47603 and 46983 today, waiting for a clear direction #stockmarket #trading",2026-09-05 11:40:03.209156+00:00,11,1,0,['sensex'],[],sensex,2026-09-05 19:16:04.303824+00:00,[],2026-09-05
"riskmanager_99|2026-09-05T12:25:36.015225+00:00|Global cues supportive, #intraday likely",riskmanager_99,"Global cues supportive, #intraday likely to open above 50089 tomorrow #optionstrading #dalalstreet",2026-09-05 12:25:36.015225+00:00,1,0,0,['intraday'],[],intraday,2026-09-05 19:16:04.265929+00:00,[],2026-09-05
intraday_ishaan|2026-09-04T22:04:31.791049+00:00|Positional buy initiated on #sensex abov-dup,intraday_ishaan,"Positional buy initiated on #sensex above 50476, SL below 50326 Kya lagta hai aap logo ka?",2026-09-04 22:04:31.791049+00:00,7,1,0,['sensex'],[],sensex,2026-09-05 19:16:04.313779+00:00,[],2026-09-04
"bull_on_dalal_st|2026-09-05T05:04:20.828368+00:00|#banknifty forming lower lows, 50072 sup",bull_on_dalal_st,"#banknifty forming lower lows, 50072 support gone, next target 50872 #optionstrading #dalalstreet",2026-09-05 05:04:20.828368+00:00,9,1,1,['banknifty'],['user_2f74ab'],banknifty,2026-09-05 19:16:04.304062+00:00,[],2026-09-05
intraday_ishaan|2026-09-05T14:48:27.596704+00:00|#banknifty range-bound between 48320 and,intraday_ishaan,"#banknifty range-bound between 48320 and 49120 today, waiting for a clear direction",2026-09-05 14:48:27.596704+00:00,1,0,0,['banknifty'],[],banknifty,2026-09-05 19:16:04.268033+00:00,[],2026-09-05
"MarketMaverick|2026-09-05T17:57:35.168713+00:00|Watching #sensex closely, no clear trend",MarketMaverick,"Watching #sensex closely, no clear trend yet. What's everyone's view on 21688? #stockmarket #trading",2026-09-05 17:57:35.168713+00:00,1,0,0,['sensex'],[],sensex,2026-09-05 19:16:04.264712+00:00,[],2026-09-05
dalalstreet_diary|2026-09-05T09:32:08.706321+00:00|Profit booking seen in #intraday near 22,dalalstreet_diary,"Profit booking seen in #intraday near 22610, caution advised Thoughts?",2026-09-05 09:32:08.706321+00:00,10,1,0,['intraday'],[],intraday,2026-09-05 19:16:04.270881+00:00,[],2026-09-05
chartwizard|2026-09-05T05:53:32.622414+00:00|Profit booking seen in #banknifty near 2,chartwizard,"Profit booking seen in #banknifty near 22185, caution advised Kya lagta hai aap logo ka?",2026-09-05 05:53:32.622414+00:00,3,0,0,"['banknifty', 'banknifty']",[],banknifty,2026-09-05 19:16:04.313024+00:00,[],2026-09-05
"options_owl|2026-09-05T12:46:58.952422+00:00|Global markets weak overnight, #sensex m",options_owl,"Global markets weak overnight, #sensex may gap down below 23296 Let's see how it closes.",2026-09-05 12:46:58.952422+00:00,5,1,0,['sensex'],['user_a2faf4'],sensex,2026-09-05 19:16:04.297054+00:00,[],2026-09-05
"dalalstreet_diary|2026-09-05T18:29:32.647612+00:00|बाजार में तेजी है, 47968 के ऊपर खरीदारी ",dalalstreet_diary,"बाजार में तेजी है, 47968 के ऊपर खरीदारी का मौका #banknifty RBI policy day today. Tata Motors also in focus.",2026-09-05 18:29:32.647612+00:00,10,2,0,['banknifty'],[],banknifty,2026-09-05 19:16:04.262822+00:00,[],2026-09-05
"quant_priya|2026-09-04T23:52:47.826440+00:00|Low volume day for #intraday, market awa",quant_priya,"Low volume day for #intraday, market awaiting 50271 confirmation NFA.",2026-09-04 23:52:47.826440+00:00,4,0,0,['intraday'],[],intraday,2026-09-05 19:16:04.297692+00:00,[],2026-09-04
"quant_priya|2026-09-05T17:43:12.690345+00:00|Global markets weak overnight, #sensex m",quant_priya,"Global markets weak overnight, #sensex may gap down below 22690 #optionstrading #dalalstreet Reliance also in focus.",2026-09-05 17:43:12.690345+00:00,1,0,0,"['sensex', 'banknifty']",[],sensex,2026-09-05 19:16:04.282275+00:00,[],2026-09-05
"quant_priya|2026-09-05T16:24:09.827275+00:00|Global cues supportive, #intraday likely",quant_priya,"Global cues supportive, #intraday likely to open above 50333 tomorrow",2026-09-05 16:24:09.827275+00:00,3,0,0,['intraday'],[],intraday,2026-09-05 19:16:04.283548+00:00,[],2026-09-05
"dalalstreet_diary|2026-09-05T16:49:14.268734+00:00|बाजार में तेजी है, 48800 के ऊपर खरीदारी ",dalalstreet_diary,"बाजार में तेजी है, 48800 के ऊपर खरीदारी का मौका #intraday #optionstrading #dalalstreet",2026-09-05 16:49:14.268734+00:00,2,0,0,['intraday'],[],intraday,2026-09-05 19:16:04.282080+00:00,[],2026-09-05
"options_owl|2026-09-05T12:42:46.789125+00:00|मंदी का माहौल है बाज़ार में, 49577 से नी",options_owl,"मंदी का माहौल है बाज़ार में, 49577 से नीचे बिकवाली तेज #nifty50",2026-09-05 12:42:46.789125+00:00,0,0,0,"['nifty50', 'nifty50']",[],nifty50,2026-09-05 19:16:04.305308+00:00,[],2026-09-05
"sensex_scalper|2026-09-05T13:51:50.989454+00:00|Low volume day for #nifty50, market awai",sensex_scalper,"Low volume day for #nifty50, market awaiting 49068 confirmation Volume bhi zyada hai aaj.",2026-09-05 13:51:50.989454+00:00,2,0,0,['nifty50'],['user_13dbde'],nifty50,2026-09-05 19:16:04.293087+00:00,[],2026-09-05
intraday_ishaan|2026-09-04T21:44:18.565720+00:00|Nifty ne resistance todi! bullish moment,intraday_ishaan,"Nifty ne resistance todi! bullish momentum building, 49530 ke upar accumulate karo #banknifty Thoughts? Bajaj Finance also in focus.",2026-09-04 21:44:18.565720+00:00,1,0,0,"['banknifty', 'nifty50']",[],banknifty,2026-09-05 19:16:04.261735+00:00,[],2026-09-04
"options_owl|2026-09-04T21:03:15.243380+00:00|Mixed signals on #intraday today, 49590 ",options_owl,"Mixed signals on #intraday today, 49590 acting as a pivot Kya lagta hai aap logo ka?",2026-09-04 21:03:15.243380+00:00,9,1,1,['intraday'],[],intraday,2026-09-05 19:16:04.272015+00:00,[],2026-09-04
MarketMaverick|2026-09-05T03:47:03.411635+00:00|Positional buy initiated on #nifty50 abo,MarketMaverick,"Positional buy initiated on #nifty50 above 23070, SL below 23690 NFA.",2026-09-05 03:47:03.411635+00:00,2,0,0,['nifty50'],[],nifty50,2026-09-05 19:16:04.271882+00:00,[],2026-09-05
"quant_priya|2026-09-05T11:29:54.485096+00:00|Mixed signals on #sensex today, 47701 ac",quant_priya,"Mixed signals on #sensex today, 47701 acting as a pivot RBI policy day today.",2026-09-05 11:29:54.485096+00:00,2,0,0,"['sensex', 'nifty50']",[],sensex,2026-09-05 19:16:04.305098+00:00,[],2026-09-05
"chartwizard|2026-09-04T21:30:06.163895+00:00|Low volume day for #banknifty, market aw",chartwizard,"Low volume day for #banknifty, market awaiting 22331 confirmation DYOR.",2026-09-04 21:30:06.163895+00:00,5,1,0,"['banknifty', 'nifty50']",[],banknifty,2026-09-05 19:16:04.270081+00:00,[],2026-09-04
"banknifty_baba|2026-09-05T08:38:31.614098+00:00|Watching #intraday closely, no clear tre",banknifty_baba,"Watching #intraday closely, no clear trend yet. What's everyone's view on 23325? #stockmarket #trading",2026-09-05 08:38:31.614098+00:00,12,1,1,['intraday'],['user_05fb4d'],intraday,2026-09-05 19:16:04.258345+00:00,[],2026-09-05
"options_owl|2026-09-05T01:11:22.023864+00:00|Mixed signals on #sensex today, 48285 ac",options_owl,"Mixed signals on #sensex today, 48285 acting as a pivot NFA.",2026-09-05 01:11:22.023864+00:00,4,0,0,['sensex'],[],sensex,2026-09-05 19:16:04.305248+00:00,[],2026-09-05
"niftyguru|2026-09-05T04:07:04.622101+00:00|Sell on rise strategy for #nifty50, resi",niftyguru,"Sell on rise strategy for #nifty50, resistance at 21968 not breaking Keep an eye on FII/DII data.",2026-09-05 04:07:04.622101+00:00,11,2,0,['nifty50'],[],nifty50,2026-09-05 19:16:04.291242+00:00,[],2026-09-05
"swing_trader_in|2026-09-05T08:11:51.186073+00:00|Sensex rally continues, 50683 support ho",swing_trader_in,"Sensex rally continues, 50683 support holding well. Long positions looking good #nifty50",2026-09-05 08:11:51.186073+00:00,5,0,0,['nifty50'],[],nifty50,2026-09-05 19:16:04.267559+00:00,[],2026-09-05
chartwizard|2026-09-05T14:16:13.491292+00:00|Short positions added on #banknifty belo,chartwizard,"Short positions added on #banknifty below 22547, target 22397 Volume bhi zyada hai aaj.",2026-09-05 14:16:13.491292+00:00,11,2,1,['banknifty'],[],banknifty,2026-09-05 19:16:04.256003+00:00,[],2026-09-05
intraday_ishaan|2026-09-05T12:42:51.660809+00:00|#nifty50 range-bound between 48883 and 4,intraday_ishaan,"#nifty50 range-bound between 48883 and 49333 today, waiting for a clear direction #optionstrading #dalalstreet",2026-09-05 12:42:51.660809+00:00,5,0,0,"['nifty50', 'intraday']",[],nifty50,2026-09-05 19:16:04.308622+00:00,[],2026-09-05
"chartwizard|2026-09-05T02:46:30.327224+00:00|Panic selling in #sensex, 23459 breakdow",chartwizard,"Panic selling in #sensex, 23459 breakdown confirmed, stop loss hit Thoughts?",2026-09-05 02:46:30.327224+00:00,12,2,1,['sensex'],[],sensex,2026-09-05 19:16:04.307817+00:00,[],2026-09-05
"sensex_scalper|2026-09-05T10:44:03.140027+00:00|FIIs selling continuously, #nifty50 weak",sensex_scalper,"FIIs selling continuously, #nifty50 weak below 48074 Let's see how it closes. HDFC Bank also in focus.",2026-09-05 10:44:03.140027+00:00,19,2,1,['nifty50'],[],nifty50,2026-09-05 19:16:04.257730+00:00,[],2026-09-05
"chartwizard|2026-09-05T02:35:08.115583+00:00|Sensex rally continues, 23013 support ho",chartwizard,"Sensex rally continues, 23013 support holding well. Long positions looking good #nifty50",2026-09-05 02:35:08.115583+00:00,3,0,0,['nifty50'],[],nifty50,2026-09-05 19:16:04.303800+00:00,[],2026-09-05
"banknifty_baba|2026-09-04T20:42:25.742303+00:00|Panic selling in #banknifty, 21523 break",banknifty_baba,"Panic selling in #banknifty, 21523 breakdown confirmed, stop loss hit #optionstrading #dalalstreet",2026-09-04 20:42:25.742303+00:00,5,1,0,['banknifty'],[],banknifty,2026-09-05 19:16:04.281982+00:00,[],2026-09-04
algo_anil|2026-09-05T15:14:17.244374+00:00|Profit booking seen in #sensex near 2348,algo_anil,"Profit booking seen in #sensex near 23489, caution advised RBI policy day today.",2026-09-05 15:14:17.244374+00:00,3,0,0,['sensex'],['user_df1cef'],sensex,2026-09-05 19:16:04.268940+00:00,[],2026-09-05
"MarketMaverick|2026-09-05T03:34:21.486121+00:00|FIIs selling continuously, #sensex weak ",MarketMaverick,"FIIs selling continuously, #sensex weak below 22998 Budget session ahead, stay alert.",2026-09-05 03:34:21.486121+00:00,0,0,0,['sensex'],[],sensex,2026-09-05 19:16:04.280132+00:00,[],2026-09-05
"intraday_ishaan|2026-09-05T17:46:54.367697+00:00|Sell on rise strategy for #intraday, res",intraday_ishaan,"Sell on rise strategy for #intraday, resistance at 21931 not breaking NFA.",2026-09-05 17:46:54.367697+00:00,7,1,1,['intraday'],[],intraday,2026-09-05 19:16:04.281996+00:00,[],2026-09-05
"niftyguru|2026-09-04T23:36:30.485330+00:00|Mixed signals on #banknifty today, 22456",niftyguru,"Mixed signals on #banknifty today, 22456 acting as a pivot #optionstrading #dalalstreet Bajaj Finance also in focus.",2026-09-04 23:36:30.485330+00:00,4,0,0,['banknifty'],[],banknifty,2026-09-05 19:16:04.263446+00:00,[],2026-09-04
"riskmanager_99|2026-09-05T13:11:08.389965+00:00|Global markets weak overnight, #intraday",riskmanager_99,"Global markets weak overnight, #intraday may gap down below 23178",2026-09-05 13:11:08.389965+00:00,0,0,0,['intraday'],[],intraday,2026-09-05 19:16:04.302820+00:00,[],2026-09-05
the_bear_desk|2026-09-05T06:08:27.871997+00:00|Profit booking seen in #intraday near 49,the_bear_desk,"Profit booking seen in #intraday near 49623, caution advised Budget session ahead, stay alert. SBI also in focus.",2026-09-05 06:08:27.871997+00:00,7,1,0,['intraday'],['user_110f94'],intraday,2026-09-05 19:16:04.274547+00:00,[],2026-09-05
"banknifty_baba|2026-09-05T16:50:26.751636+00:00|Gap up opening expected for #intraday, 2",banknifty_baba,"Gap up opening expected for #intraday, 23461 is the level to watch Options data suggests the same.",2026-09-05 16:50:26.751636+00:00,0,0,0,['intraday'],[],intraday,2026-09-05 19:16:04.275022+00:00,[],2026-09-05
"the_bear_desk|2026-09-05T17:51:18.857213+00:00|आज #banknifty में जबरदस्त तेजी, 21669 का",the_bear_desk,"आज #banknifty में जबरदस्त तेजी, 21669 का स्तर पार Keep an eye on FII/DII data.",2026-09-05 17:51:18.857213+00:00,7,0,1,['banknifty'],[],banknifty,2026-09-05 19:16:04.268108+00:00,[],2026-09-05
"intraday_ishaan|2026-09-05T04:42:31.506758+00:00|आज #sensex में जबरदस्त तेजी, 48017 का स्",intraday_ishaan,"आज #sensex में जबरदस्त तेजी, 48017 का स्तर पार Keep an eye on FII/DII data.",2026-09-05 04:42:31.506758+00:00,13,3,0,['sensex'],[],sensex,2026-09-05 19:16:04.292176+00:00,[],2026-09-05
"intraday_ishaan|2026-09-05T05:23:48.349293+00:00|#nifty50 consolidating near 48305, need ",intraday_ishaan,"#nifty50 consolidating near 48305, need a breakout either side Options data suggests the same.",2026-09-05 05:23:48.349293+00:00,15,3,2,['nifty50'],[],nifty50,2026-09-05 19:16:04.284933+00:00,[],2026-09-05
"swing_trader_in|2026-09-05T08:35:46.978810+00:00|#nifty50 looking strong today, breakout ",swing_trader_in,"#nifty50 looking strong today, breakout above 23446, target 22996 Budget session ahead, stay alert.",2026-09-05 08:35:46.978810+00:00,7,0,0,['nifty50'],[],nifty50,2026-09-05 19:16:04.287251+00:00,[],2026-09-05
"dalalstreet_diary|2026-09-05T16:26:51.122871+00:00|#banknifty consolidating near 50731, nee",dalalstreet_diary,"#banknifty consolidating near 50731, need a breakout either side",2026-09-05 16:26:51.122871+00:00,1,0,0,['banknifty'],[],banknifty,2026-09-05 19:16:04.254349+00:00,[],2026-09-05
"banknifty_baba|2026-09-05T06:09:48.747828+00:00|Watching #banknifty closely, no clear tr",banknifty_baba,"Watching #banknifty closely, no clear trend yet. What's everyone's view on 22959? Keep an eye on FII/DII data.",2026-09-05 06:09:48.747828+00:00,14,2,2,"['banknifty', 'banknifty']",[],banknifty,2026-09-05 19:16:04.275035+00:00,[],2026-09-05
"banknifty_baba|2026-09-04T21:59:55.754930+00:00|FIIs buying heavily today, #banknifty co",banknifty_baba,"FIIs buying heavily today, #banknifty could test 23650 by expiry Options data suggests the same.",2026-09-04 21:59:55.754930+00:00,8,2,0,['banknifty'],[],banknifty,2026-09-05 19:16:04.274978+00:00,[],2026-09-04
"options_owl|2026-09-04T23:31:45.313358+00:00|Watching #banknifty closely, no clear tr",options_owl,"Watching #banknifty closely, no clear trend yet. What's everyone's view on 50318? Budget session ahead, stay alert.",2026-09-04 23:31:45.313358+00:00,6,1,0,['banknifty'],[],banknifty,2026-09-05 19:16:04.254753+00:00,[],2026-09-04
"riskmanager_99|2026-09-05T12:42:57.959608+00:00|Sideways action continues on #intraday, ",riskmanager_99,"Sideways action continues on #intraday, 22580-23200 range holding",2026-09-05 12:42:57.959608+00:00,6,0,0,['intraday'],[],intraday,2026-09-05 19:16:04.285303+00:00,[],2026-09-05
"chartwizard|2026-09-05T14:30:44.501339+00:00|#nifty50 breaking down below 49976, expe",chartwizard,"#nifty50 breaking down below 49976, expecting further downside to 50596",2026-09-05 14:30:44.501339+00:00,9,1,1,['nifty50'],[],nifty50,2026-09-05 19:16:04.295646+00:00,[],2026-09-05
MarketMaverick|2026-09-05T01:49:56.519084+00:00|Profit booking seen in #nifty50 near 218,MarketMaverick,"Profit booking seen in #nifty50 near 21810, caution advised #stockmarket #trading",2026-09-05 01:49:56.519084+00:00,13,2,1,['nifty50'],[],nifty50,2026-09-05 19:16:04.280008+00:00,[],2026-09-05
"dalalstreet_diary|2026-09-05T06:51:07.124516+00:00|Watching #sensex closely, no clear trend",dalalstreet_diary,"Watching #sensex closely, no clear trend yet. What's everyone's view on 49685?",2026-09-05 06:51:07.124516+00:00,14,2,1,['sensex'],[],sensex,2026-09-05 19:16:04.273254+00:00,[],2026-09-05
"options_owl|2026-09-05T17:02:08.427492+00:00|#nifty50 showing higher highs, 23390 bro",options_owl,"#nifty50 showing higher highs, 23390 broken with volume, next stop 23240 Budget session ahead, stay alert.",2026-09-05 17:02:08.427492+00:00,2,0,0,"['nifty50', 'intraday']",[],nifty50,2026-09-05 19:16:04.257906+00:00,[],2026-09-05
"dalalstreet_diary|2026-09-05T11:26:15.551715+00:00|Mixed signals on #intraday today, 22276 ",dalalstreet_diary,"Mixed signals on #intraday today, 22276 acting as a pivot RBI policy day today.",2026-09-05 11:26:15.551715+00:00,2,0,0,['intraday'],[],intraday,2026-09-05 19:16:04.262070+00:00,[],2026-09-05
"sensex_scalper|2026-09-05T08:35:26.886642+00:00|#nifty50 looking strong today, breakout ",sensex_scalper,"#nifty50 looking strong today, breakout above 22580, target 23030 DYOR.",2026-09-05 08:35:26.886642+00:00,12,1,1,"['nifty50', 'banknifty']",[],nifty50,2026-09-05 19:16:04.299902+00:00,[],2026-09-05
"sensex_scalper|2026-09-05T16:28:05.059035+00:00|Gap up opening expected for #sensex, 490",sensex_scalper,"Gap up opening expected for #sensex, 49004 is the level to watch Kya lagta hai aap logo ka?",2026-09-05 16:28:05.059035+00:00,3,0,0,"['sensex', 'nifty50']",[],sensex,2026-09-05 19:16:04.283218+00:00,[],2026-09-05
"the_bear_desk|2026-09-05T14:39:28.549771+00:00|FIIs selling continuously, #intraday wea-dup",the_bear_desk,"FIIs selling continuously, #intraday weak below 47549 Kya lagta hai aap logo ka?",2026-09-05 14:39:28.549771+00:00,12,1,2,['intraday'],[],intraday,2026-09-05 19:16:04.314942+00:00,[],2026-09-05
"sensex_scalper|2026-09-05T07:14:03.324769+00:00|#nifty50 consolidating near 50419, need ",sensex_scalper,"#nifty50 consolidating near 50419, need a breakout either side Options data suggests the same. TCS also in focus.",2026-09-05 07:14:03.324769+00:00,4,0,0,['nifty50'],['user_bf2c90'],nifty50,2026-09-05 19:16:04.266192+00:00,[],2026-09-05
"chartwizard|2026-09-05T09:16:19.538626+00:00|FIIs selling continuously, #intraday wea",chartwizard,"FIIs selling continuously, #intraday weak below 22981 RBI policy day today.",2026-09-05 09:16:19.538626+00:00,8,1,0,['intraday'],[],intraday,2026-09-05 19:16:04.270812+00:00,[],2026-09-05
algo_anil|2026-09-05T06:13:05.297613+00:00|Short positions added on #nifty50 below ,algo_anil,"Short positions added on #nifty50 below 22695, target 23315 #optionstrading #dalalstreet",2026-09-05 06:13:05.297613+00:00,1,0,0,"['nifty50', 'intraday']",[],nifty50,2026-09-05 19:16:04.296403+00:00,[],2026-09-05
"swing_trader_in|2026-09-05T02:37:04.423601+00:00|Buy the dip on 50944, 50794 target for s",swing_trader_in,"Buy the dip on 50944, 50794 target for swing trade #intraday $NIFTY Let's see how it closes.",2026-09-05 02:37:04.423601+00:00,7,1,0,"['intraday', 'sensex']",[],intraday,2026-09-05 19:16:04.291836+00:00,['NIFTY'],2026-09-05
"sensex_scalper|2026-09-05T07:18:33.765471+00:00|Low volume day for #nifty50, market awai",sensex_scalper,"Low volume day for #nifty50, market awaiting 22209 confirmation Thoughts? ITC also in focus.",2026-09-05 07:18:33.765471+00:00,8,0,0,['nifty50'],['user_00c500'],nifty50,2026-09-05 19:16:04.278736+00:00,[],2026-09-05
"riskmanager_99|2026-09-05T11:48:20.321344+00:00|मंदी का माहौल है बाज़ार में, 22463 से नी",riskmanager_99,"मंदी का माहौल है बाज़ार में, 22463 से नीचे बिकवाली तेज #sensex Thoughts?",2026-09-05 11:48:20.321344+00:00,1,0,0,['sensex'],['user_a6d38f'],sensex,2026-09-05 19:16:04.259410+00:00,[],2026-09-05
chartwizard|2026-09-05T15:55:13.655476+00:00|Short positions added on #banknifty belo,chartwizard,"Short positions added on #banknifty below 21521, target 21071 ICICI Bank also in focus.",2026-09-05 15:55:13.655476+00:00,6,1,0,['banknifty'],[],banknifty,2026-09-05 19:16:04.268604+00:00,[],2026-09-05
"intraday_ishaan|2026-09-05T01:01:48.248787+00:00|#nifty50 forming lower lows, 21720 suppo",intraday_ishaan,"#nifty50 forming lower lows, 21720 support gone, next target 22170",2026-09-05 01:01:48.248787+00:00,4,0,0,['nifty50'],[],nifty50,2026-09-05 19:16:04.289823+00:00,[],2026-09-05
banknifty_baba|2026-09-04T19:37:02.069657+00:00|Profit booking seen in #nifty50 near 230,banknifty_baba,"Profit booking seen in #nifty50 near 23044, caution advised Budget session ahead, stay alert. HDFC Bank also in focus.",2026-09-04 19:37:02.069657+00:00,9,1,1,['nifty50'],[],nifty50,2026-09-05 19:16:04.270385+00:00,[],2026-09-04
"riskmanager_99|2026-09-05T16:15:00.061127+00:00|Watching #banknifty closely, no clear tr",riskmanager_99,"Watching #banknifty closely, no clear trend yet. What's everyone's view on 23454?",2026-09-05 16:15:00.061127+00:00,5,0,0,"['banknifty', 'nifty50']",[],banknifty,2026-09-05 19:16:04.267266+00:00,[],2026-09-05
"niftyguru|2026-09-05T12:43:25.066268+00:00|Low volume day for #sensex, market await",niftyguru,"Low volume day for #sensex, market awaiting 48985 confirmation Kya lagta hai aap logo ka?",2026-09-05 12:43:25.066268+00:00,2,0,0,['sensex'],[],sensex,2026-09-05 19:16:04.275150+00:00,[],2026-09-05
"the_bear_desk|2026-09-05T15:25:36.752278+00:00|Global cues supportive, #sensex likely t",the_bear_desk,"Global cues supportive, #sensex likely to open above 48419 tomorrow NFA.",2026-09-05 15:25:36.752278+00:00,4,1,0,['sensex'],[],sensex,2026-09-05 19:16:04.295137+00:00,[],2026-09-05
"riskmanager_99|2026-09-05T16:03:45.759748+00:00|Gap up opening expected for #nifty50, 49",riskmanager_99,"Gap up opening expected for #nifty50, 49376 is the level to watch",2026-09-05 16:03:45.759748+00:00,12,1,2,['nifty50'],[],nifty50,2026-09-05 19:16:04.306227+00:00,[],2026-09-05
"dalalstreet_diary|2026-09-04T23:30:47.146704+00:00|Buy the dip on 21559, 22359 target for s",dalalstreet_diary,"Buy the dip on 21559, 22359 target for swing trade #nifty50 $NIFTY Let's see how it closes.",2026-09-04 23:30:47.146704+00:00,4,1,0,['nifty50'],[],nifty50,2026-09-05 19:16:04.267442+00:00,['NIFTY'],2026-09-04
"quant_priya|2026-09-05T04:33:52.733962+00:00|Panic selling in #nifty50, 47673 breakdo",quant_priya,"Panic selling in #nifty50, 47673 breakdown confirmed, stop loss hit Volume bhi zyada hai aaj.",2026-09-05 04:33:52.733962+00:00,12,2,0,['nifty50'],[],nifty50,2026-09-05 19:16:04.304145+00:00,[],2026-09-05
"options_owl|2026-09-05T06:32:44.590379+00:00|आज #nifty50 में जबरदस्त तेजी, 47507 का स",options_owl,"आज #nifty50 में जबरदस्त तेजी, 47507 का स्तर पार #optionstrading #dalalstreet",2026-09-05 06:32:44.590379+00:00,5,1,0,"['nifty50', 'sensex']",[],nifty50,2026-09-05 19:16:04.300086+00:00,[],2026-09-05
"options_owl|2026-09-05T11:00:51.924911+00:00|#nifty50 showing higher highs, 49681 bro",options_owl,"#nifty50 showing higher highs, 49681 broken with volume, next stop 49531 Budget session ahead, stay alert.",2026-09-05 11:00:51.924911+00:00,0,0,0,['nifty50'],[],nifty50,2026-09-05 19:16:04.264234+00:00,[],2026-09-05
swing_trader_in|2026-09-05T01:32:40.752581+00:00|Short positions added on #banknifty belo,swing_trader_in,"Short positions added on #banknifty below 48713, target 49333",2026-09-05 01:32:40.752581+00:00,13,2,1,['banknifty'],[],banknifty,2026-09-05 19:16:04.254504+00:00,[],2026-09-05
options_owl|2026-09-05T06:50:21.316304+00:00|Profit booking seen in #banknifty near 2,options_owl,"Profit booking seen in #banknifty near 22527, caution advised #stockmarket #trading",2026-09-05 06:50:21.316304+00:00,8,2,0,"['banknifty', 'nifty50']",[],banknifty,2026-09-05 19:16:04.283865+00:00,[],2026-09-05
"quant_priya|2026-09-05T08:21:57.213582+00:00|Mixed signals on #nifty50 today, 22183 a",quant_priya,"Mixed signals on #nifty50 today, 22183 acting as a pivot #optionstrading #dalalstreet",2026-09-05 08:21:57.213582+00:00,4,0,0,['nifty50'],[],nifty50,2026-09-05 19:16:04.289168+00:00,[],2026-09-05
"options_owl|2026-09-05T17:24:05.221328+00:00|FIIs buying heavily today, #banknifty co",options_owl,"FIIs buying heavily today, #banknifty could test 22666 by expiry",2026-09-05 17:24:05.221328+00:00,3,0,0,"['banknifty', 'sensex']",[],banknifty,2026-09-05 19:16:04.277317+00:00,[],2026-09-05
options_owl|2026-09-05T04:31:30.416157+00:00|Positional buy initiated on #intraday ab,options_owl,"Positional buy initiated on #intraday above 23237, SL below 23537 Options data suggests the same.",2026-09-05 04:31:30.416157+00:00,2,0,0,['intraday'],['user_78e9bf'],intraday,2026-09-05 19:16:04.311784+00:00,[],2026-09-05
"swing_trader_in|2026-09-05T01:56:45.776449+00:00|Sensex rally continues, 48327 support ho",swing_trader_in,"Sensex rally continues, 48327 support holding well. Long positions looking good #sensex RBI policy day today.",2026-09-05 01:56:45.776449+00:00,1,0,0,['sensex'],[],sensex,2026-09-05 19:16:04.260419+00:00,[],2026-09-05
dalalstreet_diary|2026-09-05T16:27:29.459438+00:00|Profit booking seen in #banknifty near 2,dalalstreet_diary,"Profit booking seen in #banknifty near 22337, caution advised DYOR.",2026-09-05 16:27:29.459438+00:00,11,1,0,['banknifty'],[],banknifty,2026-09-05 19:16:04.275944+00:00,[],2026-09-05
"MarketMaverick|2026-09-05T02:15:09.601846+00:00|Mixed signals on #intraday today, 21952 ",MarketMaverick,"Mixed signals on #intraday today, 21952 acting as a pivot NFA.",2026-09-05 02:15:09.601846+00:00,5,0,0,['intraday'],[],intraday,2026-09-05 19:16:04.292459+00:00,[],2026-09-05
"algo_anil|2026-09-05T01:10:06.658369+00:00|आज #intraday में भारी गिरावट, 22122 का स",algo_anil,"आज #intraday में भारी गिरावट, 22122 का सपोर्ट टूटा NFA.",2026-09-05 01:10:06.658369+00:00,14,1,1,['intraday'],[],intraday,2026-09-05 19:16:04.270798+00:00,[],2026-09-05
"niftyguru|2026-09-05T18:12:58.201366+00:00|Mixed signals on #intraday today, 21588 ",niftyguru,"Mixed signals on #intraday today, 21588 acting as a pivot Volume bhi zyada hai aaj.",2026-09-05 18:12:58.201366+00:00,4,0,0,['intraday'],[],intraday,2026-09-05 19:16:04.280891+00:00,[],2026-09-05
"niftyguru|2026-09-05T09:13:42.739502+00:00|मंदी का माहौल है बाज़ार में, 23186 से नी",niftyguru,"मंदी का माहौल है बाज़ार में, 23186 से नीचे बिकवाली तेज #sensex",2026-09-05 09:13:42.739502+00:00,11,1,1,['sensex'],[],sensex,2026-09-05 19:16:04.271345+00:00,[],2026-09-05
"algo_anil|2026-09-05T08:15:53.287285+00:00|Mixed signals on #sensex today, 47739 ac",algo_anil,"Mixed signals on #sensex today, 47739 acting as a pivot Keep an eye on FII/DII data.",2026-09-05 08:15:53.287285+00:00,3,0,0,['sensex'],[],sensex,2026-09-05 19:16:04.271438+00:00,[],2026-09-05
"chartwizard|2026-09-05T03:39:13.100499+00:00|#banknifty breaking down below 48776, ex",chartwizard,"#banknifty breaking down below 48776, expecting further downside to 48626 Let's see how it closes.",2026-09-05 03:39:13.100499+00:00,4,1,0,['banknifty'],[],banknifty,2026-09-05 19:16:04.269353+00:00,[],2026-09-05
"banknifty_baba|2026-09-05T00:34:35.816810+00:00|Gap up opening expected for #sensex, 482",banknifty_baba,"Gap up opening expected for #sensex, 48295 is the level to watch Options data suggests the same.",2026-09-05 00:34:35.816810+00:00,2,0,0,['sensex'],[],sensex,2026-09-05 19:16:04.270782+00:00,[],2026-09-05
"trader_raj|2026-09-05T08:23:11.023929+00:00|बाजार में तेजी है, 47776 के ऊपर खरीदारी ",trader_raj,"बाजार में तेजी है, 47776 के ऊपर खरीदारी का मौका #nifty50 #optionstrading #dalalstreet SBI also in focus.",2026-09-05 08:23:11.023929+00:00,11,1,2,"['nifty50', 'banknifty']",['user_13fcf9'],nifty50,2026-09-05 19:16:04.262212+00:00,[],2026-09-05
"quant_priya|2026-09-05T01:28:27.791887+00:00|Tejji ka mahaul hai #sensex mein, 49828 ",quant_priya,"Tejji ka mahaul hai #sensex mein, 49828 pe strong buying dekhi",2026-09-05 01:28:27.791887+00:00,9,0,1,"['sensex', 'sensex']",[],sensex,2026-09-05 19:16:04.307495+00:00,[],2026-09-05
"quant_priya|2026-09-05T09:32:55.474230+00:00|#intraday breaking down below 48129, exp",quant_priya,"#intraday breaking down below 48129, expecting further downside to 48279",2026-09-05 09:32:55.474230+00:00,7,1,0,['intraday'],[],intraday,2026-09-05 19:16:04.292398+00:00,[],2026-09-05
"riskmanager_99|2026-09-04T22:21:13.199715+00:00|बाजार में तेजी है, 48009 के ऊपर खरीदारी ",riskmanager_99,"बाजार में तेजी है, 48009 के ऊपर खरीदारी का मौका #banknifty Thoughts?",2026-09-04 22:21:13.199715+00:00,15,4,1,"['banknifty', 'sensex']",[],banknifty,2026-09-05 19:16:04.260505+00:00,[],2026-09-04
"quant_priya|2026-09-04T23:20:56.452275+00:00|आज #intraday में जबरदस्त तेजी, 48229 का ",quant_priya,"आज #intraday में जबरदस्त तेजी, 48229 का स्तर पार Thoughts? Reliance also in focus.",2026-09-04 23:20:56.452275+00:00,12,1,0,"['intraday', 'banknifty']",[],intraday,2026-09-05 19:16:04.289869+00:00,[],2026-09-04
"chartwizard|2026-09-05T03:43:13.462435+00:00|#nifty50 showing higher highs, 47844 bro",chartwizard,"#nifty50 showing higher highs, 47844 broken with volume, next stop 47994 Let's see how it closes.",2026-09-05 03:43:13.462435+00:00,13,1,2,['nifty50'],[],nifty50,2026-09-05 19:16:04.294840+00:00,[],2026-09-05
"trader_raj|2026-09-05T09:26:41.408041+00:00|#sensex forming lower lows, 50536 suppor",trader_raj,"#sensex forming lower lows, 50536 support gone, next target 50086 NFA.",2026-09-05 09:26:41.408041+00:00,2,0,0,"['sensex', 'nifty50']",[],sensex,2026-09-05 19:16:04.285258+00:00,[],2026-09-05
"bull_on_dalal_st|2026-09-05T16:03:17.854220+00:00|Mixed signals on #nifty50 today, 48066 a",bull_on_dalal_st,"Mixed signals on #nifty50 today, 48066 acting as a pivot #stockmarket #trading",2026-09-05 16:03:17.854220+00:00,8,1,0,['nifty50'],['user_986a6d'],nifty50,2026-09-05 19:16:04.259752+00:00,[],2026-09-05
riskmanager_99|2026-09-05T17:43:51.375712+00:00|#nifty50 range-bound between 22003 and 2,riskmanager_99,"#nifty50 range-bound between 22003 and 21853 today, waiting for a clear direction",2026-09-05 17:43:51.375712+00:00,8,0,1,['nifty50'],[],nifty50,2026-09-05 19:16:04.300306+00:00,[],2026-09-05
"riskmanager_99|2026-09-05T05:43:35.956868+00:00|Global markets weak overnight, #nifty50 ",riskmanager_99,"Global markets weak overnight, #nifty50 may gap down below 22779 Options data suggests the same.",2026-09-05 05:43:35.956868+00:00,3,0,0,['nifty50'],[],nifty50,2026-09-05 19:16:04.262177+00:00,[],2026-09-05
"algo_anil|2026-09-05T17:40:04.921093+00:00|आज #banknifty में भारी गिरावट, 48776 का ",algo_anil,"आज #banknifty में भारी गिरावट, 48776 का सपोर्ट टूटा Kya lagta hai aap logo ka?",2026-09-05 17:40:04.921093+00:00,4,0,0,"['banknifty', 'nifty50']",[],banknifty,2026-09-05 19:16:04.276120+00:00,[],2026-09-05
"chartwizard|2026-09-05T06:17:06.403457+00:00|Global cues supportive, #sensex likely t",chartwizard,"Global cues supportive, #sensex likely to open above 50950 tomorrow #optionstrading #dalalstreet",2026-09-05 06:17:06.403457+00:00,7,1,1,['sensex'],['user_da8a63'],sensex,2026-09-05 19:16:04.291196+00:00,[],2026-09-05
"quant_priya|2026-09-05T04:31:50.250460+00:00|बाजार में तेजी है, 22767 के ऊपर खरीदारी ",quant_priya,"बाजार में तेजी है, 22767 के ऊपर खरीदारी का मौका #intraday NFA.",2026-09-05 04:31:50.250460+00:00,11,2,1,"['intraday', 'sensex']",[],intraday,2026-09-05 19:16:04.312925+00:00,[],2026-09-05
"options_owl|2026-09-04T20:12:00.939919+00:00|Gap up opening expected for #banknifty, ",options_owl,"Gap up opening expected for #banknifty, 48588 is the level to watch #stockmarket #trading SBI also in focus.",2026-09-04 20:12:00.939919+00:00,3,0,0,['banknifty'],[],banknifty,2026-09-05 19:16:04.303412+00:00,[],2026-09-04
"sensex_scalper|2026-09-05T02:23:13.107576+00:00|Tejji ka mahaul hai #intraday mein, 2226",sensex_scalper,"Tejji ka mahaul hai #intraday mein, 22264 pe strong buying dekhi #optionstrading #dalalstreet",2026-09-05 02:23:13.107576+00:00,14,3,2,"['intraday', 'intraday']",[],intraday,2026-09-05 19:16:04.285239+00:00,[],2026-09-05
"banknifty_baba|2026-09-05T17:33:26.349177+00:00|#sensex looking strong today, breakout a",banknifty_baba,"#sensex looking strong today, breakout above 50992, target 50842 DYOR. HDFC Bank also in focus.",2026-09-05 17:33:26.349177+00:00,11,1,0,"['sensex', 'banknifty']",[],sensex,2026-09-05 19:16:04.262045+00:00,[],2026-09-05
"trader_raj|2026-09-05T03:45:30.832587+00:00|Sideways action continues on #intraday, ",trader_raj,"Sideways action continues on #intraday, 48393-48243 range holding DYOR. Bajaj Finance also in focus.",2026-09-05 03:45:30.832587+00:00,14,2,2,"['intraday', 'sensex']",[],intraday,2026-09-05 19:16:04.287196+00:00,[],2026-09-05
"riskmanager_99|2026-09-05T12:15:37.437355+00:00|Panic selling in #sensex, 50161 breakdow",riskmanager_99,"Panic selling in #sensex, 50161 breakdown confirmed, stop loss hit Keep an eye on FII/DII data.",2026-09-05 12:15:37.437355+00:00,12,0,2,['sensex'],[],sensex,2026-09-05 19:16:04.313198+00:00,[],2026-09-05
"bull_on_dalal_st|2026-09-05T07:45:02.649194+00:00|Sideways action continues on #intraday, ",bull_on_dalal_st,"Sideways action continues on #intraday, 22936-22786 range holding #stockmarket #trading",2026-09-05 07:45:02.649194+00:00,11,1,1,['intraday'],['user_00259b'],intraday,2026-09-05 19:16:04.307985+00:00,[],2026-09-05
"algo_anil|2026-09-05T14:36:58.231752+00:00|Sideways action continues on #sensex, 50",algo_anil,"Sideways action continues on #sensex, 50888-51508 range holding",2026-09-05 14:36:58.231752+00:00,5,0,0,"['sensex', 'intraday']",[],sensex,2026-09-05 19:16:04.279817+00:00,[],2026-09-05
"MarketMaverick|2026-09-05T03:06:43.606223+00:00|Mixed signals on #banknifty today, 50350",MarketMaverick,"Mixed signals on #banknifty today, 50350 acting as a pivot DYOR.",2026-09-05 03:06:43.606223+00:00,1,0,0,['banknifty'],[],banknifty,2026-09-05 19:16:04.295570+00:00,[],2026-09-05
algo_anil|2026-09-05T17:13:31.159986+00:00|Profit booking seen in #banknifty near 2,algo_anil,"Profit booking seen in #banknifty near 21947, caution advised",2026-09-05 17:13:31.159986+00:00,3,0,0,['banknifty'],[],banknifty,2026-09-05 19:16:04.274447+00:00,[],2026-09-05
"niftyguru|2026-09-05T04:25:27.352215+00:00|मंदी का माहौल है बाज़ार में, 22676 से नी",niftyguru,"मंदी का माहौल है बाज़ार में, 22676 से नीचे बिकवाली तेज #intraday",2026-09-05 04:25:27.352215+00:00,13,0,1,['intraday'],[],intraday,2026-09-05 19:16:04.311390+00:00,[],2026-09-05
"chartwizard|2026-09-05T06:04:50.665186+00:00|Tejji ka mahaul hai #banknifty mein, 229",chartwizard,"Tejji ka mahaul hai #banknifty mein, 22930 pe strong buying dekhi Options data suggests the same.",2026-09-05 06:04:50.665186+00:00,1,0,0,"['banknifty', 'banknifty']",[],banknifty,2026-09-05 19:16:04.278854+00:00,[],2026-09-05
"MarketMaverick|2026-09-05T01:46:03.151597+00:00|आज #nifty50 में जबरदस्त तेजी, 22640 का स",MarketMaverick,"आज #nifty50 में जबरदस्त तेजी, 22640 का स्तर पार",2026-09-05 01:46:03.151597+00:00,10,1,1,['nifty50'],[],nifty50,2026-09-05 19:16:04.303335+00:00,[],2026-09-05
intraday_ishaan|2026-09-05T12:32:25.115681+00:00|Nifty ne resistance todi! bullish moment,intraday_ishaan,"Nifty ne resistance todi! bullish momentum building, 50738 ke upar accumulate karo #nifty50 Let's see how it closes.",2026-09-05 12:32:25.115681+00:00,15,1,1,['nifty50'],[],nifty50,2026-09-05 19:16:04.302251+00:00,[],2026-09-05
"sensex_scalper|2026-09-04T19:25:04.258730+00:00|FIIs buying heavily today, #intraday cou",sensex_scalper,"FIIs buying heavily today, #intraday could test 22038 by expiry",2026-09-04 19:25:04.258730+00:00,6,1,1,['intraday'],[],intraday,2026-09-05 19:16:04.312348+00:00,[],2026-09-04
"banknifty_baba|2026-09-05T15:29:38.585891+00:00|#sensex forming lower lows, 22949 suppor",banknifty_baba,"#sensex forming lower lows, 22949 support gone, next target 22499 NFA.",2026-09-05 15:29:38.585891+00:00,9,0,0,['sensex'],[],sensex,2026-09-05 19:16:04.269767+00:00,[],2026-09-05
"dalalstreet_diary|2026-09-05T16:29:50.934313+00:00|#sensex consolidating near 48311, need a",dalalstreet_diary,"#sensex consolidating near 48311, need a breakout either side Thoughts? SBI also in focus.",2026-09-05 16:29:50.934313+00:00,9,0,1,['sensex'],[],sensex,2026-09-05 19:16:04.261531+00:00,[],2026-09-05
"chartwizard|2026-09-05T01:24:21.465340+00:00|Watching #nifty50 closely, no clear tren",chartwizard,"Watching #nifty50 closely, no clear trend yet. What's everyone's view on 47757? RBI policy day today.",2026-09-05 01:24:21.465340+00:00,1,0,0,"['nifty50', 'intraday']",[],nifty50,2026-09-05 19:16:04.280778+00:00,[],2026-09-05
"algo_anil|2026-09-04T20:18:35.703546+00:00|Global markets weak overnight, #banknift",algo_anil,"Global markets weak overnight, #banknifty may gap down below 50118 Volume bhi zyada hai aaj.",2026-09-04 20:18:35.703546+00:00,12,2,2,['banknifty'],[],banknifty,2026-09-05 19:16:04.254581+00:00,[],2026-09-04
"swing_trader_in|2026-09-04T23:20:29.743850+00:00|Sensex rally continues, 49447 support ho",swing_trader_in,"Sensex rally continues, 49447 support holding well. Long positions looking good #banknifty",2026-09-04 23:20:29.743850+00:00,3,0,0,['banknifty'],['user_b330d4'],banknifty,2026-09-05 19:16:04.294923+00:00,[],2026-09-04
MarketMaverick|2026-09-04T21:33:20.270942+00:00|Profit booking seen in #sensex near 2238,MarketMaverick,"Profit booking seen in #sensex near 22385, caution advised Thoughts?",2026-09-04 21:33:20.270942+00:00,5,0,0,['sensex'],[],sensex,2026-09-05 19:16:04.254518+00:00,[],2026-09-04
"swing_trader_in|2026-09-04T21:35:44.142341+00:00|#nifty50 showing higher highs, 22826 bro-dup",swing_trader_in,"#nifty50 showing higher highs, 22826 broken with volume, next stop 22206 Budget session ahead, stay alert.",2026-09-04 21:35:44.142341+00:00,15,4,0,"['nifty50', 'banknifty']",[],nifty50,2026-09-05 19:16:04.313741+00:00,[],2026-09-04
"riskmanager_99|2026-09-05T07:46:34.560558+00:00|#banknifty breaking down below 22312, ex",riskmanager_99,"#banknifty breaking down below 22312, expecting further downside to 21692 Budget session ahead, stay alert.",2026-09-05 07:46:34.560558+00:00,4,0,0,['banknifty'],[],banknifty,2026-09-05 19:16:04.296320+00:00,[],2026-09-05
"algo_anil|2026-09-05T01:30:08.216681+00:00|Global markets weak overnight, #nifty50 ",algo_anil,"Global markets weak overnight, #nifty50 may gap down below 49543 HDFC Bank also in focus.",2026-09-05 01:30:08.216681+00:00,15,2,1,['nifty50'],[],nifty50,2026-09-05 19:16:04.277145+00:00,[],2026-09-05
"swing_trader_in|2026-09-05T07:52:57.095528+00:00|FIIs selling continuously, #sensex weak ",swing_trader_in,"FIIs selling continuously, #sensex weak below 22271 RBI policy day today. Reliance also in focus.",2026-09-05 07:52:57.095528+00:00,0,0,0,"['sensex', 'intraday']",[],sensex,2026-09-05 19:16:04.279860+00:00,[],2026-09-05
"trader_raj|2026-09-05T10:18:28.514678+00:00|Watching #sensex closely, no clear trend",trader_raj,"Watching #sensex closely, no clear trend yet. What's everyone's view on 22058? #optionstrading #dalalstreet",2026-09-05 10:18:28.514678+00:00,7,0,0,"['sensex', 'banknifty']",[],sensex,2026-09-05 19:16:04.296361+00:00,[],2026-09-05
dalalstreet_diary|2026-09-05T02:13:40.377065+00:00|#sensex range-bound between 22323 and 22,dalalstreet_diary,"#sensex range-bound between 22323 and 22173 today, waiting for a clear direction #optionstrading #dalalstreet",2026-09-05 02:13:40.377065+00:00,13,1,0,"['sensex', 'nifty50']",[],sensex,2026-09-05 19:16:04.258794+00:00,[],2026-09-05
sensex_scalper|2026-09-05T06:49:13.082259+00:00|Positional buy initiated on #banknifty a,sensex_scalper,"Positional buy initiated on #banknifty above 48211, SL below 49011 Volume bhi zyada hai aaj.",2026-09-05 06:49:13.082259+00:00,6,1,0,"['banknifty', 'banknifty']",[],banknifty,2026-09-05 19:16:04.296915+00:00,[],2026-09-05
"banknifty_baba|2026-09-05T17:48:18.663550+00:00|Sell on rise strategy for #sensex, resis",banknifty_baba,"Sell on rise strategy for #sensex, resistance at 22002 not breaking Options data suggests the same.",2026-09-05 17:48:18.663550+00:00,7,1,0,['sensex'],[],sensex,2026-09-05 19:16:04.309295+00:00,[],2026-09-05
"quant_priya|2026-09-04T22:30:50.863448+00:00|Mixed signals on #sensex today, 48622 ac",quant_priya,"Mixed signals on #sensex today, 48622 acting as a pivot RBI policy day today. ITC also in focus.",2026-09-04 22:30:50.863448+00:00,12,1,1,['sensex'],[],sensex,2026-09-05 19:16:04.255810+00:00,[],2026-09-04
"the_bear_desk|2026-09-05T17:52:48.104799+00:00|Watching #intraday closely, no clear tre",the_bear_desk,"Watching #intraday closely, no clear trend yet. What's everyone's view on 22505? Budget session ahead, stay alert.",2026-09-05 17:52:48.104799+00:00,7,0,1,"['intraday', 'intraday']",['user_a03688'],intraday,2026-09-05 19:16:04.300227+00:00,[],2026-09-05
"trader_raj|2026-09-05T14:02:11.038409+00:00|Tejji ka mahaul hai #sensex mein, 50072 ",trader_raj,"Tejji ka mahaul hai #sensex mein, 50072 pe strong buying dekhi Let's see how it closes.",2026-09-05 14:02:11.038409+00:00,11,2,1,['sensex'],[],sensex,2026-09-05 19:16:04.313395+00:00,[],2026-09-05
"trader_raj|2026-09-04T21:45:20.170028+00:00|Sensex rally continues, 50359 support ho",trader_raj,"Sensex rally continues, 50359 support holding well. Long positions looking good #intraday NFA.",2026-09-04 21:45:20.170028+00:00,6,1,0,"['intraday', 'banknifty']",[],intraday,2026-09-05 19:16:04.311891+00:00,[],2026-09-04
"banknifty_baba|2026-09-05T14:47:40.400726+00:00|#nifty50 showing higher highs, 49961 bro",banknifty_baba,"#nifty50 showing higher highs, 49961 broken with volume, next stop 50111 NFA. ICICI Bank also in focus.",2026-09-05 14:47:40.400726+00:00,14,2,2,"['nifty50', 'nifty50']",[],nifty50,2026-09-05 19:16:04.278448+00:00,[],2026-09-05
"MarketMaverick|2026-09-05T15:59:36.326471+00:00|Mixed signals on #intraday today, 48572 ",MarketMaverick,"Mixed signals on #intraday today, 48572 acting as a pivot",2026-09-05 15:59:36.326471+00:00,9,0,0,['intraday'],[],intraday,2026-09-05 19:16:04.272243+00:00,[],2026-09-05
"the_bear_desk|2026-09-05T02:32:00.400694+00:00|#banknifty looking strong today, breakou",the_bear_desk,"#banknifty looking strong today, breakout above 49183, target 48883",2026-09-05 02:32:00.400694+00:00,0,0,0,['banknifty'],[],banknifty,2026-09-05 19:16:04.286909+00:00,[],2026-09-05
"algo_anil|2026-09-05T11:02:57.833157+00:00|Mixed signals on #banknifty today, 21643",algo_anil,"Mixed signals on #banknifty today, 21643 acting as a pivot Thoughts?",2026-09-05 11:02:57.833157+00:00,8,1,0,"['banknifty', 'intraday']",[],banknifty,2026-09-05 19:16:04.304791+00:00,[],2026-09-05
"bull_on_dalal_st|2026-09-05T05:54:01.692362+00:00|आज #sensex में भारी गिरावट, 49317 का सपो",bull_on_dalal_st,"आज #sensex में भारी गिरावट, 49317 का सपोर्ट टूटा TCS also in focus.",2026-09-05 05:54:01.692362+00:00,3,0,0,['sensex'],[],sensex,2026-09-05 19:16:04.313073+00:00,[],2026-09-05
"riskmanager_99|2026-09-05T05:08:54.315129+00:00|Global markets weak overnight, #nifty50 ",riskmanager_99,"Global markets weak overnight, #nifty50 may gap down below 23441",2026-09-05 05:08:54.315129+00:00,3,0,0,"['nifty50', 'intraday']",[],nifty50,2026-09-05 19:16:04.301083+00:00,[],2026-09-05
"niftyguru|2026-09-05T16:24:44.851249+00:00|Sensex rally continues, 21544 support ho",niftyguru,"Sensex rally continues, 21544 support holding well. Long positions looking good #nifty50 RBI policy day today.",2026-09-05 16:24:44.851249+00:00,11,2,2,['nifty50'],[],nifty50,2026-09-05 19:16:04.260865+00:00,[],2026-09-05
"options_owl|2026-09-05T03:45:01.311615+00:00|FIIs buying heavily today, #intraday cou",options_owl,"FIIs buying heavily today, #intraday could test 48543 by expiry #stockmarket #trading",2026-09-05 03:45:01.311615+00:00,2,0,0,['intraday'],[],intraday,2026-09-05 19:16:04.312296+00:00,[],2026-09-05
"swing_trader_in|2026-09-05T10:41:54.134736+00:00|#nifty50 consolidating near 21914, need ",swing_trader_in,"#nifty50 consolidating near 21914, need a breakout either side NFA.",2026-09-05 10:41:54.134736+00:00,11,1,2,"['nifty50', 'nifty50']",[],nifty50,2026-09-05 19:16:04.287943+00:00,[],2026-09-05
swing_trader_in|2026-09-05T18:06:32.558961+00:00|Short positions added on #banknifty belo,swing_trader_in,"Short positions added on #banknifty below 50064, target 49614 Kya lagta hai aap logo ka?",2026-09-05 18:06:32.558961+00:00,10,1,0,['banknifty'],[],banknifty,2026-09-05 19:16:04.300997+00:00,[],2026-09-05
chartwizard|2026-09-05T16:23:07.354821+00:00|Short positions added on #sensex below 2,chartwizard,"Short positions added on #sensex below 21534, target 21234 Kya lagta hai aap logo ka?",2026-09-05 16:23:07.354821+00:00,11,1,0,['sensex'],[],sensex,2026-09-05 19:16:04.307773+00:00,[],2026-09-05
"options_owl|2026-09-04T19:39:06.324305+00:00|Panic selling in #intraday, 50282 breakd",options_owl,"Panic selling in #intraday, 50282 breakdown confirmed, stop loss hit Budget session ahead, stay alert.",2026-09-04 19:39:06.324305+00:00,6,0,0,"['intraday', 'sensex']",[],intraday,2026-09-05 19:16:04.254186+00:00,[],2026-09-04
"swing_trader_in|2026-09-05T08:47:44.077266+00:00|Global cues supportive, #intraday likely",swing_trader_in,"Global cues supportive, #intraday likely to open above 21683 tomorrow NFA.",2026-09-05 08:47:44.077266+00:00,1,0,0,['intraday'],[],intraday,2026-09-05 19:16:04.258585+00:00,[],2026-09-05
"banknifty_baba|2026-09-05T10:08:22.656438+00:00|#sensex consolidating near 23427, need a",banknifty_baba,"#sensex consolidating near 23427, need a breakout either side RBI policy day today.",2026-09-05 10:08:22.656438+00:00,11,1,2,['sensex'],[],sensex,2026-09-05 19:16:04.293870+00:00,[],2026-09-05
"trader_raj|2026-09-05T06:17:21.642995+00:00|Global markets weak overnight, #intraday",trader_raj,"Global markets weak overnight, #intraday may gap down below 50408",2026-09-05 06:17:21.642995+00:00,3,0,0,['intraday'],[],intraday,2026-09-05 19:16:04.306391+00:00,[],2026-09-05
"the_bear_desk|2026-09-05T01:03:30.224929+00:00|#banknifty consolidating near 21866, nee",the_bear_desk,"#banknifty consolidating near 21866, need a breakout either side Budget session ahead, stay alert.",2026-09-05 01:03:30.224929+00:00,11,2,2,"['banknifty', 'sensex']",[],banknifty,2026-09-05 19:16:04.257379+00:00,[],2026-09-05
"intraday_ishaan|2026-09-05T12:06:41.988700+00:00|Market crash ho sakta hai, 21631 ka supp",intraday_ishaan,"Market crash ho sakta hai, 21631 ka support toot gaya, bearish on #intraday Keep an eye on FII/DII data.",2026-09-05 12:06:41.988700+00:00,13,0,1,['intraday'],[],intraday,2026-09-05 19:16:04.263149+00:00,[],2026-09-05
"dalalstreet_diary|2026-09-05T06:31:08.702559+00:00|#banknifty update: flat session so far, ",dalalstreet_diary,"#banknifty update: flat session so far, volumes low ahead of RBI policy NFA. Infosys also in focus.",2026-09-05 06:31:08.702559+00:00,12,1,0,['banknifty'],[],banknifty,2026-09-05 19:16:04.274795+00:00,[],2026-09-05
"dalalstreet_diary|2026-09-05T17:52:44.607941+00:00|आज #sensex में जबरदस्त तेजी, 23242 का स्",dalalstreet_diary,"आज #sensex में जबरदस्त तेजी, 23242 का स्तर पार",2026-09-05 17:52:44.607941+00:00,0,0,0,['sensex'],[],sensex,2026-09-05 19:16:04.268972+00:00,[],2026-09-05
"trader_raj|2026-09-05T07:56:08.992457+00:00|#intraday breaking down below 49078, exp",trader_raj,"#intraday breaking down below 49078, expecting further downside to 49528 RBI policy day today. SBI also in focus.",2026-09-05 07:56:08.992457+00:00,11,2,1,['intraday'],[],intraday,2026-09-05 19:16:04.305335+00:00,[],2026-09-05
"banknifty_baba|2026-09-05T02:44:17.422786+00:00|#nifty50 forming lower lows, 23175 suppo",banknifty_baba,"#nifty50 forming lower lows, 23175 support gone, next target 23625 Budget session ahead, stay alert.",2026-09-05 02:44:17.422786+00:00,6,1,1,['nifty50'],[],nifty50,2026-09-05 19:16:04.275679+00:00,[],2026-09-05
"riskmanager_99|2026-09-05T01:21:25.700816+00:00|Sideways action continues on #sensex, 48",riskmanager_99,"Sideways action continues on #sensex, 48458-48608 range holding Keep an eye on FII/DII data. Adani Enterprises also in focus.",2026-09-05 01:21:25.700816+00:00,0,0,0,"['sensex', 'intraday']",[],sensex,2026-09-05 19:16:04.255174+00:00,[],2026-09-05
"bull_on_dalal_st|2026-09-05T18:35:36.988429+00:00|#nifty50 consolidating near 22933, need ",bull_on_dalal_st,"#nifty50 consolidating near 22933, need a breakout either side Options data suggests the same.",2026-09-05 18:35:36.988429+00:00,7,1,1,"['nifty50', 'nifty50']",[],nifty50,2026-09-05 19:16:04.258782+00:00,[],2026-09-05
"quant_priya|2026-09-04T22:22:25.303397+00:00|#nifty50 consolidating near 47877, need ",quant_priya,"#nifty50 consolidating near 47877, need a breakout either side Options data suggests the same.",2026-09-04 22:22:25.303397+00:00,7,0,0,"['nifty50', 'sensex']",[],nifty50,2026-09-05 19:16:04.287735+00:00,[],2026-09-04
"niftyguru|2026-09-05T02:13:52.469155+00:00|Buy the dip on 48467, 49087 target for s",niftyguru,"Buy the dip on 48467, 49087 target for swing trade #banknifty $NIFTY RBI policy day today. Reliance also in focus.",2026-09-05 02:13:52.469155+00:00,4,1,0,"['banknifty', 'intraday']",[],banknifty,2026-09-05 19:16:04.291369+00:00,['NIFTY'],2026-09-05
"dalalstreet_diary|2026-09-05T08:36:35.448838+00:00|मंदी का माहौल है बाज़ार में, 50993 से नी",dalalstreet_diary,"मंदी का माहौल है बाज़ार में, 50993 से नीचे बिकवाली तेज #banknifty Volume bhi zyada hai aaj.",2026-09-05 08:36:35.448838+00:00,4,0,0,"['banknifty', 'nifty50']",[],banknifty,2026-09-05 19:16:04.297025+00:00,[],2026-09-05
"intraday_ishaan|2026-09-04T23:15:16.044872+00:00|Panic selling in #nifty50, 50222 breakdo",intraday_ishaan,"Panic selling in #nifty50, 50222 breakdown confirmed, stop loss hit Let's see how it closes.",2026-09-04 23:15:16.044872+00:00,11,2,0,['nifty50'],[],nifty50,2026-09-05 19:16:04.289119+00:00,[],2026-09-04
"bull_on_dalal_st|2026-09-05T06:20:19.454249+00:00|#sensex forming lower lows, 23397 suppor",bull_on_dalal_st,"#sensex forming lower lows, 23397 support gone, next target 23247 Volume bhi zyada hai aaj.",2026-09-05 06:20:19.454249+00:00,9,0,1,"['sensex', 'sensex']",[],sensex,2026-09-05 19:16:04.271372+00:00,[],2026-09-05
"the_bear_desk|2026-09-04T23:52:38.521436+00:00|बाजार में तेजी है, 48615 के ऊपर खरीदारी ",the_bear_desk,"बाजार में तेजी है, 48615 के ऊपर खरीदारी का मौका #intraday",2026-09-04 23:52:38.521436+00:00,5,1,0,['intraday'],[],intraday,2026-09-05 19:16:04.278836+00:00,[],2026-09-04
"banknifty_baba|2026-09-05T15:05:52.058175+00:00|#intraday looking strong today, breakout",banknifty_baba,"#intraday looking strong today, breakout above 21757, target 21607 Kya lagta hai aap logo ka?",2026-09-05 15:05:52.058175+00:00,6,0,0,['intraday'],[],intraday,2026-09-05 19:16:04.276766+00:00,[],2026-09-05
"bull_on_dalal_st|2026-09-05T12:19:47.258522+00:00|Sell on rise strategy for #intraday, res",bull_on_dalal_st,"Sell on rise strategy for #intraday, resistance at 22341 not breaking Keep an eye on FII/DII data.",2026-09-05 12:19:47.258522+00:00,2,0,0,"['intraday', 'banknifty']",[],intraday,2026-09-05 19:16:04.313058+00:00,[],2026-09-05
"niftyguru|2026-09-04T20:30:38.749515+00:00|Sideways action continues on #sensex, 50",niftyguru,"Sideways action continues on #sensex, 50775-51395 range holding Kya lagta hai aap logo ka?",2026-09-04 20:30:38.749515+00:00,10,2,1,['sensex'],[],sensex,2026-09-05 19:16:04.265526+00:00,[],2026-09-04
bull_on_dalal_st|2026-09-05T16:44:24.255208+00:00|Profit booking seen in #sensex near 2193,bull_on_dalal_st,"Profit booking seen in #sensex near 21938, caution advised Volume bhi zyada hai aaj.",2026-09-05 16:44:24.255208+00:00,0,0,0,['sensex'],[],sensex,2026-09-05 19:16:04.272595+00:00,[],2026-09-05
"quant_priya|2026-09-04T23:03:52.841970+00:00|#intraday showing higher highs, 22879 br",quant_priya,"#intraday showing higher highs, 22879 broken with volume, next stop 22729 #optionstrading #dalalstreet",2026-09-04 23:03:52.841970+00:00,8,1,1,"['intraday', 'banknifty']",[],intraday,2026-09-05 19:16:04.282829+00:00,[],2026-09-04
"riskmanager_99|2026-09-05T07:04:36.141557+00:00|Gap up opening expected for #intraday, 4",riskmanager_99,"Gap up opening expected for #intraday, 48306 is the level to watch DYOR.",2026-09-05 07:04:36.141557+00:00,13,3,0,"['intraday', 'sensex']",[],intraday,2026-09-05 19:16:04.294253+00:00,[],2026-09-05
"bull_on_dalal_st|2026-09-05T11:37:27.836324+00:00|FIIs selling continuously, #nifty50 weak",bull_on_dalal_st,"FIIs selling continuously, #nifty50 weak below 50358",2026-09-05 11:37:27.836324+00:00,14,2,1,"['nifty50', 'nifty50']",[],nifty50,2026-09-05 19:16:04.264040+00:00,[],2026-09-05
"dalalstreet_diary|2026-09-05T06:16:40.725573+00:00|आज #sensex में भारी गिरावट, 47926 का सपो",dalalstreet_diary,"आज #sensex में भारी गिरावट, 47926 का सपोर्ट टूटा Kya lagta hai aap logo ka?",2026-09-05 06:16:40.725573+00:00,2,0,0,['sensex'],[],sensex,2026-09-05 19:16:04.298398+00:00,[],2026-09-05
"sensex_scalper|2026-09-05T15:05:15.471412+00:00|बाजार में तेजी है, 49099 के ऊपर खरीदारी ",sensex_scalper,"बाजार में तेजी है, 49099 के ऊपर खरीदारी का मौका #sensex Thoughts?",2026-09-05 15:05:15.471412+00:00,11,1,0,['sensex'],[],sensex,2026-09-05 19:16:04.280687+00:00,[],2026-09-05
"banknifty_baba|2026-09-05T15:23:21.204148+00:00|Panic selling in #sensex, 48246 breakdow",banknifty_baba,"Panic selling in #sensex, 48246 breakdown confirmed, stop loss hit NFA.",2026-09-05 15:23:21.204148+00:00,7,1,0,['sensex'],[],sensex,2026-09-05 19:16:04.312897+00:00,[],2026-09-05
"the_bear_desk|2026-09-05T08:14:49.697083+00:00|Sideways action continues on #banknifty,",the_bear_desk,"Sideways action continues on #banknifty, 21514-22314 range holding",2026-09-05 08:14:49.697083+00:00,9,1,0,"['banknifty', 'sensex']",[],banknifty,2026-09-05 19:16:04.268876+00:00,[],2026-09-05
"sensex_scalper|2026-09-05T11:12:36.323500+00:00|Buy the dip on 49958, 50578 target for s",sensex_scalper,"Buy the dip on 49958, 50578 target for swing trade #intraday $NIFTY Keep an eye on FII/DII data.",2026-09-05 11:12:36.323500+00:00,10,1,0,['intraday'],['user_d75b57'],intraday,2026-09-05 19:16:04.276037+00:00,['NIFTY'],2026-09-05
"trader_raj|2026-09-05T14:44:10.347611+00:00|Panic selling in #sensex, 47971 breakdow",trader_raj,"Panic selling in #sensex, 47971 breakdown confirmed, stop loss hit",2026-09-05 14:44:10.347611+00:00,1,0,0,['sensex'],[],sensex,2026-09-05 19:16:04.261798+00:00,[],2026-09-05
"bull_on_dalal_st|2026-09-05T18:09:36.579527+00:00|Sideways action continues on #intraday, ",bull_on_dalal_st,"Sideways action continues on #intraday, 48492-49112 range holding Volume bhi zyada hai aaj.",2026-09-05 18:09:36.579527+00:00,1,0,0,['intraday'],[],intraday,2026-09-05 19:16:04.253420+00:00,[],2026-09-05
"options_owl|2026-09-05T14:00:03.641001+00:00|FIIs buying heavily today, #banknifty co",options_owl,"FIIs buying heavily today, #banknifty could test 48506 by expiry",2026-09-05 14:00:03.641001+00:00,6,0,0,['banknifty'],['user_087851'],banknifty,2026-09-05 19:16:04.295328+00:00,[],2026-09-05
quant_priya|2026-09-05T06:37:31.900647+00:00|Profit booking seen in #nifty50 near 480,quant_priya,"Profit booking seen in #nifty50 near 48033, caution advised SBI also in focus.",2026-09-05 06:37:31.900647+00:00,8,2,1,"['nifty50', 'banknifty']",[],nifty50,2026-09-05 19:16:04.294092+00:00,[],2026-09-05
"chartwizard|2026-09-04T20:00:38.017595+00:00|#intraday looking strong today, breakout",chartwizard,"#intraday looking strong today, breakout above 50149, target 50449 Volume bhi zyada hai aaj.",2026-09-04 20:00:38.017595+00:00,1,0,0,['intraday'],[],intraday,2026-09-05 19:16:04.277880+00:00,[],2026-09-04
"algo_anil|2026-09-05T08:32:46.104056+00:00|#intraday showing higher highs, 50564 br",algo_anil,"#intraday showing higher highs, 50564 broken with volume, next stop 51364 NFA.",2026-09-05 08:32:46.104056+00:00,12,1,1,"['intraday', 'nifty50']",[],intraday,2026-09-05 19:16:04.269568+00:00,[],2026-09-05
"sensex_scalper|2026-09-05T11:52:12.512974+00:00|Buy the dip on 48766, 49216 target for s",sensex_scalper,"Buy the dip on 48766, 49216 target for swing trade #sensex $NIFTY Budget session ahead, stay alert.",2026-09-05 11:52:12.512974+00:00,9,2,0,"['sensex', 'intraday']",[],sensex,2026-09-05 19:16:04.310557+00:00,['NIFTY'],2026-09-05
riskmanager_99|2026-09-05T10:50:58.688319+00:00|Nifty ne resistance todi! bullish moment,riskmanager_99,"Nifty ne resistance todi! bullish momentum building, 23481 ke upar accumulate karo #sensex RBI policy day today.",2026-09-05 10:50:58.688319+00:00,4,0,0,['sensex'],[],sensex,2026-09-05 19:16:04.291993+00:00,[],2026-09-05
"bull_on_dalal_st|2026-09-05T06:08:16.570110+00:00|#nifty50 forming lower lows, 22274 suppo",bull_on_dalal_st,"#nifty50 forming lower lows, 22274 support gone, next target 21824",2026-09-05 06:08:16.570110+00:00,10,1,1,['nifty50'],[],nifty50,2026-09-05 19:16:04.274776+00:00,[],2026-09-05
"bull_on_dalal_st|2026-09-05T07:27:37.272922+00:00|बाजार में तेजी है, 22239 के ऊपर खरीदारी ",bull_on_dalal_st,"बाजार में तेजी है, 22239 के ऊपर खरीदारी का मौका #sensex #optionstrading #dalalstreet",2026-09-05 07:27:37.272922+00:00,5,0,0,['sensex'],[],sensex,2026-09-05 19:16:04.312054+00:00,[],2026-09-05
"banknifty_baba|2026-09-05T02:06:04.245953+00:00|Sideways action continues on #intraday, ",banknifty_baba,"Sideways action continues on #intraday, 49017-49317 range holding Let's see how it closes.",2026-09-05 02:06:04.245953+00:00,14,1,2,['intraday'],[],intraday,2026-09-05 19:16:04.307691+00:00,[],2026-09-05
bull_on_dalal_st|2026-09-05T10:13:28.278857+00:00|Short positions added on #banknifty belo,bull_on_dalal_st,"Short positions added on #banknifty below 49110, target 49910 Thoughts?",2026-09-05 10:13:28.278857+00:00,4,0,0,"['banknifty', 'sensex']",['user_81c024'],banknifty,2026-09-05 19:16:04.252877+00:00,[],2026-09-05
options_owl|2026-09-04T22:25:09.318930+00:00|Nifty ne resistance todi! bullish moment,options_owl,"Nifty ne resistance todi! bullish momentum building, 49977 ke upar accumulate karo #sensex Thoughts?",2026-09-04 22:25:09.318930+00:00,0,0,0,"['sensex', 'intraday']",[],sensex,2026-09-05 19:16:04.267656+00:00,[],2026-09-04
"intraday_ishaan|2026-09-04T21:42:28.215476+00:00|Global cues supportive, #sensex likely t",intraday_ishaan,"Global cues supportive, #sensex likely to open above 49355 tomorrow Keep an eye on FII/DII data. Infosys also in focus.",2026-09-04 21:42:28.215476+00:00,14,1,2,['sensex'],[],sensex,2026-09-05 19:16:04.257287+00:00,[],2026-09-04
"the_bear_desk|2026-09-05T02:29:36.102237+00:00|मंदी का माहौल है बाज़ार में, 21716 से नी",the_bear_desk,"मंदी का माहौल है बाज़ार में, 21716 से नीचे बिकवाली तेज #nifty50 #stockmarket #trading",2026-09-05 02:29:36.102237+00:00,14,2,0,['nifty50'],[],nifty50,2026-09-05 19:16:04.265603+00:00,[],2026-09-05
"swing_trader_in|2026-09-04T22:46:05.302036+00:00|FIIs selling continuously, #nifty50 weak",swing_trader_in,"FIIs selling continuously, #nifty50 weak below 22151 Thoughts?",2026-09-04 22:46:05.302036+00:00,4,0,0,['nifty50'],[],nifty50,2026-09-05 19:16:04.302110+00:00,[],2026-09-04
"bull_on_dalal_st|2026-09-05T12:40:36.902043+00:00|Buy the dip on 50083, 49783 target for s",bull_on_dalal_st,"Buy the dip on 50083, 49783 target for swing trade #banknifty $NIFTY Keep an eye on FII/DII data.",2026-09-05 12:40:36.902043+00:00,1,0,0,"['banknifty', 'nifty50']",[],banknifty,2026-09-05 19:16:04.291888+00:00,['NIFTY'],2026-09-05
"chartwizard|2026-09-04T18:51:46.177194+00:00|#banknifty looking strong today, breakou",chartwizard,"#banknifty looking strong today, breakout above 49224, target 49524 Let's see how it closes.",2026-09-04 18:51:46.177194+00:00,3,0,0,['banknifty'],[],banknifty,2026-09-05 19:16:04.294567+00:00,[],2026-09-04
intraday_ishaan|2026-09-05T15:11:06.420668+00:00|Positional buy initiated on #nifty50 abo,intraday_ishaan,"Positional buy initiated on #nifty50 above 22967, SL below 22347",2026-09-05 15:11:06.420668+00:00,9,2,1,['nifty50'],['user_cb5ecc'],nifty50,2026-09-05 19:16:04.271505+00:00,[],2026-09-05
"the_bear_desk|2026-09-05T10:56:53.691397+00:00|Market crash ho sakta hai, 49129 ka supp",the_bear_desk,"Market crash ho sakta hai, 49129 ka support toot gaya, bearish on #sensex NFA.",2026-09-05 10:56:53.691397+00:00,11,1,0,['sensex'],[],sensex,2026-09-05 19:16:04.253788+00:00,[],2026-09-05
"trader_raj|2026-09-05T15:27:48.927442+00:00|Tejji ka mahaul hai #banknifty mein, 215",trader_raj,"Tejji ka mahaul hai #banknifty mein, 21573 pe strong buying dekhi Options data suggests the same.",2026-09-05 15:27:48.927442+00:00,0,0,0,"['banknifty', 'nifty50']",[],banknifty,2026-09-05 19:16:04.284291+00:00,[],2026-09-05
"dalalstreet_diary|2026-09-05T12:21:01.557354+00:00|Sell on rise strategy for #banknifty, re",dalalstreet_diary,"Sell on rise strategy for #banknifty, resistance at 48002 not breaking DYOR.",2026-09-05 12:21:01.557354+00:00,3,0,0,['banknifty'],[],banknifty,2026-09-05 19:16:04.286886+00:00,[],2026-09-05
"quant_priya|2026-09-05T14:18:51.634076+00:00|Gap up opening expected for #intraday, 4",quant_priya,"Gap up opening expected for #intraday, 47538 is the level to watch ITC also in focus.",2026-09-05 14:18:51.634076+00:00,15,1,2,"['intraday', 'intraday']",[],intraday,2026-09-05 19:16:04.276725+00:00,[],2026-09-05
"riskmanager_99|2026-09-05T03:33:47.176450+00:00|#intraday forming lower lows, 22834 supp",riskmanager_99,"#intraday forming lower lows, 22834 support gone, next target 22534 #optionstrading #dalalstreet",2026-09-05 03:33:47.176450+00:00,3,0,0,['intraday'],[],intraday,2026-09-05 19:16:04.265212+00:00,[],2026-09-05
"chartwizard|2026-09-05T17:33:41.329147+00:00|मंदी का माहौल है बाज़ार में, 49340 से नी",chartwizard,"मंदी का माहौल है बाज़ार में, 49340 से नीचे बिकवाली तेज #intraday Keep an eye on FII/DII data.",2026-09-05 17:33:41.329147+00:00,15,0,2,"['intraday', 'banknifty']",[],intraday,2026-09-05 19:16:04.291549+00:00,[],2026-09-05
"banknifty_baba|2026-09-05T13:26:26.591232+00:00|FIIs selling continuously, #nifty50 weak",banknifty_baba,"FIIs selling continuously, #nifty50 weak below 22096",2026-09-05 13:26:26.591232+00:00,14,0,2,"['nifty50', 'sensex']",[],nifty50,2026-09-05 19:16:04.281029+00:00,[],2026-09-05
"the_bear_desk|2026-09-05T12:35:09.645869+00:00|Watching #banknifty closely, no clear tr",the_bear_desk,"Watching #banknifty closely, no clear trend yet. What's everyone's view on 50696? Budget session ahead, stay alert.",2026-09-05 12:35:09.645869+00:00,13,2,0,"['banknifty', 'sensex']",[],banknifty,2026-09-05 19:16:04.312835+00:00,[],2026-09-05
"the_bear_desk|2026-09-05T18:42:40.490706+00:00|आज #banknifty में जबरदस्त तेजी, 49606 का",the_bear_desk,"आज #banknifty में जबरदस्त तेजी, 49606 का स्तर पार NFA.",2026-09-05 18:42:40.490706+00:00,1,0,0,['banknifty'],[],banknifty,2026-09-05 19:16:04.261392+00:00,[],2026-09-05
"bull_on_dalal_st|2026-09-05T00:10:54.016949+00:00|Sensex rally continues, 23114 support ho",bull_on_dalal_st,"Sensex rally continues, 23114 support holding well. Long positions looking good #sensex DYOR.",2026-09-05 00:10:54.016949+00:00,8,1,0,['sensex'],[],sensex,2026-09-05 19:16:04.281729+00:00,[],2026-09-05
"algo_anil|2026-09-05T05:24:34.382715+00:00|#banknifty breaking down below 21740, ex",algo_anil,"#banknifty breaking down below 21740, expecting further downside to 21290 Keep an eye on FII/DII data.",2026-09-05 05:24:34.382715+00:00,1,0,0,"['banknifty', 'sensex']",[],banknifty,2026-09-05 19:16:04.271596+00:00,[],2026-09-05
intraday_ishaan|2026-09-05T05:33:25.443812+00:00|#banknifty range-bound between 48093 and,intraday_ishaan,"#banknifty range-bound between 48093 and 48243 today, waiting for a clear direction",2026-09-05 05:33:25.443812+00:00,12,3,0,['banknifty'],[],banknifty,2026-09-05 19:16:04.261081+00:00,[],2026-09-05
banknifty_baba|2026-09-05T14:43:45.887496+00:00|Nifty ne resistance todi! bullish moment,banknifty_baba,"Nifty ne resistance todi! bullish momentum building, 48383 ke upar accumulate karo #intraday Kya lagta hai aap logo ka?",2026-09-05 14:43:45.887496+00:00,15,2,2,['intraday'],[],intraday,2026-09-05 19:16:04.296751+00:00,[],2026-09-05
niftyguru|2026-09-05T17:54:24.977050+00:00|#sensex range-bound between 22710 and 23,niftyguru,"#sensex range-bound between 22710 and 23160 today, waiting for a clear direction Budget session ahead, stay alert.",2026-09-05 17:54:24.977050+00:00,8,1,0,['sensex'],[],sensex,2026-09-05 19:16:04.294877+00:00,[],2026-09-05
"chartwizard|2026-09-04T19:36:26.866216+00:00|Panic selling in #banknifty, 22183 break",chartwizard,"Panic selling in #banknifty, 22183 breakdown confirmed, stop loss hit #stockmarket #trading",2026-09-04 19:36:26.866216+00:00,5,1,0,['banknifty'],[],banknifty,2026-09-05 19:16:04.255859+00:00,[],2026-09-04
"bull_on_dalal_st|2026-09-04T23:31:12.674722+00:00|Low volume day for #banknifty, market aw",bull_on_dalal_st,"Low volume day for #banknifty, market awaiting 49033 confirmation DYOR. Reliance also in focus.",2026-09-04 23:31:12.674722+00:00,7,0,0,['banknifty'],[],banknifty,2026-09-05 19:16:04.281313+00:00,[],2026-09-04
"bull_on_dalal_st|2026-09-05T00:26:12.148614+00:00|Global cues supportive, #nifty50 likely ",bull_on_dalal_st,"Global cues supportive, #nifty50 likely to open above 49472 tomorrow",2026-09-05 00:26:12.148614+00:00,11,3,0,['nifty50'],[],nifty50,2026-09-05 19:16:04.288759+00:00,[],2026-09-05
"sensex_scalper|2026-09-05T05:42:39.777669+00:00|Mixed signals on #intraday today, 23098 ",sensex_scalper,"Mixed signals on #intraday today, 23098 acting as a pivot Let's see how it closes.",2026-09-05 05:42:39.777669+00:00,2,0,0,['intraday'],[],intraday,2026-09-05 19:16:04.312679+00:00,[],2026-09-05
"sensex_scalper|2026-09-04T22:32:50.053436+00:00|Low volume day for #sensex, market await",sensex_scalper,"Low volume day for #sensex, market awaiting 48334 confirmation",2026-09-04 22:32:50.053436+00:00,6,0,0,['sensex'],[],sensex,2026-09-05 19:16:04.278030+00:00,[],2026-09-04
"dalalstreet_diary|2026-09-05T18:10:10.900350+00:00|#sensex consolidating near 22198, need a",dalalstreet_diary,"#sensex consolidating near 22198, need a breakout either side",2026-09-05 18:10:10.900350+00:00,14,4,2,['sensex'],[],sensex,2026-09-05 19:16:04.284375+00:00,[],2026-09-05
"MarketMaverick|2026-09-04T19:54:55.664236+00:00|Buy the dip on 50890, 51340 target for s",MarketMaverick,"Buy the dip on 50890, 51340 target for swing trade #banknifty $NIFTY RBI policy day today.",2026-09-04 19:54:55.664236+00:00,10,1,1,"['banknifty', 'nifty50']",['user_5dd262'],banknifty,2026-09-05 19:16:04.294113+00:00,['NIFTY'],2026-09-04
"intraday_ishaan|2026-09-05T18:31:36.142674+00:00|Global markets weak overnight, #banknift",intraday_ishaan,"Global markets weak overnight, #banknifty may gap down below 48412 Volume bhi zyada hai aaj.",2026-09-05 18:31:36.142674+00:00,15,4,1,['banknifty'],['user_e4fc78'],banknifty,2026-09-05 19:16:04.300290+00:00,[],2026-09-05
"dalalstreet_diary|2026-09-04T22:39:57.732881+00:00|FIIs selling continuously, #sensex weak ",dalalstreet_diary,"FIIs selling continuously, #sensex weak below 22992 Options data suggests the same.",2026-09-04 22:39:57.732881+00:00,7,1,1,['sensex'],[],sensex,2026-09-05 19:16:04.258452+00:00,[],2026-09-04
"bull_on_dalal_st|2026-09-04T21:23:10.020585+00:00|Watching #sensex closely, no clear trend",bull_on_dalal_st,"Watching #sensex closely, no clear trend yet. What's everyone's view on 22728? ICICI Bank also in focus.",2026-09-04 21:23:10.020585+00:00,12,1,1,"['sensex', 'intraday']",[],sensex,2026-09-05 19:16:04.270720+00:00,[],2026-09-04
"quant_priya|2026-09-05T12:58:42.153985+00:00|Sensex rally continues, 48413 support ho",quant_priya,"Sensex rally continues, 48413 support holding well. Long positions looking good #intraday Let's see how it closes.",2026-09-05 12:58:42.153985+00:00,9,2,1,['intraday'],[],intraday,2026-09-05 19:16:04.261173+00:00,[],2026-09-05
"chartwizard|2026-09-05T09:42:39.210017+00:00|#nifty50 breaking down below 21748, expe",chartwizard,"#nifty50 breaking down below 21748, expecting further downside to 21898",2026-09-05 09:42:39.210017+00:00,13,1,1,"['nifty50', 'sensex']",[],nifty50,2026-09-05 19:16:04.283083+00:00,[],2026-09-05
options_owl|2026-09-05T16:12:50.549452+00:00|Nifty ne resistance todi! bullish moment,options_owl,"Nifty ne resistance todi! bullish momentum building, 48101 ke upar accumulate karo #banknifty Budget session ahead, stay alert.",2026-09-05 16:12:50.549452+00:00,1,0,0,['banknifty'],[],banknifty,2026-09-05 19:16:04.298014+00:00,[],2026-09-05
"chartwizard|2026-09-04T19:34:39.998982+00:00|आज #nifty50 में जबरदस्त तेजी, 49138 का स",chartwizard,"आज #nifty50 में जबरदस्त तेजी, 49138 का स्तर पार NFA.",2026-09-04 19:34:39.998982+00:00,7,0,0,['nifty50'],[],nifty50,2026-09-05 19:16:04.277723+00:00,[],2026-09-04
"quant_priya|2026-09-04T22:24:47.186410+00:00|आज #nifty50 में भारी गिरावट, 47964 का सप",quant_priya,"आज #nifty50 में भारी गिरावट, 47964 का सपोर्ट टूटा",2026-09-04 22:24:47.186410+00:00,13,1,1,['nifty50'],[],nifty50,2026-09-05 19:16:04.265042+00:00,[],2026-09-04
"options_owl|2026-09-05T11:30:51.276530+00:00|Gap up opening expected for #banknifty, ",options_owl,"Gap up opening expected for #banknifty, 48995 is the level to watch Volume bhi zyada hai aaj.",2026-09-05 11:30:51.276530+00:00,2,0,0,['banknifty'],[],banknifty,2026-09-05 19:16:04.297285+00:00,[],2026-09-05
"dalalstreet_diary|2026-09-04T22:14:54.069152+00:00|Global cues supportive, #intraday likely",dalalstreet_diary,"Global cues supportive, #intraday likely to open above 21663 tomorrow",2026-09-04 22:14:54.069152+00:00,1,0,0,['intraday'],['user_598f20'],intraday,2026-09-05 19:16:04.283823+00:00,[],2026-09-04
"banknifty_baba|2026-09-05T18:43:09.434176+00:00|#nifty50 looking strong today, breakout ",banknifty_baba,"#nifty50 looking strong today, breakout above 49944, target 49324 Keep an eye on FII/DII data.",2026-09-05 18:43:09.434176+00:00,3,0,0,"['nifty50', 'nifty50']",['user_6d5dbd'],nifty50,2026-09-05 19:16:04.275222+00:00,[],2026-09-05
"quant_priya|2026-09-04T22:40:43.533330+00:00|Global cues supportive, #nifty50 likely ",quant_priya,"Global cues supportive, #nifty50 likely to open above 22695 tomorrow Reliance also in focus.",2026-09-04 22:40:43.533330+00:00,11,2,0,['nifty50'],[],nifty50,2026-09-05 19:16:04.259210+00:00,[],2026-09-04
"the_bear_desk|2026-09-04T21:04:10.726256+00:00|बाजार में तेजी है, 23461 के ऊपर खरीदारी ",the_bear_desk,"बाजार में तेजी है, 23461 के ऊपर खरीदारी का मौका #intraday Let's see how it closes.",2026-09-04 21:04:10.726256+00:00,10,2,1,"['intraday', 'sensex']",['user_4b23b7'],intraday,2026-09-05 19:16:04.252991+00:00,[],2026-09-04
"riskmanager_99|2026-09-05T10:10:25.417153+00:00|FIIs selling continuously, #banknifty we",riskmanager_99,"FIIs selling continuously, #banknifty weak below 22604",2026-09-05 10:10:25.417153+00:00,15,4,1,['banknifty'],[],banknifty,2026-09-05 19:16:04.267547+00:00,[],2026-09-05
riskmanager_99|2026-09-05T10:33:56.782045+00:00|#sensex range-bound between 49472 and 49,riskmanager_99,"#sensex range-bound between 49472 and 49622 today, waiting for a clear direction Kya lagta hai aap logo ka?",2026-09-05 10:33:56.782045+00:00,4,1,0,['sensex'],[],sensex,2026-09-05 19:16:04.298132+00:00,[],2026-09-05
"options_owl|2026-09-05T15:00:37.144469+00:00|बाजार में तेजी है, 22298 के ऊपर खरीदारी ",options_owl,"बाजार में तेजी है, 22298 के ऊपर खरीदारी का मौका #banknifty DYOR.",2026-09-05 15:00:37.144469+00:00,7,0,0,"['banknifty', 'banknifty']",[],banknifty,2026-09-05 19:16:04.263076+00:00,[],2026-09-05
"dalalstreet_diary|2026-09-05T12:30:19.137296+00:00|#sensex showing higher highs, 22606 brok",dalalstreet_diary,"#sensex showing higher highs, 22606 broken with volume, next stop 23406",2026-09-05 12:30:19.137296+00:00,1,0,0,"['sensex', 'sensex']",[],sensex,2026-09-05 19:16:04.267701+00:00,[],2026-09-05
"banknifty_baba|2026-09-04T18:43:28.354034+00:00|#nifty50 showing higher highs, 21862 bro",banknifty_baba,"#nifty50 showing higher highs, 21862 broken with volume, next stop 21412 Options data suggests the same.",2026-09-04 18:43:28.354034+00:00,10,2,0,['nifty50'],[],nifty50,2026-09-05 19:16:04.313113+00:00,[],2026-09-04
"dalalstreet_diary|2026-09-05T01:40:24.002896+00:00|मंदी का माहौल है बाज़ार में, 50351 से नी",dalalstreet_diary,"मंदी का माहौल है बाज़ार में, 50351 से नीचे बिकवाली तेज #nifty50 #optionstrading #dalalstreet",2026-09-05 01:40:24.002896+00:00,8,0,1,['nifty50'],[],nifty50,2026-09-05 19:16:04.277497+00:00,[],2026-09-05
"options_owl|2026-09-05T16:20:03.560860+00:00|मंदी का माहौल है बाज़ार में, 49506 से नी",options_owl,"मंदी का माहौल है बाज़ार में, 49506 से नीचे बिकवाली तेज #intraday DYOR.",2026-09-05 16:20:03.560860+00:00,4,1,0,['intraday'],[],intraday,2026-09-05 19:16:04.285800+00:00,[],2026-09-05
"chartwizard|2026-09-05T10:39:28.247743+00:00|मंदी का माहौल है बाज़ार में, 22048 से नी",chartwizard,"मंदी का माहौल है बाज़ार में, 22048 से नीचे बिकवाली तेज #nifty50 Keep an eye on FII/DII data.",2026-09-05 10:39:28.247743+00:00,3,0,0,['nifty50'],[],nifty50,2026-09-05 19:16:04.278049+00:00,[],2026-09-05
riskmanager_99|2026-09-05T03:08:55.829376+00:00|Positional buy initiated on #sensex abov,riskmanager_99,"Positional buy initiated on #sensex above 50803, SL below 50503 Keep an eye on FII/DII data.",2026-09-05 03:08:55.829376+00:00,4,0,0,['sensex'],['user_0314ae'],sensex,2026-09-05 19:16:04.252501+00:00,[],2026-09-05
"intraday_ishaan|2026-09-05T07:03:26.273366+00:00|#banknifty showing higher highs, 21583 b",intraday_ishaan,"#banknifty showing higher highs, 21583 broken with volume, next stop 22383 Volume bhi zyada hai aaj.",2026-09-05 07:03:26.273366+00:00,5,0,0,['banknifty'],[],banknifty,2026-09-05 19:16:04.293724+00:00,[],2026-09-05
"the_bear_desk|2026-09-05T02:25:25.050952+00:00|Sell on rise strategy for #intraday, res",the_bear_desk,"Sell on rise strategy for #intraday, resistance at 50564 not breaking #optionstrading #dalalstreet",2026-09-05 02:25:25.050952+00:00,13,1,2,"['intraday', 'intraday']",[],intraday,2026-09-05 19:16:04.274322+00:00,[],2026-09-05
"quant_priya|2026-09-05T15:11:29.296844+00:00|#intraday breaking down below 21628, exp",quant_priya,"#intraday breaking down below 21628, expecting further downside to 22248 Kya lagta hai aap logo ka?",2026-09-05 15:11:29.296844+00:00,10,0,0,"['intraday', 'sensex']",['user_72d4be'],intraday,2026-09-05 19:16:04.290938+00:00,[],2026-09-05
"riskmanager_99|2026-09-05T05:47:35.122457+00:00|Global cues supportive, #banknifty likel",riskmanager_99,"Global cues supportive, #banknifty likely to open above 22559 tomorrow Volume bhi zyada hai aaj.",2026-09-05 05:47:35.122457+00:00,1,0,0,['banknifty'],['user_e618ef'],banknifty,2026-09-05 19:16:04.306977+00:00,[],2026-09-05
"banknifty_baba|2026-09-05T11:37:31.038697+00:00|FIIs buying heavily today, #intraday cou",banknifty_baba,"FIIs buying heavily today, #intraday could test 50444 by expiry Tata Motors also in focus.",2026-09-05 11:37:31.038697+00:00,4,0,0,['intraday'],[],intraday,2026-09-05 19:16:04.272755+00:00,[],2026-09-05
swing_trader_in|2026-09-05T00:39:04.212676+00:00|Profit booking seen in #banknifty near 2,swing_trader_in,"Profit booking seen in #banknifty near 21926, caution advised Options data suggests the same.",2026-09-05 00:39:04.212676+00:00,2,0,0,"['banknifty', 'intraday']",[],banknifty,2026-09-05 19:16:04.264265+00:00,[],2026-09-05
"bull_on_dalal_st|2026-09-05T14:44:36.430747+00:00|Watching #banknifty closely, no clear tr",bull_on_dalal_st,"Watching #banknifty closely, no clear trend yet. What's everyone's view on 50942?",2026-09-05 14:44:36.430747+00:00,7,0,0,['banknifty'],['user_8d865a'],banknifty,2026-09-05 19:16:04.301702+00:00,[],2026-09-05
"sensex_scalper|2026-09-05T13:09:33.473898+00:00|#intraday consolidating near 22264, need",sensex_scalper,"#intraday consolidating near 22264, need a breakout either side NFA.",2026-09-05 13:09:33.473898+00:00,8,1,1,"['intraday', 'banknifty']",[],intraday,2026-09-05 19:16:04.265493+00:00,[],2026-09-05
swing_trader_in|2026-09-04T19:57:33.910689+00:00|#intraday range-bound between 22509 and ,swing_trader_in,"#intraday range-bound between 22509 and 22209 today, waiting for a clear direction",2026-09-04 19:57:33.910689+00:00,14,0,0,['intraday'],[],intraday,2026-09-05 19:16:04.280259+00:00,[],2026-09-04
riskmanager_99|2026-09-05T05:02:38.292751+00:00|Profit booking seen in #intraday near 21,riskmanager_99,"Profit booking seen in #intraday near 21878, caution advised Thoughts?",2026-09-05 05:02:38.292751+00:00,8,2,0,['intraday'],[],intraday,2026-09-05 19:16:04.280735+00:00,[],2026-09-05
"intraday_ishaan|2026-09-05T17:49:13.387623+00:00|मंदी का माहौल है बाज़ार में, 21790 से नी",intraday_ishaan,"मंदी का माहौल है बाज़ार में, 21790 से नीचे बिकवाली तेज #sensex Keep an eye on FII/DII data.",2026-09-05 17:49:13.387623+00:00,1,0,0,['sensex'],[],sensex,2026-09-05 19:16:04.278011+00:00,[],2026-09-05
"options_owl|2026-09-05T15:21:59.370861+00:00|FIIs selling continuously, #intraday wea",options_owl,"FIIs selling continuously, #intraday weak below 47727 Budget session ahead, stay alert.",2026-09-05 15:21:59.370861+00:00,4,0,0,['intraday'],[],intraday,2026-09-05 19:16:04.305844+00:00,[],2026-09-05
"quant_priya|2026-09-04T22:19:36.757611+00:00|#intraday consolidating near 48392, need",quant_priya,"#intraday consolidating near 48392, need a breakout either side Options data suggests the same.",2026-09-04 22:19:36.757611+00:00,0,0,0,['intraday'],[],intraday,2026-09-05 19:16:04.258525+00:00,[],2026-09-04
"quant_priya|2026-09-04T22:08:46.784692+00:00|आज #intraday में भारी गिरावट, 22208 का स",quant_priya,"आज #intraday में भारी गिरावट, 22208 का सपोर्ट टूटा Let's see how it closes.",2026-09-04 22:08:46.784692+00:00,12,2,0,"['intraday', 'nifty50']",[],intraday,2026-09-05 19:16:04.282657+00:00,[],2026-09-04
dalalstreet_diary|2026-09-05T01:17:18.100023+00:00|Positional buy initiated on #sensex abov,dalalstreet_diary,"Positional buy initiated on #sensex above 23428, SL below 23578 Let's see how it closes.",2026-09-05 01:17:18.100023+00:00,4,0,0,['sensex'],['user_e39338'],sensex,2026-09-05 19:16:04.286214+00:00,[],2026-09-05
"bull_on_dalal_st|2026-09-05T18:35:13.067728+00:00|Global cues supportive, #banknifty likel",bull_on_dalal_st,"Global cues supportive, #banknifty likely to open above 21500 tomorrow #stockmarket #trading",2026-09-05 18:35:13.067728+00:00,2,0,0,['banknifty'],[],banknifty,2026-09-05 19:16:04.263335+00:00,[],2026-09-05
"riskmanager_99|2026-09-05T07:29:15.230583+00:00|#sensex breaking down below 22592, expec",riskmanager_99,"#sensex breaking down below 22592, expecting further downside to 22142 #optionstrading #dalalstreet",2026-09-05 07:29:15.230583+00:00,13,1,0,"['sensex', 'banknifty']",[],sensex,2026-09-05 19:16:04.297435+00:00,[],2026-09-05
"banknifty_baba|2026-09-04T21:09:10.094118+00:00|बाजार में तेजी है, 22879 के ऊपर खरीदारी ",banknifty_baba,"बाजार में तेजी है, 22879 के ऊपर खरीदारी का मौका #nifty50 #stockmarket #trading",2026-09-04 21:09:10.094118+00:00,10,1,0,['nifty50'],[],nifty50,2026-09-05 19:16:04.281699+00:00,[],2026-09-04
"sensex_scalper|2026-09-05T16:07:05.374881+00:00|FIIs selling continuously, #banknifty we",sensex_scalper,"FIIs selling continuously, #banknifty weak below 49210 Volume bhi zyada hai aaj.",2026-09-05 16:07:05.374881+00:00,1,0,0,"['banknifty', 'banknifty']",['user_70d837'],banknifty,2026-09-05 19:16:04.276577+00:00,[],2026-09-05
"quant_priya|2026-09-05T00:56:53.939125+00:00|Sell on rise strategy for #banknifty, re",quant_priya,"Sell on rise strategy for #banknifty, resistance at 50016 not breaking RBI policy day today.",2026-09-05 00:56:53.939125+00:00,0,0,0,['banknifty'],[],banknifty,2026-09-05 19:16:04.259040+00:00,[],2026-09-05
"riskmanager_99|2026-09-04T19:16:20.860993+00:00|Mixed signals on #banknifty today, 48340",riskmanager_99,"Mixed signals on #banknifty today, 48340 acting as a pivot Options data suggests the same.",2026-09-04 19:16:20.860993+00:00,7,0,0,['banknifty'],['user_96114d'],banknifty,2026-09-05 19:16:04.302612+00:00,[],2026-09-04
"quant_priya|2026-09-05T15:18:01.743199+00:00|#intraday looking strong today, breakout",quant_priya,"#intraday looking strong today, breakout above 22211, target 22661",2026-09-05 15:18:01.743199+00:00,15,1,0,['intraday'],[],intraday,2026-09-05 19:16:04.256443+00:00,[],2026-09-05
"swing_trader_in|2026-09-05T04:14:47.232895+00:00|Tejji ka mahaul hai #sensex mein, 50516 ",swing_trader_in,"Tejji ka mahaul hai #sensex mein, 50516 pe strong buying dekhi Kya lagta hai aap logo ka?",2026-09-05 04:14:47.232895+00:00,9,2,0,['sensex'],[],sensex,2026-09-05 19:16:04.293655+00:00,[],2026-09-05
"chartwizard|2026-09-05T12:30:39.180712+00:00|Mixed signals on #banknifty today, 49503",chartwizard,"Mixed signals on #banknifty today, 49503 acting as a pivot RBI policy day today. ITC also in focus.",2026-09-05 12:30:39.180712+00:00,2,0,0,"['banknifty', 'banknifty']",[],banknifty,2026-09-05 19:16:04.271487+00:00,[],2026-09-05
"chartwizard|2026-09-05T14:43:36.345139+00:00|#nifty50 forming lower lows, 48145 suppo",chartwizard,"#nifty50 forming lower lows, 48145 support gone, next target 48595",2026-09-05 14:43:36.345139+00:00,2,0,0,['nifty50'],[],nifty50,2026-09-05 19:16:04.269754+00:00,[],2026-09-05
"trader_raj|2026-09-05T07:27:56.026424+00:00|Sideways action continues on #banknifty,",trader_raj,"Sideways action continues on #banknifty, 21630-21780 range holding Volume bhi zyada hai aaj.",2026-09-05 07:27:56.026424+00:00,8,0,0,['banknifty'],[],banknifty,2026-09-05 19:16:04.274193+00:00,[],2026-09-05
"MarketMaverick|2026-09-05T17:03:49.342662+00:00|Sideways action continues on #intraday, ",MarketMaverick,"Sideways action continues on #intraday, 22803-23253 range holding RBI policy day today.",2026-09-05 17:03:49.342662+00:00,12,1,1,"['intraday', 'intraday']",[],intraday,2026-09-05 19:16:04.253406+00:00,[],2026-09-05
"quant_priya|2026-09-05T14:47:35.847633+00:00|#sensex breaking down below 22746, expec",quant_priya,"#sensex breaking down below 22746, expecting further downside to 22446 NFA.",2026-09-05 14:47:35.847633+00:00,5,0,0,['sensex'],[],sensex,2026-09-05 19:16:04.256369+00:00,[],2026-09-05
"algo_anil|2026-09-05T02:55:24.415876+00:00|Sideways action continues on #sensex, 48",algo_anil,"Sideways action continues on #sensex, 48559-48259 range holding RBI policy day today.",2026-09-05 02:55:24.415876+00:00,11,1,0,"['sensex', 'banknifty']",['user_c99081'],sensex,2026-09-05 19:16:04.282101+00:00,[],2026-09-05
"niftyguru|2026-09-05T08:39:30.054908+00:00|Market crash ho sakta hai, 22648 ka supp",niftyguru,"Market crash ho sakta hai, 22648 ka support toot gaya, bearish on #banknifty DYOR.",2026-09-05 08:39:30.054908+00:00,2,0,0,"['banknifty', 'banknifty']",[],banknifty,2026-09-05 19:16:04.264851+00:00,[],2026-09-05
"quant_priya|2026-09-05T12:38:02.741764+00:00|#nifty50 breaking down below 49499, expe",quant_priya,"#nifty50 breaking down below 49499, expecting further downside to 50119 Keep an eye on FII/DII data.",2026-09-05 12:38:02.741764+00:00,8,1,0,['nifty50'],[],nifty50,2026-09-05 19:16:04.264565+00:00,[],2026-09-05
MarketMaverick|2026-09-05T18:42:32.331835+00:00|Nifty ne resistance todi! bullish moment,MarketMaverick,"Nifty ne resistance todi! bullish momentum building, 50936 ke upar accumulate karo #intraday",2026-09-05 18:42:32.331835+00:00,4,0,0,['intraday'],[],intraday,2026-09-05 19:16:04.311449+00:00,[],2026-09-05
"chartwizard|2026-09-05T10:57:51.266921+00:00|Buy the dip on 49081, 48461 target for s",chartwizard,"Buy the dip on 49081, 48461 target for swing trade #banknifty $NIFTY Let's see how it closes.",2026-09-05 10:57:51.266921+00:00,15,1,0,"['banknifty', 'nifty50']",[],banknifty,2026-09-05 19:16:04.271812+00:00,['NIFTY'],2026-09-05
"the_bear_desk|2026-09-05T02:35:39.167142+00:00|Sell on rise strategy for #nifty50, resi",the_bear_desk,"Sell on rise strategy for #nifty50, resistance at 50882 not breaking #stockmarket #trading",2026-09-05 02:35:39.167142+00:00,10,2,0,"['nifty50', 'banknifty']",[],nifty50,2026-09-05 19:16:04.300211+00:00,[],2026-09-05
"riskmanager_99|2026-09-05T05:24:30.098268+00:00|Global cues supportive, #intraday likely",riskmanager_99,"Global cues supportive, #intraday likely to open above 50258 tomorrow DYOR.",2026-09-05 05:24:30.098268+00:00,0,0,0,"['intraday', 'intraday']",[],intraday,2026-09-05 19:16:04.309185+00:00,[],2026-09-05
"sensex_scalper|2026-09-05T09:15:58.757941+00:00|Global markets weak overnight, #sensex m",sensex_scalper,"Global markets weak overnight, #sensex may gap down below 23155",2026-09-05 09:15:58.757941+00:00,13,1,1,"['sensex', 'sensex']",[],sensex,2026-09-05 19:16:04.276364+00:00,[],2026-09-05
"options_owl|2026-09-05T02:09:04.728198+00:00|#sensex breaking down below 50394, expec",options_owl,"#sensex breaking down below 50394, expecting further downside to 50844 #stockmarket #trading",2026-09-05 02:09:04.728198+00:00,9,2,0,['sensex'],[],sensex,2026-09-05 19:16:04.298431+00:00,[],2026-09-05
"sensex_scalper|2026-09-05T18:28:42.368203+00:00|Panic selling in #nifty50, 23008 breakdo",sensex_scalper,"Panic selling in #nifty50, 23008 breakdown confirmed, stop loss hit Options data suggests the same.",2026-09-05 18:28:42.368203+00:00,9,1,0,['nifty50'],[],nifty50,2026-09-05 19:16:04.269807+00:00,[],2026-09-05
"options_owl|2026-09-05T02:20:15.866706+00:00|Sideways action continues on #banknifty,",options_owl,"Sideways action continues on #banknifty, 22845-22995 range holding Kya lagta hai aap logo ka?",2026-09-05 02:20:15.866706+00:00,6,0,0,['banknifty'],[],banknifty,2026-09-05 19:16:04.270170+00:00,[],2026-09-05
"algo_anil|2026-09-05T14:10:12.558577+00:00|#intraday consolidating near 50926, need",algo_anil,"#intraday consolidating near 50926, need a breakout either side #stockmarket #trading",2026-09-05 14:10:12.558577+00:00,1,0,0,['intraday'],[],intraday,2026-09-05 19:16:04.307400+00:00,[],2026-09-05
"trader_raj|2026-09-05T15:47:44.903185+00:00|Global cues supportive, #sensex likely t",trader_raj,"Global cues supportive, #sensex likely to open above 23453 tomorrow Let's see how it closes.",2026-09-05 15:47:44.903185+00:00,15,4,1,"['sensex', 'banknifty']",[],sensex,2026-09-05 19:16:04.253371+00:00,[],2026-09-05
"swing_trader_in|2026-09-04T22:01:20.156202+00:00|Global cues supportive, #sensex likely t",swing_trader_in,"Global cues supportive, #sensex likely to open above 49435 tomorrow NFA.",2026-09-04 22:01:20.156202+00:00,9,1,1,['sensex'],[],sensex,2026-09-05 19:16:04.265678+00:00,[],2026-09-04
MarketMaverick|2026-09-05T07:11:26.265417+00:00|Profit booking seen in #sensex near 2214,MarketMaverick,"Profit booking seen in #sensex near 22144, caution advised Keep an eye on FII/DII data.",2026-09-05 07:11:26.265417+00:00,7,0,0,['sensex'],[],sensex,2026-09-05 19:16:04.312131+00:00,[],2026-09-05
"banknifty_baba|2026-09-05T17:55:34.595863+00:00|#nifty50 looking strong today, breakout ",banknifty_baba,"#nifty50 looking strong today, breakout above 49163, target 49613 RBI policy day today.",2026-09-05 17:55:34.595863+00:00,7,1,0,['nifty50'],[],nifty50,2026-09-05 19:16:04.300706+00:00,[],2026-09-05
"intraday_ishaan|2026-09-04T23:53:26.690026+00:00|Buy the dip on 21617, 21167 target for s",intraday_ishaan,"Buy the dip on 21617, 21167 target for swing trade #banknifty $NIFTY",2026-09-04 23:53:26.690026+00:00,14,0,1,['banknifty'],[],banknifty,2026-09-05 19:16:04.292889+00:00,['NIFTY'],2026-09-04
dalalstreet_diary|2026-09-04T23:16:13.890152+00:00|Short positions added on #intraday below,dalalstreet_diary,"Short positions added on #intraday below 49933, target 50383 Volume bhi zyada hai aaj.",2026-09-04 23:16:13.890152+00:00,0,0,0,['intraday'],[],intraday,2026-09-05 19:16:04.294153+00:00,[],2026-09-04
"trader_raj|2026-09-05T04:34:34.786905+00:00|FIIs buying heavily today, #intraday cou",trader_raj,"FIIs buying heavily today, #intraday could test 21092 by expiry Let's see how it closes.",2026-09-05 04:34:34.786905+00:00,14,2,2,"['intraday', 'nifty50']",[],intraday,2026-09-05 19:16:04.279892+00:00,[],2026-09-05
"riskmanager_99|2026-09-05T07:57:04.432129+00:00|Tejji ka mahaul hai #banknifty mein, 230",riskmanager_99,"Tejji ka mahaul hai #banknifty mein, 23096 pe strong buying dekhi Budget session ahead, stay alert.",2026-09-05 07:57:04.432129+00:00,6,1,1,['banknifty'],[],banknifty,2026-09-05 19:16:04.297340+00:00,[],2026-09-05
"quant_priya|2026-09-05T01:08:48.226946+00:00|#sensex consolidating near 22048, need a",quant_priya,"#sensex consolidating near 22048, need a breakout either side",2026-09-05 01:08:48.226946+00:00,12,2,1,['sensex'],[],sensex,2026-09-05 19:16:04.311274+00:00,[],2026-09-05
"intraday_ishaan|2026-09-05T07:02:45.371806+00:00|आज #intraday में जबरदस्त तेजी, 47890 का ",intraday_ishaan,"आज #intraday में जबरदस्त तेजी, 47890 का स्तर पार Thoughts?",2026-09-05 07:02:45.371806+00:00,12,0,0,['intraday'],[],intraday,2026-09-05 19:16:04.283737+00:00,[],2026-09-05
"intraday_ishaan|2026-09-05T08:52:53.495219+00:00|Tejji ka mahaul hai #sensex mein, 22817 ",intraday_ishaan,"Tejji ka mahaul hai #sensex mein, 22817 pe strong buying dekhi",2026-09-05 08:52:53.495219+00:00,1,0,0,['sensex'],[],sensex,2026-09-05 19:16:04.270371+00:00,[],2026-09-05
"MarketMaverick|2026-09-05T02:05:10.308106+00:00|#sensex showing higher highs, 50023 brok",MarketMaverick,"#sensex showing higher highs, 50023 broken with volume, next stop 50323 Budget session ahead, stay alert.",2026-09-05 02:05:10.308106+00:00,3,0,0,['sensex'],[],sensex,2026-09-05 19:16:04.294223+00:00,[],2026-09-05
banknifty_baba|2026-09-05T09:01:22.023475+00:00|Nifty ne resistance todi! bullish moment,banknifty_baba,"Nifty ne resistance todi! bullish momentum building, 49525 ke upar accumulate karo #banknifty",2026-09-05 09:01:22.023475+00:00,9,1,1,['banknifty'],[],banknifty,2026-09-05 19:16:04.284524+00:00,[],2026-09-05
"algo_anil|2026-09-05T05:23:20.358971+00:00|Sensex rally continues, 22694 support ho",algo_anil,"Sensex rally continues, 22694 support holding well. Long positions looking good #sensex Thoughts?",2026-09-05 05:23:20.358971+00:00,5,1,0,"['sensex', 'nifty50']",[],sensex,2026-09-05 19:16:04.313087+00:00,[],2026-09-05
"the_bear_desk|2026-09-04T21:45:46.746113+00:00|Panic selling in #banknifty, 21699 break",the_bear_desk,"Panic selling in #banknifty, 21699 breakdown confirmed, stop loss hit Keep an eye on FII/DII data.",2026-09-04 21:45:46.746113+00:00,15,4,0,['banknifty'],[],banknifty,2026-09-05 19:16:04.265410+00:00,[],2026-09-04
"bull_on_dalal_st|2026-09-05T00:39:59.533970+00:00|Global cues supportive, #sensex likely t",bull_on_dalal_st,"Global cues supportive, #sensex likely to open above 22037 tomorrow RBI policy day today.",2026-09-05 00:39:59.533970+00:00,10,2,0,['sensex'],[],sensex,2026-09-05 19:16:04.263752+00:00,[],2026-09-05
"intraday_ishaan|2026-09-05T10:55:39.001385+00:00|बाजार में तेजी है, 47742 के ऊपर खरीदारी ",intraday_ishaan,"बाजार में तेजी है, 47742 के ऊपर खरीदारी का मौका #banknifty",2026-09-05 10:55:39.001385+00:00,7,1,0,['banknifty'],[],banknifty,2026-09-05 19:16:04.277908+00:00,[],2026-09-05
"sensex_scalper|2026-09-05T08:21:02.069213+00:00|Mixed signals on #sensex today, 49849 ac",sensex_scalper,"Mixed signals on #sensex today, 49849 acting as a pivot #optionstrading #dalalstreet",2026-09-05 08:21:02.069213+00:00,8,0,1,['sensex'],[],sensex,2026-09-05 19:16:04.271660+00:00,[],2026-09-05
"riskmanager_99|2026-09-05T03:15:38.726665+00:00|आज #sensex में भारी गिरावट, 47726 का सपो",riskmanager_99,"आज #sensex में भारी गिरावट, 47726 का सपोर्ट टूटा Thoughts?",2026-09-05 03:15:38.726665+00:00,10,2,0,['sensex'],[],sensex,2026-09-05 19:16:04.298979+00:00,[],2026-09-05
"sensex_scalper|2026-09-04T23:58:01.859880+00:00|FIIs buying heavily today, #banknifty co",sensex_scalper,"FIIs buying heavily today, #banknifty could test 21172 by expiry",2026-09-04 23:58:01.859880+00:00,12,2,0,['banknifty'],[],banknifty,2026-09-05 19:16:04.271384+00:00,[],2026-09-04
"riskmanager_99|2026-09-05T08:26:58.381926+00:00|Buy the dip on 48149, 47529 target for s",riskmanager_99,"Buy the dip on 48149, 47529 target for swing trade #banknifty $NIFTY Kya lagta hai aap logo ka?",2026-09-05 08:26:58.381926+00:00,12,0,2,['banknifty'],[],banknifty,2026-09-05 19:16:04.299462+00:00,['NIFTY'],2026-09-05
"sensex_scalper|2026-09-05T14:43:32.601005+00:00|Mixed signals on #nifty50 today, 21559 a",sensex_scalper,"Mixed signals on #nifty50 today, 21559 acting as a pivot Volume bhi zyada hai aaj.",2026-09-05 14:43:32.601005+00:00,4,0,0,['nifty50'],[],nifty50,2026-09-05 19:16:04.281187+00:00,[],2026-09-05
trader_raj|2026-09-05T12:28:54.429526+00:00|Positional buy initiated on #nifty50 abo,trader_raj,"Positional buy initiated on #nifty50 above 23395, SL below 23845 Options data suggests the same.",2026-09-05 12:28:54.429526+00:00,4,0,0,['nifty50'],[],nifty50,2026-09-05 19:16:04.253219+00:00,[],2026-09-05
"algo_anil|2026-09-05T04:34:52.073860+00:00|#intraday consolidating near 50647, need",algo_anil,"#intraday consolidating near 50647, need a breakout either side Options data suggests the same.",2026-09-05 04:34:52.073860+00:00,12,2,2,"['intraday', 'banknifty']",['user_cb9ddd'],intraday,2026-09-05 19:16:04.283204+00:00,[],2026-09-05
"bull_on_dalal_st|2026-09-04T23:56:43.454685+00:00|FIIs buying heavily today, #intraday cou",bull_on_dalal_st,"FIIs buying heavily today, #intraday could test 50327 by expiry #optionstrading #dalalstreet",2026-09-04 23:56:43.454685+00:00,8,0,0,"['intraday', 'nifty50']",[],intraday,2026-09-05 19:16:04.281382+00:00,[],2026-09-04
"swing_trader_in|2026-09-05T13:35:10.334464+00:00|Panic selling in #banknifty, 21748 break",swing_trader_in,"Panic selling in #banknifty, 21748 breakdown confirmed, stop loss hit #optionstrading #dalalstreet",2026-09-05 13:35:10.334464+00:00,14,3,0,['banknifty'],[],banknifty,2026-09-05 19:16:04.255612+00:00,[],2026-09-05
"chartwizard|2026-09-05T16:17:57.870658+00:00|Mixed signals on #nifty50 today, 22409 a",chartwizard,"Mixed signals on #nifty50 today, 22409 acting as a pivot Thoughts?",2026-09-05 16:17:57.870658+00:00,5,0,0,"['nifty50', 'banknifty']",[],nifty50,2026-09-05 19:16:04.263934+00:00,[],2026-09-05
"options_owl|2026-09-05T14:15:04.045201+00:00|FIIs buying heavily today, #nifty50 coul",options_owl,"FIIs buying heavily today, #nifty50 could test 21144 by expiry #stockmarket #trading",2026-09-05 14:15:04.045201+00:00,15,0,2,['nifty50'],['user_85f48c'],nifty50,2026-09-05 19:16:04.269607+00:00,[],2026-09-05
algo_anil|2026-09-04T19:08:56.110971+00:00|Nifty ne resistance todi! bullish moment,algo_anil,"Nifty ne resistance todi! bullish momentum building, 50614 ke upar accumulate karo #nifty50 Kya lagta hai aap logo ka?",2026-09-04 19:08:56.110971+00:00,6,0,0,"['nifty50', 'sensex']",[],nifty50,2026-09-05 19:16:04.309980+00:00,[],2026-09-04
"banknifty_baba|2026-09-04T19:54:59.926217+00:00|बाजार में तेजी है, 21709 के ऊपर खरीदारी ",banknifty_baba,"बाजार में तेजी है, 21709 के ऊपर खरीदारी का मौका #banknifty #optionstrading #dalalstreet ITC also in focus.",2026-09-04 19:54:59.926217+00:00,8,0,0,['banknifty'],[],banknifty,2026-09-05 19:16:04.308511+00:00,[],2026-09-04
algo_anil|2026-09-05T10:58:29.831525+00:00|Positional buy initiated on #banknifty a,algo_anil,"Positional buy initiated on #banknifty above 49459, SL below 49009 Options data suggests the same.",2026-09-05 10:58:29.831525+00:00,12,2,2,['banknifty'],['user_59af72'],banknifty,2026-09-05 19:16:04.286050+00:00,[],2026-09-05
"chartwizard|2026-09-05T06:24:07.605397+00:00|Gap up opening expected for #intraday, 4",chartwizard,"Gap up opening expected for #intraday, 49489 is the level to watch Thoughts?",2026-09-05 06:24:07.605397+00:00,3,0,0,['intraday'],[],intraday,2026-09-05 19:16:04.305554+00:00,[],2026-09-05
"niftyguru|2026-09-05T14:47:29.902082+00:00|Global cues supportive, #sensex likely t",niftyguru,"Global cues supportive, #sensex likely to open above 47612 tomorrow Thoughts?",2026-09-05 14:47:29.902082+00:00,1,0,0,['sensex'],[],sensex,2026-09-05 19:16:04.302566+00:00,[],2026-09-05
"options_owl|2026-09-04T22:13:19.191392+00:00|Low volume day for #nifty50, market awai",options_owl,"Low volume day for #nifty50, market awaiting 21578 confirmation Budget session ahead, stay alert.",2026-09-04 22:13:19.191392+00:00,2,0,0,['nifty50'],[],nifty50,2026-09-05 19:16:04.293005+00:00,[],2026-09-04
"banknifty_baba|2026-09-05T02:09:47.577049+00:00|Tejji ka mahaul hai #nifty50 mein, 49895",banknifty_baba,"Tejji ka mahaul hai #nifty50 mein, 49895 pe strong buying dekhi NFA.",2026-09-05 02:09:47.577049+00:00,2,0,0,"['nifty50', 'intraday']",[],nifty50,2026-09-05 19:16:04.256142+00:00,[],2026-09-05
"trader_raj|2026-09-05T08:34:48.174181+00:00|#banknifty breaking down below 22370, ex",trader_raj,"#banknifty breaking down below 22370, expecting further downside to 21920 Kya lagta hai aap logo ka?",2026-09-05 08:34:48.174181+00:00,4,0,0,['banknifty'],[],banknifty,2026-09-05 19:16:04.312581+00:00,[],2026-09-05
"banknifty_baba|2026-09-05T07:39:00.538708+00:00|Global markets weak overnight, #banknift",banknifty_baba,"Global markets weak overnight, #banknifty may gap down below 48375 Let's see how it closes. HDFC Bank also in focus.",2026-09-05 07:39:00.538708+00:00,8,1,0,"['banknifty', 'banknifty']",[],banknifty,2026-09-05 19:16:04.295918+00:00,[],2026-09-05
"algo_anil|2026-09-04T23:57:32.288695+00:00|Panic selling in #intraday, 49661 breakd",algo_anil,"Panic selling in #intraday, 49661 breakdown confirmed, stop loss hit DYOR.",2026-09-04 23:57:32.288695+00:00,10,1,0,"['intraday', 'nifty50']",[],intraday,2026-09-05 19:16:04.291313+00:00,[],2026-09-04
"algo_anil|2026-09-05T00:13:44.007214+00:00|बाजार में तेजी है, 22879 के ऊपर खरीदारी ",algo_anil,"बाजार में तेजी है, 22879 के ऊपर खरीदारी का मौका #banknifty",2026-09-05 00:13:44.007214+00:00,13,3,1,['banknifty'],[],banknifty,2026-09-05 19:16:04.269868+00:00,[],2026-09-05
"the_bear_desk|2026-09-05T10:31:56.620344+00:00|#banknifty consolidating near 47825, nee",the_bear_desk,"#banknifty consolidating near 47825, need a breakout either side DYOR.",2026-09-05 10:31:56.620344+00:00,0,0,0,['banknifty'],['user_c6ca98'],banknifty,2026-09-05 19:16:04.290547+00:00,[],2026-09-05
"trader_raj|2026-09-04T23:18:13.278078+00:00|Low volume day for #intraday, market awa",trader_raj,"Low volume day for #intraday, market awaiting 22156 confirmation",2026-09-04 23:18:13.278078+00:00,9,1,0,['intraday'],[],intraday,2026-09-05 19:16:04.277289+00:00,[],2026-09-04
"chartwizard|2026-09-05T10:20:25.594380+00:00|बाजार में तेजी है, 23071 के ऊपर खरीदारी ",chartwizard,"बाजार में तेजी है, 23071 के ऊपर खरीदारी का मौका #nifty50 DYOR.",2026-09-05 10:20:25.594380+00:00,4,0,0,['nifty50'],[],nifty50,2026-09-05 19:16:04.257151+00:00,[],2026-09-05
"chartwizard|2026-09-05T12:06:34.372912+00:00|Global cues supportive, #banknifty likel",chartwizard,"Global cues supportive, #banknifty likely to open above 23481 tomorrow Kya lagta hai aap logo ka? ICICI Bank also in focus.",2026-09-05 12:06:34.372912+00:00,1,0,0,['banknifty'],[],banknifty,2026-09-05 19:16:04.308168+00:00,[],2026-09-05
"quant_priya|2026-09-05T00:16:55.660095+00:00|FIIs selling continuously, #sensex weak ",quant_priya,"FIIs selling continuously, #sensex weak below 22579 Options data suggests the same.",2026-09-05 00:16:55.660095+00:00,2,0,0,['sensex'],[],sensex,2026-09-05 19:16:04.292340+00:00,[],2026-09-05
"options_owl|2026-09-04T23:25:47.087354+00:00|FIIs selling continuously, #nifty50 weak",options_owl,"FIIs selling continuously, #nifty50 weak below 50079 NFA.",2026-09-04 23:25:47.087354+00:00,1,0,0,['nifty50'],[],nifty50,2026-09-05 19:16:04.297257+00:00,[],2026-09-04
"intraday_ishaan|2026-09-05T19:02:13.765613+00:00|आज #intraday में जबरदस्त तेजी, 48899 का ",intraday_ishaan,"आज #intraday में जबरदस्त तेजी, 48899 का स्तर पार Budget session ahead, stay alert.",2026-09-05 19:02:13.765613+00:00,8,1,1,['intraday'],[],intraday,2026-09-05 19:16:04.260118+00:00,[],2026-09-05
"quant_priya|2026-09-04T19:16:25.410609+00:00|Panic selling in #intraday, 23166 breakd",quant_priya,"Panic selling in #intraday, 23166 breakdown confirmed, stop loss hit NFA.",2026-09-04 19:16:25.410609+00:00,3,0,0,['intraday'],[],intraday,2026-09-05 19:16:04.295459+00:00,[],2026-09-04
"algo_anil|2026-09-05T11:08:43.798486+00:00|Global cues supportive, #sensex likely t",algo_anil,"Global cues supportive, #sensex likely to open above 49877 tomorrow Let's see how it closes.",2026-09-05 11:08:43.798486+00:00,3,0,0,['sensex'],[],sensex,2026-09-05 19:16:04.272771+00:00,[],2026-09-05
"the_bear_desk|2026-09-05T01:10:24.815979+00:00|Sell on rise strategy for #banknifty, re",the_bear_desk,"Sell on rise strategy for #banknifty, resistance at 48859 not breaking Kya lagta hai aap logo ka?",2026-09-05 01:10:24.815979+00:00,2,0,0,"['banknifty', 'intraday']",[],banknifty,2026-09-05 19:16:04.287921+00:00,[],2026-09-05
"swing_trader_in|2026-09-05T02:34:37.657123+00:00|Sell on rise strategy for #nifty50, resi",swing_trader_in,"Sell on rise strategy for #nifty50, resistance at 21609 not breaking",2026-09-05 02:34:37.657123+00:00,6,0,0,['nifty50'],[],nifty50,2026-09-05 19:16:04.296643+00:00,[],2026-09-05
riskmanager_99|2026-09-05T18:27:12.972877+00:00|Nifty ne resistance todi! bullish moment,riskmanager_99,"Nifty ne resistance todi! bullish momentum building, 23312 ke upar accumulate karo #banknifty Kya lagta hai aap logo ka?",2026-09-05 18:27:12.972877+00:00,9,2,0,['banknifty'],[],banknifty,2026-09-05 19:16:04.299017+00:00,[],2026-09-05
"dalalstreet_diary|2026-09-05T11:34:17.162927+00:00|आज #nifty50 में जबरदस्त तेजी, 49953 का स",dalalstreet_diary,"आज #nifty50 में जबरदस्त तेजी, 49953 का स्तर पार #optionstrading #dalalstreet",2026-09-05 11:34:17.162927+00:00,9,2,0,['nifty50'],[],nifty50,2026-09-05 19:16:04.269129+00:00,[],2026-09-05
"banknifty_baba|2026-09-05T01:57:22.655850+00:00|#intraday looking strong today, breakout",banknifty_baba,"#intraday looking strong today, breakout above 21547, target 22347 Let's see how it closes.",2026-09-05 01:57:22.655850+00:00,4,0,0,['intraday'],[],intraday,2026-09-05 19:16:04.260364+00:00,[],2026-09-05
"options_owl|2026-09-05T12:55:05.661434+00:00|मंदी का माहौल है बाज़ार में, 48364 से नी",options_owl,"मंदी का माहौल है बाज़ार में, 48364 से नीचे बिकवाली तेज #sensex Thoughts?",2026-09-05 12:55:05.661434+00:00,13,3,0,['sensex'],[],sensex,2026-09-05 19:16:04.252539+00:00,[],2026-09-05
"riskmanager_99|2026-09-05T14:10:31.361929+00:00|आज #banknifty में जबरदस्त तेजी, 23493 का",riskmanager_99,"आज #banknifty में जबरदस्त तेजी, 23493 का स्तर पार NFA.",2026-09-05 14:10:31.361929+00:00,3,0,0,"['banknifty', 'banknifty']",[],banknifty,2026-09-05 19:16:04.257770+00:00,[],2026-09-05
"intraday_ishaan|2026-09-05T14:37:49.536469+00:00|Mixed signals on #banknifty today, 48117",intraday_ishaan,"Mixed signals on #banknifty today, 48117 acting as a pivot Keep an eye on FII/DII data. SBI also in focus.",2026-09-05 14:37:49.536469+00:00,3,0,0,['banknifty'],['user_d58c3e'],banknifty,2026-09-05 19:16:04.311971+00:00,[],2026-09-05
"MarketMaverick|2026-09-05T13:48:24.737920+00:00|FIIs buying heavily today, #nifty50 coul",MarketMaverick,"FIIs buying heavily today, #nifty50 could test 22520 by expiry #stockmarket #trading",2026-09-05 13:48:24.737920+00:00,4,0,0,"['nifty50', 'banknifty']",[],nifty50,2026-09-05 19:16:04.277700+00:00,[],2026-09-05
"riskmanager_99|2026-09-05T09:54:23.517534+00:00|FIIs buying heavily today, #banknifty co",riskmanager_99,"FIIs buying heavily today, #banknifty could test 50213 by expiry #optionstrading #dalalstreet",2026-09-05 09:54:23.517534+00:00,2,0,0,['banknifty'],[],banknifty,2026-09-05 19:16:04.271711+00:00,[],2026-09-05
quant_priya|2026-09-05T06:59:16.193703+00:00|Profit booking seen in #banknifty near 5,quant_priya,"Profit booking seen in #banknifty near 50642, caution advised Thoughts?",2026-09-05 06:59:16.193703+00:00,3,0,0,['banknifty'],[],banknifty,2026-09-05 19:16:04.284313+00:00,[],2026-09-05
"chartwizard|2026-09-04T19:03:17.000841+00:00|मंदी का माहौल है बाज़ार में, 22618 से नी",chartwizard,"मंदी का माहौल है बाज़ार में, 22618 से नीचे बिकवाली तेज #banknifty",2026-09-04 19:03:17.000841+00:00,14,2,1,['banknifty'],[],banknifty,2026-09-05 19:16:04.291445+00:00,[],2026-09-04
"sensex_scalper|2026-09-05T05:04:15.872332+00:00|#sensex consolidating near 21659, need a",sensex_scalper,"#sensex consolidating near 21659, need a breakout either side Keep an eye on FII/DII data.",2026-09-05 05:04:15.872332+00:00,13,1,2,['sensex'],[],sensex,2026-09-05 19:16:04.259556+00:00,[],2026-09-05
intraday_ishaan|2026-09-05T14:49:08.630052+00:00|Profit booking seen in #intraday near 23,intraday_ishaan,"Profit booking seen in #intraday near 23091, caution advised Keep an eye on FII/DII data.",2026-09-05 14:49:08.630052+00:00,9,2,1,"['intraday', 'nifty50']",[],intraday,2026-09-05 19:16:04.308145+00:00,[],2026-09-05
banknifty_baba|2026-09-05T01:44:11.631965+00:00|Nifty ne resistance todi! bullish moment,banknifty_baba,"Nifty ne resistance todi! bullish momentum building, 47931 ke upar accumulate karo #sensex Let's see how it closes.",2026-09-05 01:44:11.631965+00:00,6,0,0,"['sensex', 'nifty50']",[],sensex,2026-09-05 19:16:04.293430+00:00,[],2026-09-05
"the_bear_desk|2026-09-05T16:26:20.452489+00:00|Sideways action continues on #banknifty,",the_bear_desk,"Sideways action continues on #banknifty, 22647-22497 range holding #optionstrading #dalalstreet",2026-09-05 16:26:20.452489+00:00,1,0,0,['banknifty'],[],banknifty,2026-09-05 19:16:04.295343+00:00,[],2026-09-05
"banknifty_baba|2026-09-05T18:54:53.020778+00:00|Watching #intraday closely, no clear tre",banknifty_baba,"Watching #intraday closely, no clear trend yet. What's everyone's view on 23212? Budget session ahead, stay alert.",2026-09-05 18:54:53.020778+00:00,10,1,0,['intraday'],[],intraday,2026-09-05 19:16:04.279918+00:00,[],2026-09-05
"algo_anil|2026-09-05T01:52:33.729359+00:00|#intraday forming lower lows, 47881 supp",algo_anil,"#intraday forming lower lows, 47881 support gone, next target 48501 Options data suggests the same.",2026-09-05 01:52:33.729359+00:00,1,0,0,['intraday'],[],intraday,2026-09-05 19:16:04.307919+00:00,[],2026-09-05
"riskmanager_99|2026-09-05T17:08:12.512987+00:00|FIIs selling continuously, #sensex weak ",riskmanager_99,"FIIs selling continuously, #sensex weak below 48461 Volume bhi zyada hai aaj.",2026-09-05 17:08:12.512987+00:00,2,0,0,['sensex'],[],sensex,2026-09-05 19:16:04.293417+00:00,[],2026-09-05
riskmanager_99|2026-09-05T18:38:15.268241+00:00|Short positions added on #banknifty belo,riskmanager_99,"Short positions added on #banknifty below 48637, target 48487 Volume bhi zyada hai aaj.",2026-09-05 18:38:15.268241+00:00,4,0,0,['banknifty'],[],banknifty,2026-09-05 19:16:04.268862+00:00,[],2026-09-05
"algo_anil|2026-09-05T01:55:39.270305+00:00|Low volume day for #nifty50, market awai",algo_anil,"Low volume day for #nifty50, market awaiting 50688 confirmation Let's see how it closes.",2026-09-05 01:55:39.270305+00:00,14,4,1,['nifty50'],[],nifty50,2026-09-05 19:16:04.275543+00:00,[],2026-09-05
trader_raj|2026-09-05T05:39:10.608608+00:00|Short positions added on #banknifty belo,trader_raj,"Short positions added on #banknifty below 48788, target 49238 Budget session ahead, stay alert. Bajaj Finance also in focus.",2026-09-05 05:39:10.608608+00:00,11,1,1,['banknifty'],[],banknifty,2026-09-05 19:16:04.281367+00:00,[],2026-09-05
"the_bear_desk|2026-09-05T10:02:18.244417+00:00|Tejji ka mahaul hai #banknifty mein, 485",the_bear_desk,"Tejji ka mahaul hai #banknifty mein, 48513 pe strong buying dekhi Let's see how it closes.",2026-09-05 10:02:18.244417+00:00,3,0,0,"['banknifty', 'nifty50']",['user_d0e2b1'],banknifty,2026-09-05 19:16:04.303003+00:00,[],2026-09-05
"chartwizard|2026-09-05T08:06:19.002405+00:00|#nifty50 consolidating near 22560, need ",chartwizard,"#nifty50 consolidating near 22560, need a breakout either side",2026-09-05 08:06:19.002405+00:00,1,0,0,['nifty50'],[],nifty50,2026-09-05 19:16:04.263125+00:00,[],2026-09-05
"chartwizard|2026-09-04T21:49:53.662216+00:00|बाजार में तेजी है, 50812 के ऊपर खरीदारी ",chartwizard,"बाजार में तेजी है, 50812 के ऊपर खरीदारी का मौका #banknifty TCS also in focus.",2026-09-04 21:49:53.662216+00:00,5,0,0,"['banknifty', 'intraday']",[],banknifty,2026-09-05 19:16:04.307178+00:00,[],2026-09-04
"trader_raj|2026-09-05T17:18:38.977775+00:00|#intraday consolidating near 22281, need",trader_raj,"#intraday consolidating near 22281, need a breakout either side RBI policy day today.",2026-09-05 17:18:38.977775+00:00,5,0,0,['intraday'],[],intraday,2026-09-05 19:16:04.269191+00:00,[],2026-09-05
"sensex_scalper|2026-09-05T12:11:23.499477+00:00|Global cues supportive, #nifty50 likely ",sensex_scalper,"Global cues supportive, #nifty50 likely to open above 49458 tomorrow TCS also in focus.",2026-09-05 12:11:23.499477+00:00,0,0,0,['nifty50'],[],nifty50,2026-09-05 19:16:04.294525+00:00,[],2026-09-05
"banknifty_baba|2026-09-05T00:15:33.348769+00:00|Watching #sensex closely, no clear trend",banknifty_baba,"Watching #sensex closely, no clear trend yet. What's everyone's view on 50348?",2026-09-05 00:15:33.348769+00:00,2,0,0,['sensex'],[],sensex,2026-09-05 19:16:04.310738+00:00,[],2026-09-05
riskmanager_99|2026-09-05T01:28:41.461035+00:00|Nifty ne resistance todi! bullish moment,riskmanager_99,"Nifty ne resistance todi! bullish momentum building, 21536 ke upar accumulate karo #nifty50 RBI policy day today.",2026-09-05 01:28:41.461035+00:00,2,0,0,['nifty50'],['user_d66102'],nifty50,2026-09-05 19:16:04.255014+00:00,[],2026-09-05
"sensex_scalper|2026-09-05T16:00:44.533018+00:00|मंदी का माहौल है बाज़ार में, 49743 से नी",sensex_scalper,"मंदी का माहौल है बाज़ार में, 49743 से नीचे बिकवाली तेज #intraday RBI policy day today.",2026-09-05 16:00:44.533018+00:00,12,1,0,['intraday'],[],intraday,2026-09-05 19:16:04.302067+00:00,[],2026-09-05
"algo_anil|2026-09-04T19:31:07.729641+00:00|मंदी का माहौल है बाज़ार में, 22668 से नी",algo_anil,"मंदी का माहौल है बाज़ार में, 22668 से नीचे बिकवाली तेज #intraday",2026-09-04 19:31:07.729641+00:00,9,2,1,['intraday'],[],intraday,2026-09-05 19:16:04.312227+00:00,[],2026-09-04
"swing_trader_in|2026-09-05T04:02:33.349870+00:00|#intraday breaking down below 22725, exp",swing_trader_in,"#intraday breaking down below 22725, expecting further downside to 23025 Keep an eye on FII/DII data.",2026-09-05 04:02:33.349870+00:00,2,0,0,['intraday'],['user_294c19'],intraday,2026-09-05 19:16:04.310483+00:00,[],2026-09-05
riskmanager_99|2026-09-04T20:29:18.371081+00:00|#intraday range-bound between 47785 and ,riskmanager_99,"#intraday range-bound between 47785 and 48085 today, waiting for a clear direction",2026-09-04 20:29:18.371081+00:00,6,0,0,['intraday'],[],intraday,2026-09-05 19:16:04.301438+00:00,[],2026-09-04
"the_bear_desk|2026-09-05T00:42:34.396179+00:00|Global cues supportive, #banknifty likel",the_bear_desk,"Global cues supportive, #banknifty likely to open above 21973 tomorrow #stockmarket #trading",2026-09-05 00:42:34.396179+00:00,0,0,0,['banknifty'],[],banknifty,2026-09-05 19:16:04.288587+00:00,[],2026-09-05
"trader_raj|2026-09-05T13:07:37.254108+00:00|Mixed signals on #banknifty today, 22573",trader_raj,"Mixed signals on #banknifty today, 22573 acting as a pivot",2026-09-05 13:07:37.254108+00:00,11,1,0,"['banknifty', 'nifty50']",[],banknifty,2026-09-05 19:16:04.298816+00:00,[],2026-09-05
"swing_trader_in|2026-09-05T07:32:16.752302+00:00|Tejji ka mahaul hai #banknifty mein, 221",swing_trader_in,"Tejji ka mahaul hai #banknifty mein, 22121 pe strong buying dekhi",2026-09-05 07:32:16.752302+00:00,11,1,0,['banknifty'],[],banknifty,2026-09-05 19:16:04.282247+00:00,[],2026-09-05
"intraday_ishaan|2026-09-05T09:33:23.312794+00:00|#sensex forming lower lows, 22458 suppor",intraday_ishaan,"#sensex forming lower lows, 22458 support gone, next target 21838 Tata Motors also in focus.",2026-09-05 09:33:23.312794+00:00,5,0,0,['sensex'],[],sensex,2026-09-05 19:16:04.298219+00:00,[],2026-09-05
"algo_anil|2026-09-05T18:23:44.817003+00:00|Low volume day for #banknifty, market aw",algo_anil,"Low volume day for #banknifty, market awaiting 21604 confirmation",2026-09-05 18:23:44.817003+00:00,11,3,0,['banknifty'],[],banknifty,2026-09-05 19:16:04.280150+00:00,[],2026-09-05
"niftyguru|2026-09-04T23:16:17.709946+00:00|Low volume day for #intraday, market awa",niftyguru,"Low volume day for #intraday, market awaiting 21634 confirmation",2026-09-04 23:16:17.709946+00:00,14,3,2,['intraday'],['user_13862f'],intraday,2026-09-05 19:16:04.256279+00:00,[],2026-09-04
"algo_anil|2026-09-05T05:52:13.746048+00:00|आज #banknifty में भारी गिरावट, 23405 का ",algo_anil,"आज #banknifty में भारी गिरावट, 23405 का सपोर्ट टूटा #stockmarket #trading",2026-09-05 05:52:13.746048+00:00,2,0,0,['banknifty'],[],banknifty,2026-09-05 19:16:04.257756+00:00,[],2026-09-05
"MarketMaverick|2026-09-04T20:41:53.545221+00:00|Panic selling in #banknifty, 22403 break",MarketMaverick,"Panic selling in #banknifty, 22403 breakdown confirmed, stop loss hit",2026-09-04 20:41:53.545221+00:00,2,0,0,"['banknifty', 'nifty50']",[],banknifty,2026-09-05 19:16:04.270839+00:00,[],2026-09-04
"the_bear_desk|2026-09-05T11:38:16.682577+00:00|#sensex forming lower lows, 47561 suppor",the_bear_desk,"#sensex forming lower lows, 47561 support gone, next target 46941 #stockmarket #trading",2026-09-05 11:38:16.682577+00:00,7,0,0,['sensex'],[],sensex,2026-09-05 19:16:04.254739+00:00,[],2026-09-05
bull_on_dalal_st|2026-09-05T12:08:29.260115+00:00|Profit booking seen in #sensex near 4762,bull_on_dalal_st,"Profit booking seen in #sensex near 47622, caution advised",2026-09-05 12:08:29.260115+00:00,3,0,0,['sensex'],[],sensex,2026-09-05 19:16:04.302723+00:00,[],2026-09-05
"banknifty_baba|2026-09-05T09:01:43.033111+00:00|Sell on rise strategy for #nifty50, resi",banknifty_baba,"Sell on rise strategy for #nifty50, resistance at 21870 not breaking",2026-09-05 09:01:43.033111+00:00,8,2,0,['nifty50'],['user_67daf5'],nifty50,2026-09-05 19:16:04.279460+00:00,[],2026-09-05
"algo_anil|2026-09-05T11:32:19.716998+00:00|#sensex showing higher highs, 50421 brok",algo_anil,"#sensex showing higher highs, 50421 broken with volume, next stop 50121 Options data suggests the same. Bajaj Finance also in focus.",2026-09-05 11:32:19.716998+00:00,3,0,0,['sensex'],['user_5efb3d'],sensex,2026-09-05 19:16:04.275850+00:00,[],2026-09-05
"riskmanager_99|2026-09-05T06:59:52.953486+00:00|Global cues supportive, #intraday likely",riskmanager_99,"Global cues supportive, #intraday likely to open above 48535 tomorrow",2026-09-05 06:59:52.953486+00:00,0,0,0,"['intraday', 'nifty50']",[],intraday,2026-09-05 19:16:04.306435+00:00,[],2026-09-05
quant_priya|2026-09-05T03:31:16.475505+00:00|Short positions added on #nifty50 below ,quant_priya,"Short positions added on #nifty50 below 49876, target 49576 Keep an eye on FII/DII data.",2026-09-05 03:31:16.475505+00:00,0,0,0,['nifty50'],[],nifty50,2026-09-05 19:16:04.263694+00:00,[],2026-09-05
"riskmanager_99|2026-09-05T16:25:45.933728+00:00|#sensex showing higher highs, 23113 brok",riskmanager_99,"#sensex showing higher highs, 23113 broken with volume, next stop 23263 Options data suggests the same. ITC also in focus.",2026-09-05 16:25:45.933728+00:00,12,1,0,['sensex'],['user_a7abd4'],sensex,2026-09-05 19:16:04.257940+00:00,[],2026-09-05
"quant_priya|2026-09-04T20:39:09.483480+00:00|#banknifty forming lower lows, 50651 sup",quant_priya,"#banknifty forming lower lows, 50651 support gone, next target 50501",2026-09-04 20:39:09.483480+00:00,1,0,0,['banknifty'],[],banknifty,2026-09-05 19:16:04.279959+00:00,[],2026-09-04
"banknifty_baba|2026-09-05T11:37:52.675819+00:00|#banknifty looking strong today, breakou",banknifty_baba,"#banknifty looking strong today, breakout above 21651, target 21801",2026-09-05 11:37:52.675819+00:00,4,0,0,['banknifty'],[],banknifty,2026-09-05 19:16:04.256901+00:00,[],2026-09-05
"quant_priya|2026-09-04T20:34:20.277143+00:00|Low volume day for #sensex, market await",quant_priya,"Low volume day for #sensex, market awaiting 21826 confirmation #optionstrading #dalalstreet",2026-09-04 20:34:20.277143+00:00,2,0,0,['sensex'],[],sensex,2026-09-05 19:16:04.291470+00:00,[],2026-09-04
swing_trader_in|2026-09-05T13:17:07.577136+00:00|#intraday range-bound between 48324 and ,swing_trader_in,"#intraday range-bound between 48324 and 47704 today, waiting for a clear direction",2026-09-05 13:17:07.577136+00:00,0,0,0,"['intraday', 'nifty50']",['user_5aacf0'],intraday,2026-09-05 19:16:04.257316+00:00,[],2026-09-05
"the_bear_desk|2026-09-05T15:23:58.152280+00:00|Mixed signals on #sensex today, 23167 ac",the_bear_desk,"Mixed signals on #sensex today, 23167 acting as a pivot",2026-09-05 15:23:58.152280+00:00,1,0,0,['sensex'],[],sensex,2026-09-05 19:16:04.263191+00:00,[],2026-09-05
"sensex_scalper|2026-09-05T05:50:18.588145+00:00|Low volume day for #banknifty, market aw",sensex_scalper,"Low volume day for #banknifty, market awaiting 49089 confirmation Options data suggests the same.",2026-09-05 05:50:18.588145+00:00,8,0,0,['banknifty'],[],banknifty,2026-09-05 19:16:04.311721+00:00,[],2026-09-05
"niftyguru|2026-09-04T18:57:48.021954+00:00|Global cues supportive, #intraday likely",niftyguru,"Global cues supportive, #intraday likely to open above 21738 tomorrow Thoughts?",2026-09-04 18:57:48.021954+00:00,1,0,0,"['intraday', 'intraday']",[],intraday,2026-09-05 19:16:04.299357+00:00,[],2026-09-04
chartwizard|2026-09-05T07:07:14.276354+00:00|Profit booking seen in #intraday near 22,chartwizard,"Profit booking seen in #intraday near 22816, caution advised",2026-09-05 07:07:14.276354+00:00,0,0,0,['intraday'],[],intraday,2026-09-05 19:16:04.272656+00:00,[],2026-09-05
algo_anil|2026-09-04T19:41:14.616186+00:00|#nifty50 range-bound between 22892 and 2,algo_anil,"#nifty50 range-bound between 22892 and 23192 today, waiting for a clear direction DYOR.",2026-09-04 19:41:14.616186+00:00,12,2,2,"['nifty50', 'banknifty']",[],nifty50,2026-09-05 19:16:04.313505+00:00,[],2026-09-04
"chartwizard|2026-09-05T09:13:12.869601+00:00|FIIs buying heavily today, #nifty50 coul",chartwizard,"FIIs buying heavily today, #nifty50 could test 22565 by expiry",2026-09-05 09:13:12.869601+00:00,8,2,0,['nifty50'],[],nifty50,2026-09-05 19:16:04.307859+00:00,[],2026-09-05
"dalalstreet_diary|2026-09-04T19:26:24.363321+00:00|#sensex consolidating near 49646, need a",dalalstreet_diary,"#sensex consolidating near 49646, need a breakout either side",2026-09-04 19:26:24.363321+00:00,2,0,0,['sensex'],[],sensex,2026-09-05 19:16:04.274486+00:00,[],2026-09-04
"banknifty_baba|2026-09-05T17:19:14.960134+00:00|Buy the dip on 49773, 50223 target for s",banknifty_baba,"Buy the dip on 49773, 50223 target for swing trade #banknifty $NIFTY Let's see how it closes.",2026-09-05 17:19:14.960134+00:00,9,1,1,"['banknifty', 'intraday']",['user_a44923'],banknifty,2026-09-05 19:16:04.289404+00:00,['NIFTY'],2026-09-05
"niftyguru|2026-09-05T18:31:03.243208+00:00|Global markets weak overnight, #intraday",niftyguru,"Global markets weak overnight, #intraday may gap down below 50968",2026-09-05 18:31:03.243208+00:00,4,0,0,['intraday'],[],intraday,2026-09-05 19:16:04.279353+00:00,[],2026-09-05
"banknifty_baba|2026-09-05T13:52:44.285140+00:00|Low volume day for #sensex, market await",banknifty_baba,"Low volume day for #sensex, market awaiting 47678 confirmation Options data suggests the same.",2026-09-05 13:52:44.285140+00:00,14,1,1,"['sensex', 'sensex']",[],sensex,2026-09-05 19:16:04.304415+00:00,[],2026-09-05
"banknifty_baba|2026-09-05T10:33:41.833724+00:00|मंदी का माहौल है बाज़ार में, 47649 से नी",banknifty_baba,"मंदी का माहौल है बाज़ार में, 47649 से नीचे बिकवाली तेज #nifty50 Let's see how it closes.",2026-09-05 10:33:41.833724+00:00,1,0,0,"['nifty50', 'sensex']",[],nifty50,2026-09-05 19:16:04.273440+00:00,[],2026-09-05
"dalalstreet_diary|2026-09-05T03:58:46.963447+00:00|FIIs buying heavily today, #nifty50 coul",dalalstreet_diary,"FIIs buying heavily today, #nifty50 could test 22205 by expiry #optionstrading #dalalstreet",2026-09-05 03:58:46.963447+00:00,2,0,0,['nifty50'],[],nifty50,2026-09-05 19:16:04.284333+00:00,[],2026-09-05
"the_bear_desk|2026-09-05T12:20:27.684314+00:00|Global cues supportive, #sensex likely t",the_bear_desk,"Global cues supportive, #sensex likely to open above 22989 tomorrow DYOR.",2026-09-05 12:20:27.684314+00:00,6,0,0,['sensex'],[],sensex,2026-09-05 19:16:04.309350+00:00,[],2026-09-05
"algo_anil|2026-09-04T22:24:28.239479+00:00|Global cues supportive, #banknifty likel",algo_anil,"Global cues supportive, #banknifty likely to open above 49862 tomorrow DYOR.",2026-09-04 22:24:28.239479+00:00,3,0,0,['banknifty'],['user_073cae'],banknifty,2026-09-05 19:16:04.260236+00:00,[],2026-09-04
"chartwizard|2026-09-05T00:07:49.687832+00:00|Low volume day for #nifty50, market awai",chartwizard,"Low volume day for #nifty50, market awaiting 21842 confirmation DYOR.",2026-09-05 00:07:49.687832+00:00,13,1,2,['nifty50'],['user_f93ecb'],nifty50,2026-09-05 19:16:04.292598+00:00,[],2026-09-05
"the_bear_desk|2026-09-05T13:28:29.517525+00:00|Gap up opening expected for #sensex, 496",the_bear_desk,"Gap up opening expected for #sensex, 49600 is the level to watch",2026-09-05 13:28:29.517525+00:00,3,0,0,"['sensex', 'nifty50']",[],sensex,2026-09-05 19:16:04.285185+00:00,[],2026-09-05
MarketMaverick|2026-09-05T01:06:34.284048+00:00|Nifty ne resistance todi! bullish moment,MarketMaverick,"Nifty ne resistance todi! bullish momentum building, 21752 ke upar accumulate karo #nifty50",2026-09-05 01:06:34.284048+00:00,4,1,0,"['nifty50', 'banknifty']",[],nifty50,2026-09-05 19:16:04.265916+00:00,[],2026-09-05
niftyguru|2026-09-05T01:31:10.973354+00:00|Short positions added on #intraday below,niftyguru,"Short positions added on #intraday below 22366, target 22666",2026-09-05 01:31:10.973354+00:00,1,0,0,['intraday'],[],intraday,2026-09-05 19:16:04.309562+00:00,[],2026-09-05
the_bear_desk|2026-09-04T19:56:16.997188+00:00|Nifty ne resistance todi! bullish moment,the_bear_desk,"Nifty ne resistance todi! bullish momentum building, 47744 ke upar accumulate karo #sensex RBI policy day today.",2026-09-04 19:56:16.997188+00:00,1,0,0,"['sensex', 'sensex']",[],sensex,2026-09-05 19:16:04.298785+00:00,[],2026-09-04
"algo_anil|2026-09-05T04:07:45.991276+00:00|Panic selling in #sensex, 50087 breakdow",algo_anil,"Panic selling in #sensex, 50087 breakdown confirmed, stop loss hit Keep an eye on FII/DII data.",2026-09-05 04:07:45.991276+00:00,14,1,1,"['sensex', 'nifty50']",[],sensex,2026-09-05 19:16:04.299712+00:00,[],2026-09-05
"swing_trader_in|2026-09-05T02:18:02.935412+00:00|Buy the dip on 21811, 21661 target for s",swing_trader_in,"Buy the dip on 21811, 21661 target for swing trade #intraday $NIFTY #stockmarket #trading",2026-09-05 02:18:02.935412+00:00,10,0,0,"['intraday', 'banknifty']",[],intraday,2026-09-05 19:16:04.313301+00:00,['NIFTY'],2026-09-05
"bull_on_dalal_st|2026-09-05T14:22:44.707864+00:00|Mixed signals on #nifty50 today, 49961 a",bull_on_dalal_st,"Mixed signals on #nifty50 today, 49961 acting as a pivot Thoughts?",2026-09-05 14:22:44.707864+00:00,10,2,0,['nifty50'],[],nifty50,2026-09-05 19:16:04.303572+00:00,[],2026-09-05
quant_priya|2026-09-05T02:53:46.652583+00:00|Profit booking seen in #nifty50 near 497,quant_priya,"Profit booking seen in #nifty50 near 49740, caution advised Let's see how it closes.",2026-09-05 02:53:46.652583+00:00,6,0,0,['nifty50'],[],nifty50,2026-09-05 19:16:04.267756+00:00,[],2026-09-05
"the_bear_desk|2026-09-05T15:19:20.231242+00:00|Low volume day for #banknifty, market aw",the_bear_desk,"Low volume day for #banknifty, market awaiting 50465 confirmation #optionstrading #dalalstreet Bajaj Finance also in focus.",2026-09-05 15:19:20.231242+00:00,3,0,0,['banknifty'],[],banknifty,2026-09-05 19:16:04.283374+00:00,[],2026-09-05
"quant_priya|2026-09-05T11:29:48.226048+00:00|Tejji ka mahaul hai #intraday mein, 2246",quant_priya,"Tejji ka mahaul hai #intraday mein, 22465 pe strong buying dekhi RBI policy day today.",2026-09-05 11:29:48.226048+00:00,9,2,1,['intraday'],[],intraday,2026-09-05 19:16:04.279365+00:00,[],2026-09-05
"algo_anil|2026-09-05T11:27:28.647856+00:00|#nifty50 looking strong today, breakout ",algo_anil,"#nifty50 looking strong today, breakout above 22730, target 23350 #optionstrading #dalalstreet",2026-09-05 11:27:28.647856+00:00,4,0,0,['nifty50'],[],nifty50,2026-09-05 19:16:04.261144+00:00,[],2026-09-05
"options_owl|2026-09-05T12:26:50.708348+00:00|Gap up opening expected for #nifty50, 22",options_owl,"Gap up opening expected for #nifty50, 22236 is the level to watch Keep an eye on FII/DII data.",2026-09-05 12:26:50.708348+00:00,15,4,1,"['nifty50', 'nifty50']",[],nifty50,2026-09-05 19:16:04.253190+00:00,[],2026-09-05
"trader_raj|2026-09-05T05:10:39.095593+00:00|Sensex rally continues, 49947 support ho",trader_raj,"Sensex rally continues, 49947 support holding well. Long positions looking good #sensex Kya lagta hai aap logo ka?",2026-09-05 05:10:39.095593+00:00,11,2,1,"['sensex', 'nifty50']",[],sensex,2026-09-05 19:16:04.311873+00:00,[],2026-09-05
quant_priya|2026-09-05T18:29:16.617031+00:00|#sensex range-bound between 23472 and 23,quant_priya,"#sensex range-bound between 23472 and 23172 today, waiting for a clear direction",2026-09-05 18:29:16.617031+00:00,11,1,2,['sensex'],['user_4c2dd7'],sensex,2026-09-05 19:16:04.305966+00:00,[],2026-09-05
"bull_on_dalal_st|2026-09-05T08:32:25.515241+00:00|#banknifty breaking down below 22542, ex",bull_on_dalal_st,"#banknifty breaking down below 22542, expecting further downside to 21922 RBI policy day today.",2026-09-05 08:32:25.515241+00:00,1,0,0,['banknifty'],[],banknifty,2026-09-05 19:16:04.281543+00:00,[],2026-09-05
"options_owl|2026-09-04T23:33:55.467445+00:00|#banknifty consolidating near 50672, nee",options_owl,"#banknifty consolidating near 50672, need a breakout either side DYOR.",2026-09-04 23:33:55.467445+00:00,4,1,0,['banknifty'],[],banknifty,2026-09-05 19:16:04.274836+00:00,[],2026-09-04
"trader_raj|2026-09-05T00:17:21.017362+00:00|आज #banknifty में भारी गिरावट, 49652 का ",trader_raj,"आज #banknifty में भारी गिरावट, 49652 का सपोर्ट टूटा NFA.",2026-09-05 00:17:21.017362+00:00,10,2,1,['banknifty'],[],banknifty,2026-09-05 19:16:04.255647+00:00,[],2026-09-05
"dalalstreet_diary|2026-09-05T13:26:42.629059+00:00|Low volume day for #banknifty, market aw",dalalstreet_diary,"Low volume day for #banknifty, market awaiting 22361 confirmation Volume bhi zyada hai aaj.",2026-09-05 13:26:42.629059+00:00,0,0,0,['banknifty'],[],banknifty,2026-09-05 19:16:04.271305+00:00,[],2026-09-05
"niftyguru|2026-09-05T09:35:56.381924+00:00|Panic selling in #intraday, 22151 breakd",niftyguru,"Panic selling in #intraday, 22151 breakdown confirmed, stop loss hit NFA.",2026-09-05 09:35:56.381924+00:00,4,1,0,"['intraday', 'intraday']",[],intraday,2026-09-05 19:16:04.257447+00:00,[],2026-09-05
riskmanager_99|2026-09-05T08:35:27.706591+00:00|Short positions added on #sensex below 4,riskmanager_99,"Short positions added on #sensex below 49906, target 50356 NFA.",2026-09-05 08:35:27.706591+00:00,1,0,0,['sensex'],[],sensex,2026-09-05 19:16:04.274030+00:00,[],2026-09-05
"dalalstreet_diary|2026-09-05T03:12:34.392496+00:00|मंदी का माहौल है बाज़ार में, 50371 से नी",dalalstreet_diary,"मंदी का माहौल है बाज़ार में, 50371 से नीचे बिकवाली तेज #nifty50 Adani Enterprises also in focus.",2026-09-05 03:12:34.392496+00:00,7,1,0,['nifty50'],[],nifty50,2026-09-05 19:16:04.300356+00:00,[],2026-09-05
quant_priya|2026-09-05T08:45:17.294428+00:00|Short positions added on #banknifty belo,quant_priya,"Short positions added on #banknifty below 22629, target 23249 RBI policy day today.",2026-09-05 08:45:17.294428+00:00,15,4,2,['banknifty'],[],banknifty,2026-09-05 19:16:04.299600+00:00,[],2026-09-05
"chartwizard|2026-09-05T06:53:05.825374+00:00|Low volume day for #nifty50, market awai",chartwizard,"Low volume day for #nifty50, market awaiting 22497 confirmation Kya lagta hai aap logo ka?",2026-09-05 06:53:05.825374+00:00,3,0,0,['nifty50'],['user_88d50c'],nifty50,2026-09-05 19:16:04.296098+00:00,[],2026-09-05
"chartwizard|2026-09-05T01:15:08.622521+00:00|#nifty50 breaking down below 21732, expe",chartwizard,"#nifty50 breaking down below 21732, expecting further downside to 22352 NFA.",2026-09-05 01:15:08.622521+00:00,3,0,0,['nifty50'],[],nifty50,2026-09-05 19:16:04.277894+00:00,[],2026-09-05
"chartwizard|2026-09-04T19:49:32.723847+00:00|#sensex showing higher highs, 22811 brok",chartwizard,"#sensex showing higher highs, 22811 broken with volume, next stop 22361 SBI also in focus.",2026-09-04 19:49:32.723847+00:00,11,1,1,['sensex'],[],sensex,2026-09-05 19:16:04.295437+00:00,[],2026-09-04
"trader_raj|2026-09-05T01:13:46.286685+00:00|Sideways action continues on #banknifty,",trader_raj,"Sideways action continues on #banknifty, 48029-48829 range holding DYOR.",2026-09-05 01:13:46.286685+00:00,4,0,0,['banknifty'],[],banknifty,2026-09-05 19:16:04.265355+00:00,[],2026-09-05
"riskmanager_99|2026-09-05T13:55:32.649235+00:00|Global markets weak overnight, #nifty50 ",riskmanager_99,"Global markets weak overnight, #nifty50 may gap down below 50794 Volume bhi zyada hai aaj.",2026-09-05 13:55:32.649235+00:00,15,2,2,['nifty50'],[],nifty50,2026-09-05 19:16:04.288741+00:00,[],2026-09-05
"chartwizard|2026-09-05T05:11:11.345138+00:00|#banknifty showing higher highs, 22881 b",chartwizard,"#banknifty showing higher highs, 22881 broken with volume, next stop 23681",2026-09-05 05:11:11.345138+00:00,1,0,0,['banknifty'],[],banknifty,2026-09-05 19:16:04.307057+00:00,[],2026-09-05
"algo_anil|2026-09-05T17:58:26.437725+00:00|#nifty50 breaking down below 48957, expe",algo_anil,"#nifty50 breaking down below 48957, expecting further downside to 49257 Let's see how it closes.",2026-09-05 17:58:26.437725+00:00,1,0,0,"['nifty50', 'intraday']",['user_abf588'],nifty50,2026-09-05 19:16:04.301932+00:00,[],2026-09-05
"bull_on_dalal_st|2026-09-04T21:52:55.758660+00:00|#intraday looking strong today, breakout",bull_on_dalal_st,"#intraday looking strong today, breakout above 48510, target 48660 RBI policy day today.",2026-09-04 21:52:55.758660+00:00,1,0,0,['intraday'],[],intraday,2026-09-05 19:16:04.283695+00:00,[],2026-09-04
"trader_raj|2026-09-05T14:36:00.790088+00:00|Global cues supportive, #banknifty likel",trader_raj,"Global cues supportive, #banknifty likely to open above 47576 tomorrow RBI policy day today.",2026-09-05 14:36:00.790088+00:00,6,1,0,"['banknifty', 'banknifty']",[],banknifty,2026-09-05 19:16:04.304843+00:00,[],2026-09-05
"the_bear_desk|2026-09-05T02:51:59.277232+00:00|#sensex forming lower lows, 49966 suppor",the_bear_desk,"#sensex forming lower lows, 49966 support gone, next target 50116",2026-09-05 02:51:59.277232+00:00,7,1,0,"['sensex', 'nifty50']",['user_fa9c1f'],sensex,2026-09-05 19:16:04.279074+00:00,[],2026-09-05
"trader_raj|2026-09-05T07:44:54.793837+00:00|Mixed signals on #nifty50 today, 22197 a",trader_raj,"Mixed signals on #nifty50 today, 22197 acting as a pivot NFA.",2026-09-05 07:44:54.793837+00:00,11,0,2,['nifty50'],[],nifty50,2026-09-05 19:16:04.293758+00:00,[],2026-09-05
riskmanager_99|2026-09-05T01:22:24.389065+00:00|Positional buy initiated on #banknifty a,riskmanager_99,"Positional buy initiated on #banknifty above 23344, SL below 22724 Budget session ahead, stay alert.",2026-09-05 01:22:24.389065+00:00,0,0,0,['banknifty'],[],banknifty,2026-09-05 19:16:04.303234+00:00,[],2026-09-05
"swing_trader_in|2026-09-05T13:57:48.921229+00:00|Global markets weak overnight, #sensex m",swing_trader_in,"Global markets weak overnight, #sensex may gap down below 50056 Thoughts?",2026-09-05 13:57:48.921229+00:00,12,1,0,['sensex'],[],sensex,2026-09-05 19:16:04.264279+00:00,[],2026-09-05
"MarketMaverick|2026-09-05T01:59:28.773995+00:00|Panic selling in #sensex, 49256 breakdow",MarketMaverick,"Panic selling in #sensex, 49256 breakdown confirmed, stop loss hit",2026-09-05 01:59:28.773995+00:00,11,3,0,['sensex'],[],sensex,2026-09-05 19:16:04.297492+00:00,[],2026-09-05
"dalalstreet_diary|2026-09-05T15:01:42.204691+00:00|#sensex showing higher highs, 23105 brok",dalalstreet_diary,"#sensex showing higher highs, 23105 broken with volume, next stop 22655 Volume bhi zyada hai aaj.",2026-09-05 15:01:42.204691+00:00,15,2,1,['sensex'],[],sensex,2026-09-05 19:16:04.253613+00:00,[],2026-09-05
"the_bear_desk|2026-09-05T04:32:57.739061+00:00|#intraday forming lower lows, 22405 supp",the_bear_desk,"#intraday forming lower lows, 22405 support gone, next target 22555 Budget session ahead, stay alert. Bajaj Finance also in focus.",2026-09-05 04:32:57.739061+00:00,4,0,0,['intraday'],[],intraday,2026-09-05 19:16:04.273193+00:00,[],2026-09-05
"options_owl|2026-09-05T06:25:06.279502+00:00|आज #banknifty में जबरदस्त तेजी, 21675 का",options_owl,"आज #banknifty में जबरदस्त तेजी, 21675 का स्तर पार DYOR. HDFC Bank also in focus.",2026-09-05 06:25:06.279502+00:00,3,0,0,['banknifty'],[],banknifty,2026-09-05 19:16:04.264433+00:00,[],2026-09-05
"dalalstreet_diary|2026-09-05T18:43:01.517367+00:00|मंदी का माहौल है बाज़ार में, 48771 से नी",dalalstreet_diary,"मंदी का माहौल है बाज़ार में, 48771 से नीचे बिकवाली तेज #banknifty Let's see how it closes.",2026-09-05 18:43:01.517367+00:00,3,0,0,['banknifty'],[],banknifty,2026-09-05 19:16:04.274744+00:00,[],2026-09-05
"banknifty_baba|2026-09-05T16:09:28.849791+00:00|Global cues supportive, #nifty50 likely ",banknifty_baba,"Global cues supportive, #nifty50 likely to open above 23324 tomorrow Keep an eye on FII/DII data.",2026-09-05 16:09:28.849791+00:00,1,0,0,['nifty50'],[],nifty50,2026-09-05 19:16:04.270268+00:00,[],2026-09-05
"niftyguru|2026-09-05T12:53:41.409960+00:00|Global markets weak overnight, #nifty50 ",niftyguru,"Global markets weak overnight, #nifty50 may gap down below 49194 Keep an eye on FII/DII data.",2026-09-05 12:53:41.409960+00:00,13,1,1,['nifty50'],[],nifty50,2026-09-05 19:16:04.264097+00:00,[],2026-09-05
"chartwizard|2026-09-05T05:24:02.153652+00:00|FIIs selling continuously, #nifty50 weak",chartwizard,"FIIs selling continuously, #nifty50 weak below 21542 Thoughts?",2026-09-05 05:24:02.153652+00:00,5,1,0,['nifty50'],[],nifty50,2026-09-05 19:16:04.294387+00:00,[],2026-09-05
"swing_trader_in|2026-09-04T23:49:03.053227+00:00|Watching #sensex closely, no clear trend",swing_trader_in,"Watching #sensex closely, no clear trend yet. What's everyone's view on 21514? NFA.",2026-09-04 23:49:03.053227+00:00,4,0,0,['sensex'],[],sensex,2026-09-05 19:16:04.257023+00:00,[],2026-09-04
"MarketMaverick|2026-09-05T00:14:07.508617+00:00|#sensex forming lower lows, 22619 suppor",MarketMaverick,"#sensex forming lower lows, 22619 support gone, next target 22769 Kya lagta hai aap logo ka?",2026-09-05 00:14:07.508617+00:00,5,0,0,['sensex'],['user_fc9439'],sensex,2026-09-05 19:16:04.290078+00:00,[],2026-09-05
"chartwizard|2026-09-05T15:37:34.844782+00:00|Buy the dip on 23310, 23610 target for s",chartwizard,"Buy the dip on 23310, 23610 target for swing trade #banknifty $NIFTY Keep an eye on FII/DII data. ITC also in focus.",2026-09-05 15:37:34.844782+00:00,12,2,0,['banknifty'],['user_a33c99'],banknifty,2026-09-05 19:16:04.277460+00:00,['NIFTY'],2026-09-05
"niftyguru|2026-09-05T00:50:46.671751+00:00|#intraday looking strong today, breakout",niftyguru,"#intraday looking strong today, breakout above 22125, target 22575 #optionstrading #dalalstreet",2026-09-05 00:50:46.671751+00:00,6,1,0,['intraday'],[],intraday,2026-09-05 19:16:04.303017+00:00,[],2026-09-05
"the_bear_desk|2026-09-05T06:29:47.794087+00:00|Gap up opening expected for #banknifty, ",the_bear_desk,"Gap up opening expected for #banknifty, 50689 is the level to watch Let's see how it closes.",2026-09-05 06:29:47.794087+00:00,2,0,0,"['banknifty', 'banknifty']",[],banknifty,2026-09-05 19:16:04.295283+00:00,[],2026-09-05
"algo_anil|2026-09-05T03:57:13.002219+00:00|Sell on rise strategy for #nifty50, resi",algo_anil,"Sell on rise strategy for #nifty50, resistance at 21529 not breaking Options data suggests the same.",2026-09-05 03:57:13.002219+00:00,3,0,0,['nifty50'],[],nifty50,2026-09-05 19:16:04.273299+00:00,[],2026-09-05
"riskmanager_99|2026-09-04T22:20:27.344207+00:00|Gap up opening expected for #intraday, 5",riskmanager_99,"Gap up opening expected for #intraday, 50008 is the level to watch Thoughts?",2026-09-04 22:20:27.344207+00:00,7,2,0,['intraday'],[],intraday,2026-09-05 19:16:04.257501+00:00,[],2026-09-04
"swing_trader_in|2026-09-05T08:06:55.226082+00:00|आज #sensex में भारी गिरावट, 22509 का सपो",swing_trader_in,"आज #sensex में भारी गिरावट, 22509 का सपोर्ट टूटा DYOR.",2026-09-05 08:06:55.226082+00:00,1,0,0,['sensex'],[],sensex,2026-09-05 19:16:04.292359+00:00,[],2026-09-05
"swing_trader_in|2026-09-05T02:23:28.191613+00:00|FIIs selling continuously, #intraday wea",swing_trader_in,"FIIs selling continuously, #intraday weak below 49362",2026-09-05 02:23:28.191613+00:00,11,0,1,"['intraday', 'banknifty']",[],intraday,2026-09-05 19:16:04.282870+00:00,[],2026-09-05
"bull_on_dalal_st|2026-09-05T08:28:38.071078+00:00|#nifty50 breaking down below 21702, expe",bull_on_dalal_st,"#nifty50 breaking down below 21702, expecting further downside to 21252",2026-09-05 08:28:38.071078+00:00,15,3,0,['nifty50'],[],nifty50,2026-09-05 19:16:04.306006+00:00,[],2026-09-05
"niftyguru|2026-09-05T07:17:55.070308+00:00|Sensex rally continues, 48037 support ho",niftyguru,"Sensex rally continues, 48037 support holding well. Long positions looking good #intraday Kya lagta hai aap logo ka?",2026-09-05 07:17:55.070308+00:00,3,0,0,['intraday'],['user_9793b3'],intraday,2026-09-05 19:16:04.295807+00:00,[],2026-09-05
"dalalstreet_diary|2026-09-05T08:59:55.713083+00:00|#sensex consolidating near 21826, need a",dalalstreet_diary,"#sensex consolidating near 21826, need a breakout either side Thoughts?",2026-09-05 08:59:55.713083+00:00,10,2,0,"['sensex', 'sensex']",[],sensex,2026-09-05 19:16:04.275769+00:00,[],2026-09-05
"the_bear_desk|2026-09-05T06:24:25.241456+00:00|आज #nifty50 में भारी गिरावट, 22800 का सप",the_bear_desk,"आज #nifty50 में भारी गिरावट, 22800 का सपोर्ट टूटा Kya lagta hai aap logo ka?",2026-09-05 06:24:25.241456+00:00,6,1,0,['nifty50'],[],nifty50,2026-09-05 19:16:04.306570+00:00,[],2026-09-05
"dalalstreet_diary|2026-09-05T05:57:11.934831+00:00|#intraday looking strong today, breakout",dalalstreet_diary,"#intraday looking strong today, breakout above 49764, target 49144 Keep an eye on FII/DII data.",2026-09-05 05:57:11.934831+00:00,12,0,1,['intraday'],[],intraday,2026-09-05 19:16:04.281852+00:00,[],2026-09-05
riskmanager_99|2026-09-04T23:01:56.188129+00:00|Positional buy initiated on #sensex abov,riskmanager_99,"Positional buy initiated on #sensex above 50530, SL below 50080 Thoughts?",2026-09-04 23:01:56.188129+00:00,13,1,1,['sensex'],[],sensex,2026-09-05 19:16:04.302861+00:00,[],2026-09-04
swing_trader_in|2026-09-05T13:28:26.639055+00:00|#sensex range-bound between 21609 and 22,swing_trader_in,"#sensex range-bound between 21609 and 22229 today, waiting for a clear direction Options data suggests the same.",2026-09-05 13:28:26.639055+00:00,1,0,0,['sensex'],[],sensex,2026-09-05 19:16:04.257986+00:00,[],2026-09-05
"options_owl|2026-09-04T21:34:43.031960+00:00|आज #nifty50 में भारी गिरावट, 49718 का सप",options_owl,"आज #nifty50 में भारी गिरावट, 49718 का सपोर्ट टूटा Let's see how it closes.",2026-09-04 21:34:43.031960+00:00,10,2,1,['nifty50'],['user_c992ee'],nifty50,2026-09-05 19:16:04.309755+00:00,[],2026-09-04
"quant_priya|2026-09-05T03:57:01.775241+00:00|#sensex forming lower lows, 48693 suppor",quant_priya,"#sensex forming lower lows, 48693 support gone, next target 49143",2026-09-05 03:57:01.775241+00:00,14,3,1,['sensex'],[],sensex,2026-09-05 19:16:04.285040+00:00,[],2026-09-05
"banknifty_baba|2026-09-05T03:56:54.690285+00:00|मंदी का माहौल है बाज़ार में, 48394 से नी",banknifty_baba,"मंदी का माहौल है बाज़ार में, 48394 से नीचे बिकवाली तेज #sensex NFA.",2026-09-05 03:56:54.690285+00:00,6,0,0,"['sensex', 'nifty50']",['user_b4c45f'],sensex,2026-09-05 19:16:04.257059+00:00,[],2026-09-05
chartwizard|2026-09-05T12:30:08.122535+00:00|#nifty50 range-bound between 22622 and 2,chartwizard,"#nifty50 range-bound between 22622 and 23422 today, waiting for a clear direction #optionstrading #dalalstreet",2026-09-05 12:30:08.122535+00:00,3,0,0,['nifty50'],[],nifty50,2026-09-05 19:16:04.288243+00:00,[],2026-09-05
"riskmanager_99|2026-09-04T22:42:42.692393+00:00|#intraday forming lower lows, 49109 supp",riskmanager_99,"#intraday forming lower lows, 49109 support gone, next target 48659",2026-09-04 22:42:42.692393+00:00,3,0,0,['intraday'],[],intraday,2026-09-05 19:16:04.296111+00:00,[],2026-09-04
"MarketMaverick|2026-09-04T19:19:35.900467+00:00|Market crash ho sakta hai, 23196 ka supp",MarketMaverick,"Market crash ho sakta hai, 23196 ka support toot gaya, bearish on #banknifty Keep an eye on FII/DII data.",2026-09-04 19:19:35.900467+00:00,9,0,0,['banknifty'],[],banknifty,2026-09-05 19:16:04.305980+00:00,[],2026-09-04
"the_bear_desk|2026-09-05T11:47:35.381638+00:00|FIIs buying heavily today, #intraday cou",the_bear_desk,"FIIs buying heavily today, #intraday could test 49482 by expiry #optionstrading #dalalstreet",2026-09-05 11:47:35.381638+00:00,14,3,0,['intraday'],[],intraday,2026-09-05 19:16:04.298923+00:00,[],2026-09-05
"the_bear_desk|2026-09-04T21:35:21.535411+00:00|Buy the dip on 22493, 22943 target for s",the_bear_desk,"Buy the dip on 22493, 22943 target for swing trade #intraday $NIFTY Keep an eye on FII/DII data.",2026-09-04 21:35:21.535411+00:00,12,0,2,['intraday'],[],intraday,2026-09-05 19:16:04.254726+00:00,['NIFTY'],2026-09-04
"the_bear_desk|2026-09-05T16:45:34.370823+00:00|Gap up opening expected for #banknifty, ",the_bear_desk,"Gap up opening expected for #banknifty, 22598 is the level to watch Kya lagta hai aap logo ka?",2026-09-05 16:45:34.370823+00:00,6,0,1,['banknifty'],[],banknifty,2026-09-05 19:16:04.282389+00:00,[],2026-09-05
"options_owl|2026-09-05T13:01:27.892235+00:00|Market crash ho sakta hai, 22007 ka supp",options_owl,"Market crash ho sakta hai, 22007 ka support toot gaya, bearish on #intraday",2026-09-05 13:01:27.892235+00:00,11,2,0,"['intraday', 'sensex']",[],intraday,2026-09-05 19:16:04.264412+00:00,[],2026-09-05
"sensex_scalper|2026-09-04T18:56:55.802509+00:00|Sell on rise strategy for #nifty50, resi",sensex_scalper,"Sell on rise strategy for #nifty50, resistance at 23054 not breaking RBI policy day today.",2026-09-04 18:56:55.802509+00:00,13,1,1,['nifty50'],[],nifty50,2026-09-05 19:16:04.297079+00:00,[],2026-09-04
"bull_on_dalal_st|2026-09-05T18:30:47.889018+00:00|आज #intraday में जबरदस्त तेजी, 22292 का ",bull_on_dalal_st,"आज #intraday में जबरदस्त तेजी, 22292 का स्तर पार RBI policy day today.",2026-09-05 18:30:47.889018+00:00,9,1,1,"['intraday', 'banknifty']",[],intraday,2026-09-05 19:16:04.276560+00:00,[],2026-09-05
"swing_trader_in|2026-09-05T00:04:46.569156+00:00|Buy the dip on 21823, 21523 target for s",swing_trader_in,"Buy the dip on 21823, 21523 target for swing trade #sensex $NIFTY Keep an eye on FII/DII data.",2026-09-05 00:04:46.569156+00:00,8,1,1,['sensex'],[],sensex,2026-09-05 19:16:04.292615+00:00,['NIFTY'],2026-09-05
"riskmanager_99|2026-09-04T19:28:16.434839+00:00|#intraday breaking down below 22316, exp",riskmanager_99,"#intraday breaking down below 22316, expecting further downside to 21696 Thoughts?",2026-09-04 19:28:16.434839+00:00,3,0,0,"['intraday', 'sensex']",[],intraday,2026-09-05 19:16:04.281879+00:00,[],2026-09-04
"trader_raj|2026-09-04T18:38:04.775202+00:00|Market crash ho sakta hai, 23364 ka supp",trader_raj,"Market crash ho sakta hai, 23364 ka support toot gaya, bearish on #nifty50 RBI policy day today.",2026-09-04 18:38:04.775202+00:00,0,0,0,['nifty50'],[],nifty50,2026-09-05 19:16:04.278989+00:00,[],2026-09-04
"the_bear_desk|2026-09-05T02:07:59.563954+00:00|Buy the dip on 48667, 48047 target for s",the_bear_desk,"Buy the dip on 48667, 48047 target for swing trade #nifty50 $NIFTY RBI policy day today.",2026-09-05 02:07:59.563954+00:00,5,0,0,['nifty50'],[],nifty50,2026-09-05 19:16:04.298244+00:00,['NIFTY'],2026-09-05
"sensex_scalper|2026-09-04T21:09:17.947252+00:00|बाजार में तेजी है, 49707 के ऊपर खरीदारी ",sensex_scalper,"बाजार में तेजी है, 49707 के ऊपर खरीदारी का मौका #banknifty Volume bhi zyada hai aaj.",2026-09-04 21:09:17.947252+00:00,8,1,0,"['banknifty', 'intraday']",[],banknifty,2026-09-05 19:16:04.312478+00:00,[],2026-09-04
"chartwizard|2026-09-05T00:46:13.853994+00:00|#banknifty looking strong today, breakou",chartwizard,"#banknifty looking strong today, breakout above 23226, target 23076 #optionstrading #dalalstreet",2026-09-05 00:46:13.853994+00:00,10,2,1,['banknifty'],[],banknifty,2026-09-05 19:16:04.279421+00:00,[],2026-09-05
"intraday_ishaan|2026-09-05T08:03:12.752118+00:00|Tejji ka mahaul hai #sensex mein, 22193 ",intraday_ishaan,"Tejji ka mahaul hai #sensex mein, 22193 pe strong buying dekhi Volume bhi zyada hai aaj.",2026-09-05 08:03:12.752118+00:00,0,0,0,['sensex'],[],sensex,2026-09-05 19:16:04.296929+00:00,[],2026-09-05
"sensex_scalper|2026-09-05T10:00:19.847147+00:00|#banknifty showing higher highs, 50030 b",sensex_scalper,"#banknifty showing higher highs, 50030 broken with volume, next stop 49410 Keep an eye on FII/DII data.",2026-09-05 10:00:19.847147+00:00,7,0,0,"['banknifty', 'sensex']",[],banknifty,2026-09-05 19:16:04.309138+00:00,[],2026-09-05
"trader_raj|2026-09-05T12:46:17.074233+00:00|आज #nifty50 में भारी गिरावट, 22965 का सप",trader_raj,"आज #nifty50 में भारी गिरावट, 22965 का सपोर्ट टूटा DYOR.",2026-09-05 12:46:17.074233+00:00,2,0,0,['nifty50'],['user_060cd1'],nifty50,2026-09-05 19:16:04.256114+00:00,[],2026-09-05
"the_bear_desk|2026-09-05T00:19:01.730277+00:00|Tejji ka mahaul hai #banknifty mein, 219",the_bear_desk,"Tejji ka mahaul hai #banknifty mein, 21994 pe strong buying dekhi #optionstrading #dalalstreet",2026-09-05 00:19:01.730277+00:00,4,0,0,['banknifty'],[],banknifty,2026-09-05 19:16:04.291908+00:00,[],2026-09-05
"intraday_ishaan|2026-09-05T14:51:21.396285+00:00|Global markets weak overnight, #sensex m",intraday_ishaan,"Global markets weak overnight, #sensex may gap down below 22887 Keep an eye on FII/DII data.",2026-09-05 14:51:21.396285+00:00,5,0,0,['sensex'],[],sensex,2026-09-05 19:16:04.306837+00:00,[],2026-09-05
chartwizard|2026-09-05T04:16:14.954422+00:00|#banknifty range-bound between 23406 and,chartwizard,"#banknifty range-bound between 23406 and 23256 today, waiting for a clear direction DYOR.",2026-09-05 04:16:14.954422+00:00,10,2,1,['banknifty'],['user_2e1c01'],banknifty,2026-09-05 19:16:04.272506+00:00,[],2026-09-05
chartwizard|2026-09-05T00:55:56.766706+00:00|Profit booking seen in #sensex near 2215,chartwizard,"Profit booking seen in #sensex near 22157, caution advised",2026-09-05 00:55:56.766706+00:00,0,0,0,['sensex'],['user_32cbf6'],sensex,2026-09-05 19:16:04.275869+00:00,[],2026-09-05
"sensex_scalper|2026-09-05T05:23:50.289375+00:00|Low volume day for #sensex, market await",sensex_scalper,"Low volume day for #sensex, market awaiting 21523 confirmation DYOR.",2026-09-05 05:23:50.289375+00:00,1,0,0,"['sensex', 'intraday']",[],sensex,2026-09-05 19:16:04.280215+00:00,[],2026-09-05
"chartwizard|2026-09-05T10:19:45.790428+00:00|Global cues supportive, #sensex likely t",chartwizard,"Global cues supportive, #sensex likely to open above 23330 tomorrow Keep an eye on FII/DII data.",2026-09-05 10:19:45.790428+00:00,10,2,1,['sensex'],[],sensex,2026-09-05 19:16:04.270656+00:00,[],2026-09-05
"the_bear_desk|2026-09-05T11:56:42.378989+00:00|#intraday forming lower lows, 22803 supp",the_bear_desk,"#intraday forming lower lows, 22803 support gone, next target 23103 DYOR.",2026-09-05 11:56:42.378989+00:00,15,1,1,"['intraday', 'nifty50']",[],intraday,2026-09-05 19:16:04.296690+00:00,[],2026-09-05
"dalalstreet_diary|2026-09-05T05:45:40.356581+00:00|FIIs selling continuously, #banknifty we",dalalstreet_diary,"FIIs selling continuously, #banknifty weak below 50689",2026-09-05 05:45:40.356581+00:00,13,3,0,['banknifty'],[],banknifty,2026-09-05 19:16:04.258362+00:00,[],2026-09-05
"MarketMaverick|2026-09-05T17:32:59.030499+00:00|Tejji ka mahaul hai #intraday mein, 4843",MarketMaverick,"Tejji ka mahaul hai #intraday mein, 48433 pe strong buying dekhi",2026-09-05 17:32:59.030499+00:00,7,0,0,['intraday'],[],intraday,2026-09-05 19:16:04.304127+00:00,[],2026-09-05
"options_owl|2026-09-05T05:29:37.735561+00:00|Sell on rise strategy for #sensex, resis",options_owl,"Sell on rise strategy for #sensex, resistance at 48785 not breaking",2026-09-05 05:29:37.735561+00:00,11,2,1,['sensex'],['user_74dd98'],sensex,2026-09-05 19:16:04.301020+00:00,[],2026-09-05
"banknifty_baba|2026-09-04T22:14:00.418941+00:00|बाजार में तेजी है, 49145 के ऊपर खरीदारी ",banknifty_baba,"बाजार में तेजी है, 49145 के ऊपर खरीदारी का मौका #nifty50 #optionstrading #dalalstreet",2026-09-04 22:14:00.418941+00:00,0,0,0,"['nifty50', 'intraday']",[],nifty50,2026-09-05 19:16:04.271698+00:00,[],2026-09-04
"trader_raj|2026-09-05T10:39:46.471126+00:00|Panic selling in #nifty50, 22720 breakdo",trader_raj,"Panic selling in #nifty50, 22720 breakdown confirmed, stop loss hit Thoughts?",2026-09-05 10:39:46.471126+00:00,8,1,1,['nifty50'],['user_fd2507'],nifty50,2026-09-05 19:16:04.288053+00:00,[],2026-09-05
"quant_priya|2026-09-05T10:07:34.704471+00:00|मंदी का माहौल है बाज़ार में, 23481 से नी",quant_priya,"मंदी का माहौल है बाज़ार में, 23481 से नीचे बिकवाली तेज #nifty50",2026-09-05 10:07:34.704471+00:00,13,1,2,"['nifty50', 'intraday']",[],nifty50,2026-09-05 19:16:04.293974+00:00,[],2026-09-05
"banknifty_baba|2026-09-04T21:20:34.791098+00:00|आज #sensex में भारी गिरावट, 49641 का सपो",banknifty_baba,"आज #sensex में भारी गिरावट, 49641 का सपोर्ट टूटा RBI policy day today.",2026-09-04 21:20:34.791098+00:00,9,1,1,['sensex'],['user_cc9a65'],sensex,2026-09-05 19:16:04.271326+00:00,[],2026-09-04
"algo_anil|2026-09-05T10:55:29.257700+00:00|आज #sensex में भारी गिरावट, 23349 का सपो",algo_anil,"आज #sensex में भारी गिरावट, 23349 का सपोर्ट टूटा DYOR.",2026-09-05 10:55:29.257700+00:00,4,0,0,"['sensex', 'banknifty']",[],sensex,2026-09-05 19:16:04.306502+00:00,[],2026-09-05
banknifty_baba|2026-09-04T22:53:02.426748+00:00|Profit booking seen in #nifty50 near 230,banknifty_baba,"Profit booking seen in #nifty50 near 23012, caution advised #stockmarket #trading",2026-09-04 22:53:02.426748+00:00,9,1,0,['nifty50'],[],nifty50,2026-09-05 19:16:04.298866+00:00,[],2026-09-04
"bull_on_dalal_st|2026-09-05T03:07:58.847842+00:00|Tejji ka mahaul hai #banknifty mein, 507",bull_on_dalal_st,"Tejji ka mahaul hai #banknifty mein, 50799 pe strong buying dekhi Budget session ahead, stay alert. Adani Enterprises also in focus.",2026-09-05 03:07:58.847842+00:00,6,1,0,['banknifty'],[],banknifty,2026-09-05 19:16:04.261235+00:00,[],2026-09-05
"chartwizard|2026-09-04T23:34:55.728085+00:00|आज #sensex में जबरदस्त तेजी, 50679 का स्",chartwizard,"आज #sensex में जबरदस्त तेजी, 50679 का स्तर पार Options data suggests the same.",2026-09-04 23:34:55.728085+00:00,0,0,0,['sensex'],[],sensex,2026-09-05 19:16:04.253555+00:00,[],2026-09-04
"algo_anil|2026-09-05T10:20:51.397829+00:00|Global markets weak overnight, #banknift",algo_anil,"Global markets weak overnight, #banknifty may gap down below 48781 Keep an eye on FII/DII data.",2026-09-05 10:20:51.397829+00:00,10,2,1,['banknifty'],[],banknifty,2026-09-05 19:16:04.300140+00:00,[],2026-09-05
banknifty_baba|2026-09-05T17:41:07.504512+00:00|#nifty50 range-bound between 22728 and 2,banknifty_baba,"#nifty50 range-bound between 22728 and 22108 today, waiting for a clear direction",2026-09-05 17:41:07.504512+00:00,13,3,1,"['nifty50', 'banknifty']",[],nifty50,2026-09-05 19:16:04.306241+00:00,[],2026-09-05
"MarketMaverick|2026-09-05T00:53:00.372762+00:00|Low volume day for #banknifty, market aw",MarketMaverick,"Low volume day for #banknifty, market awaiting 22208 confirmation Keep an eye on FII/DII data.",2026-09-05 00:53:00.372762+00:00,11,0,0,['banknifty'],[],banknifty,2026-09-05 19:16:04.282814+00:00,[],2026-09-05
bull_on_dalal_st|2026-09-04T19:55:25.863970+00:00|Short positions added on #intraday below,bull_on_dalal_st,"Short positions added on #intraday below 49139, target 49759 Volume bhi zyada hai aaj.",2026-09-04 19:55:25.863970+00:00,10,2,1,['intraday'],[],intraday,2026-09-05 19:16:04.268545+00:00,[],2026-09-04
algo_anil|2026-09-04T20:06:42.337953+00:00|#intraday range-bound between 49268 and ,algo_anil,"#intraday range-bound between 49268 and 49118 today, waiting for a clear direction Budget session ahead, stay alert.",2026-09-04 20:06:42.337953+00:00,1,0,0,['intraday'],[],intraday,2026-09-05 19:16:04.274924+00:00,[],2026-09-04
"dalalstreet_diary|2026-09-05T00:18:26.575473+00:00|Watching #sensex closely, no clear trend",dalalstreet_diary,"Watching #sensex closely, no clear trend yet. What's everyone's view on 23181? #stockmarket #trading",2026-09-05 00:18:26.575473+00:00,11,1,1,['sensex'],['user_47276d'],sensex,2026-09-05 19:16:04.279492+00:00,[],2026-09-05
"swing_trader_in|2026-09-05T00:26:22.798226+00:00|मंदी का माहौल है बाज़ार में, 47582 से नी",swing_trader_in,"मंदी का माहौल है बाज़ार में, 47582 से नीचे बिकवाली तेज #nifty50 DYOR.",2026-09-05 00:26:22.798226+00:00,6,0,0,['nifty50'],[],nifty50,2026-09-05 19:16:04.290281+00:00,[],2026-09-05
options_owl|2026-09-04T19:35:49.072187+00:00|Positional buy initiated on #banknifty a,options_owl,"Positional buy initiated on #banknifty above 50489, SL below 50639 NFA.",2026-09-04 19:35:49.072187+00:00,10,2,1,['banknifty'],[],banknifty,2026-09-05 19:16:04.290389+00:00,[],2026-09-04
"banknifty_baba|2026-09-05T08:04:02.253755+00:00|Global cues supportive, #banknifty likel",banknifty_baba,"Global cues supportive, #banknifty likely to open above 48154 tomorrow Budget session ahead, stay alert.",2026-09-05 08:04:02.253755+00:00,12,2,1,['banknifty'],[],banknifty,2026-09-05 19:16:04.303192+00:00,[],2026-09-05
"the_bear_desk|2026-09-05T00:01:49.516683+00:00|Sideways action continues on #banknifty,",the_bear_desk,"Sideways action continues on #banknifty, 48105-48255 range holding Volume bhi zyada hai aaj.",2026-09-05 00:01:49.516683+00:00,1,0,0,['banknifty'],['user_702f98'],banknifty,2026-09-05 19:16:04.287017+00:00,[],2026-09-05
swing_trader_in|2026-09-05T13:45:20.618625+00:00|#intraday range-bound between 21589 and ,swing_trader_in,"#intraday range-bound between 21589 and 21139 today, waiting for a clear direction Budget session ahead, stay alert.",2026-09-05 13:45:20.618625+00:00,6,1,0,['intraday'],[],intraday,2026-09-05 19:16:04.258944+00:00,[],2026-09-05
"chartwizard|2026-09-05T00:32:13.934588+00:00|आज #nifty50 में जबरदस्त तेजी, 50304 का स",chartwizard,"आज #nifty50 में जबरदस्त तेजी, 50304 का स्तर पार Kya lagta hai aap logo ka?",2026-09-05 00:32:13.934588+00:00,9,0,0,['nifty50'],[],nifty50,2026-09-05 19:16:04.303733+00:00,[],2026-09-05
"quant_priya|2026-09-05T08:41:29.208359+00:00|Low volume day for #nifty50, market awai",quant_priya,"Low volume day for #nifty50, market awaiting 50212 confirmation Kya lagta hai aap logo ka?",2026-09-05 08:41:29.208359+00:00,1,0,0,"['nifty50', 'intraday']",[],nifty50,2026-09-05 19:16:04.300925+00:00,[],2026-09-05
"swing_trader_in|2026-09-05T12:34:29.121621+00:00|आज #intraday में जबरदस्त तेजी, 50229 का ",swing_trader_in,"आज #intraday में जबरदस्त तेजी, 50229 का स्तर पार",2026-09-05 12:34:29.121621+00:00,9,1,1,['intraday'],[],intraday,2026-09-05 19:16:04.276590+00:00,[],2026-09-05
"riskmanager_99|2026-09-05T01:54:48.352682+00:00|Gap up opening expected for #sensex, 489",riskmanager_99,"Gap up opening expected for #sensex, 48962 is the level to watch Volume bhi zyada hai aaj.",2026-09-05 01:54:48.352682+00:00,14,3,1,['sensex'],['user_f923c4'],sensex,2026-09-05 19:16:04.294798+00:00,[],2026-09-05
riskmanager_99|2026-09-04T19:18:46.895862+00:00|Profit booking seen in #nifty50 near 493,riskmanager_99,"Profit booking seen in #nifty50 near 49358, caution advised DYOR.",2026-09-04 19:18:46.895862+00:00,3,0,0,['nifty50'],['user_677139'],nifty50,2026-09-05 19:16:04.281488+00:00,[],2026-09-04
"banknifty_baba|2026-09-04T19:59:14.418003+00:00|#nifty50 showing higher highs, 48067 bro",banknifty_baba,"#nifty50 showing higher highs, 48067 broken with volume, next stop 48217 #optionstrading #dalalstreet",2026-09-04 19:59:14.418003+00:00,3,0,0,['nifty50'],[],nifty50,2026-09-05 19:16:04.276682+00:00,[],2026-09-04
"niftyguru|2026-09-05T17:10:26.064738+00:00|Watching #banknifty closely, no clear tr",niftyguru,"Watching #banknifty closely, no clear trend yet. What's everyone's view on 47899? Thoughts?",2026-09-05 17:10:26.064738+00:00,0,0,0,['banknifty'],[],banknifty,2026-09-05 19:16:04.255457+00:00,[],2026-09-05
"the_bear_desk|2026-09-05T08:02:41.331561+00:00|Gap up opening expected for #sensex, 480",the_bear_desk,"Gap up opening expected for #sensex, 48046 is the level to watch",2026-09-05 08:02:41.331561+00:00,0,0,0,"['sensex', 'sensex']",[],sensex,2026-09-05 19:16:04.265247+00:00,[],2026-09-05
"bull_on_dalal_st|2026-09-05T02:33:36.979489+00:00|Gap up opening expected for #nifty50, 47",bull_on_dalal_st,"Gap up opening expected for #nifty50, 47617 is the level to watch Keep an eye on FII/DII data. HDFC Bank also in focus.",2026-09-05 02:33:36.979489+00:00,15,0,0,['nifty50'],[],nifty50,2026-09-05 19:16:04.307796+00:00,[],2026-09-05
"algo_anil|2026-09-05T08:30:11.855876+00:00|Tejji ka mahaul hai #intraday mein, 4842",algo_anil,"Tejji ka mahaul hai #intraday mein, 48428 pe strong buying dekhi",2026-09-05 08:30:11.855876+00:00,9,2,0,"['intraday', 'sensex']",[],intraday,2026-09-05 19:16:04.253434+00:00,[],2026-09-05
dalalstreet_diary|2026-09-05T00:08:37.908504+00:00|Short positions added on #banknifty belo,dalalstreet_diary,"Short positions added on #banknifty below 23301, target 23451 Volume bhi zyada hai aaj.",2026-09-05 00:08:37.908504+00:00,9,1,1,"['banknifty', 'intraday']",['user_7daaa4'],banknifty,2026-09-05 19:16:04.284840+00:00,[],2026-09-05
"MarketMaverick|2026-09-05T08:50:33.868640+00:00|#nifty50 forming lower lows, 23103 suppo",MarketMaverick,"#nifty50 forming lower lows, 23103 support gone, next target 22653 Let's see how it closes. TCS also in focus.",2026-09-05 08:50:33.868640+00:00,7,1,1,['nifty50'],[],nifty50,2026-09-05 19:16:04.293786+00:00,[],2026-09-05
"bull_on_dalal_st|2026-09-04T23:06:05.704686+00:00|FIIs buying heavily today, #intraday cou",bull_on_dalal_st,"FIIs buying heavily today, #intraday could test 24081 by expiry",2026-09-04 23:06:05.704686+00:00,1,0,0,['intraday'],[],intraday,2026-09-05 19:16:04.273907+00:00,[],2026-09-04
"niftyguru|2026-09-05T17:03:30.189179+00:00|Watching #intraday closely, no clear tre",niftyguru,"Watching #intraday closely, no clear trend yet. What's everyone's view on 23279? Keep an eye on FII/DII data.",2026-09-05 17:03:30.189179+00:00,5,0,0,['intraday'],[],intraday,2026-09-05 19:16:04.276971+00:00,[],2026-09-05
MarketMaverick|2026-09-05T18:06:33.032544+00:00|#intraday range-bound between 22009 and ,MarketMaverick,"#intraday range-bound between 22009 and 21559 today, waiting for a clear direction NFA.",2026-09-05 18:06:33.032544+00:00,5,0,0,"['intraday', 'sensex']",[],intraday,2026-09-05 19:16:04.273339+00:00,[],2026-09-05
"MarketMaverick|2026-09-04T21:43:24.654904+00:00|FIIs selling continuously, #intraday wea",MarketMaverick,"FIIs selling continuously, #intraday weak below 47518 Kya lagta hai aap logo ka?",2026-09-04 21:43:24.654904+00:00,9,1,0,"['intraday', 'intraday']",[],intraday,2026-09-05 19:16:04.258159+00:00,[],2026-09-04
"trader_raj|2026-09-05T04:30:44.060591+00:00|#nifty50 consolidating near 49858, need ",trader_raj,"#nifty50 consolidating near 49858, need a breakout either side Kya lagta hai aap logo ka?",2026-09-05 04:30:44.060591+00:00,4,1,0,['nifty50'],['user_bf7034'],nifty50,2026-09-05 19:16:04.260924+00:00,[],2026-09-05
"algo_anil|2026-09-05T14:29:12.398074+00:00|Sell on rise strategy for #banknifty, re",algo_anil,"Sell on rise strategy for #banknifty, resistance at 22672 not breaking Let's see how it closes.",2026-09-05 14:29:12.398074+00:00,4,0,0,"['banknifty', 'nifty50']",[],banknifty,2026-09-05 19:16:04.276831+00:00,[],2026-09-05
"options_owl|2026-09-04T23:15:50.827073+00:00|Gap up opening expected for #sensex, 493",options_owl,"Gap up opening expected for #sensex, 49397 is the level to watch Let's see how it closes.",2026-09-04 23:15:50.827073+00:00,11,1,0,['sensex'],[],sensex,2026-09-05 19:16:04.307748+00:00,[],2026-09-04
"the_bear_desk|2026-09-05T13:09:17.115431+00:00|Market crash ho sakta hai, 21509 ka supp",the_bear_desk,"Market crash ho sakta hai, 21509 ka support toot gaya, bearish on #banknifty #optionstrading #dalalstreet TCS also in focus.",2026-09-05 13:09:17.115431+00:00,15,4,1,['banknifty'],[],banknifty,2026-09-05 19:16:04.269909+00:00,[],2026-09-05
the_bear_desk|2026-09-05T15:13:16.908839+00:00|Nifty ne resistance todi! bullish moment,the_bear_desk,"Nifty ne resistance todi! bullish momentum building, 21874 ke upar accumulate karo #nifty50 Let's see how it closes.",2026-09-05 15:13:16.908839+00:00,4,1,0,['nifty50'],['user_a96f7d'],nifty50,2026-09-05 19:16:04.269104+00:00,[],2026-09-05
"riskmanager_99|2026-09-05T18:43:50.248356+00:00|मंदी का माहौल है बाज़ार में, 49966 से नी",riskmanager_99,"मंदी का माहौल है बाज़ार में, 49966 से नीचे बिकवाली तेज #sensex #stockmarket #trading",2026-09-05 18:43:50.248356+00:00,7,1,0,['sensex'],[],sensex,2026-09-05 19:16:04.266239+00:00,[],2026-09-05
"MarketMaverick|2026-09-05T17:54:03.532876+00:00|Watching #intraday closely, no clear tre",MarketMaverick,"Watching #intraday closely, no clear trend yet. What's everyone's view on 21554? Keep an eye on FII/DII data.",2026-09-05 17:54:03.532876+00:00,9,2,0,"['intraday', 'sensex']",['user_1eccb7'],intraday,2026-09-05 19:16:04.295025+00:00,[],2026-09-05
"dalalstreet_diary|2026-09-05T10:59:48.336371+00:00|Low volume day for #sensex, market await",dalalstreet_diary,"Low volume day for #sensex, market awaiting 48311 confirmation Volume bhi zyada hai aaj. TCS also in focus.",2026-09-05 10:59:48.336371+00:00,14,3,1,['sensex'],[],sensex,2026-09-05 19:16:04.273891+00:00,[],2026-09-05
intraday_ishaan|2026-09-05T17:01:58.304599+00:00|Profit booking seen in #banknifty near 4,intraday_ishaan,"Profit booking seen in #banknifty near 49704, caution advised RBI policy day today.",2026-09-05 17:01:58.304599+00:00,13,2,1,['banknifty'],[],banknifty,2026-09-05 19:16:04.296853+00:00,[],2026-09-05
"chartwizard|2026-09-05T18:15:19.083466+00:00|Global markets weak overnight, #banknift",chartwizard,"Global markets weak overnight, #banknifty may gap down below 49571 RBI policy day today.",2026-09-05 18:15:19.083466+00:00,1,0,0,"['banknifty', 'intraday']",[],banknifty,2026-09-05 19:16:04.306804+00:00,[],2026-09-05
"algo_anil|2026-09-05T00:31:39.973347+00:00|आज #intraday में भारी गिरावट, 22899 का स",algo_anil,"आज #intraday में भारी गिरावट, 22899 का सपोर्ट टूटा RBI policy day today.",2026-09-05 00:31:39.973347+00:00,7,1,0,"['intraday', 'sensex']",[],intraday,2026-09-05 19:16:04.307134+00:00,[],2026-09-05
"niftyguru|2026-09-05T13:05:14.686442+00:00|Watching #intraday closely, no clear tre",niftyguru,"Watching #intraday closely, no clear trend yet. What's everyone's view on 49651? Thoughts? Infosys also in focus.",2026-09-05 13:05:14.686442+00:00,3,0,0,['intraday'],[],intraday,2026-09-05 19:16:04.298275+00:00,[],2026-09-05
"quant_priya|2026-09-05T04:55:19.669704+00:00|Tejji ka mahaul hai #banknifty mein, 228",quant_priya,"Tejji ka mahaul hai #banknifty mein, 22890 pe strong buying dekhi Bajaj Finance also in focus.",2026-09-05 04:55:19.669704+00:00,9,2,1,['banknifty'],[],banknifty,2026-09-05 19:16:04.283050+00:00,[],2026-09-05
niftyguru|2026-09-05T07:29:58.126990+00:00|Short positions added on #banknifty belo,niftyguru,"Short positions added on #banknifty below 21619, target 22419 Kya lagta hai aap logo ka?",2026-09-05 07:29:58.126990+00:00,2,0,0,['banknifty'],[],banknifty,2026-09-05 19:16:04.280952+00:00,[],2026-09-05
"options_owl|2026-09-05T04:52:59.017777+00:00|Watching #nifty50 closely, no clear tren",options_owl,"Watching #nifty50 closely, no clear trend yet. What's everyone's view on 21615? Kya lagta hai aap logo ka?",2026-09-05 04:52:59.017777+00:00,7,1,0,"['nifty50', 'sensex']",[],nifty50,2026-09-05 19:16:04.293154+00:00,[],2026-09-05
"chartwizard|2026-09-05T09:11:18.265125+00:00|Buy the dip on 22177, 21877 target for s",chartwizard,"Buy the dip on 22177, 21877 target for swing trade #nifty50 $NIFTY Let's see how it closes. SBI also in focus.",2026-09-05 09:11:18.265125+00:00,8,0,1,['nifty50'],[],nifty50,2026-09-05 19:16:04.276605+00:00,['NIFTY'],2026-09-05
"sensex_scalper|2026-09-05T00:31:17.041099+00:00|#intraday looking strong today, breakout",sensex_scalper,"#intraday looking strong today, breakout above 48405, target 47955 Keep an eye on FII/DII data.",2026-09-05 00:31:17.041099+00:00,0,0,0,['intraday'],[],intraday,2026-09-05 19:16:04.296018+00:00,[],2026-09-05
"options_owl|2026-09-05T05:39:31.359701+00:00|#nifty50 forming lower lows, 49102 suppo",options_owl,"#nifty50 forming lower lows, 49102 support gone, next target 49902",2026-09-05 05:39:31.359701+00:00,11,0,2,['nifty50'],[],nifty50,2026-09-05 19:16:04.268018+00:00,[],2026-09-05
"niftyguru|2026-09-04T20:24:06.454229+00:00|आज #intraday में जबरदस्त तेजी, 23369 का ",niftyguru,"आज #intraday में जबरदस्त तेजी, 23369 का स्तर पार",2026-09-04 20:24:06.454229+00:00,15,0,0,"['intraday', 'sensex']",[],intraday,2026-09-05 19:16:04.298338+00:00,[],2026-09-04
"options_owl|2026-09-05T03:12:37.392673+00:00|बाजार में तेजी है, 22700 के ऊपर खरीदारी ",options_owl,"बाजार में तेजी है, 22700 के ऊपर खरीदारी का मौका #nifty50 SBI also in focus.",2026-09-05 03:12:37.392673+00:00,3,0,0,['nifty50'],[],nifty50,2026-09-05 19:16:04.262117+00:00,[],2026-09-05
trader_raj|2026-09-05T18:24:06.373904+00:00|Positional buy initiated on #intraday ab,trader_raj,"Positional buy initiated on #intraday above 48834, SL below 48684 NFA.",2026-09-05 18:24:06.373904+00:00,9,2,1,['intraday'],[],intraday,2026-09-05 19:16:04.255961+00:00,[],2026-09-05
"banknifty_baba|2026-09-05T00:24:55.581112+00:00|Sell on rise strategy for #sensex, resis",banknifty_baba,"Sell on rise strategy for #sensex, resistance at 48812 not breaking #stockmarket #trading",2026-09-05 00:24:55.581112+00:00,0,0,0,['sensex'],[],sensex,2026-09-05 19:16:04.304040+00:00,[],2026-09-05
"banknifty_baba|2026-09-05T03:03:33.064713+00:00|Buy the dip on 47683, 47233 target for s",banknifty_baba,"Buy the dip on 47683, 47233 target for swing trade #intraday $NIFTY",2026-09-05 03:03:33.064713+00:00,2,0,0,['intraday'],[],intraday,2026-09-05 19:16:04.276396+00:00,['NIFTY'],2026-09-05
trader_raj|2026-09-05T06:52:29.647204+00:00|#intraday range-bound between 21949 and ,trader_raj,"#intraday range-bound between 21949 and 22249 today, waiting for a clear direction Budget session ahead, stay alert.",2026-09-05 06:52:29.647204+00:00,5,0,0,"['intraday', 'sensex']",[],intraday,2026-09-05 19:16:04.262322+00:00,[],2026-09-05
"intraday_ishaan|2026-09-05T11:11:13.744788+00:00|Sell on rise strategy for #sensex, resis",intraday_ishaan,"Sell on rise strategy for #sensex, resistance at 48607 not breaking Budget session ahead, stay alert.",2026-09-05 11:11:13.744788+00:00,4,0,0,"['sensex', 'banknifty']",[],sensex,2026-09-05 19:16:04.311950+00:00,[],2026-09-05
"intraday_ishaan|2026-09-04T19:58:27.116316+00:00|Market crash ho sakta hai, 50225 ka supp",intraday_ishaan,"Market crash ho sakta hai, 50225 ka support toot gaya, bearish on #banknifty Thoughts?",2026-09-04 19:58:27.116316+00:00,15,1,1,['banknifty'],[],banknifty,2026-09-05 19:16:04.280574+00:00,[],2026-09-04
"niftyguru|2026-09-05T16:16:16.609745+00:00|Watching #nifty50 closely, no clear tren",niftyguru,"Watching #nifty50 closely, no clear trend yet. What's everyone's view on 47531? Volume bhi zyada hai aaj.",2026-09-05 16:16:16.609745+00:00,1,0,0,['nifty50'],[],nifty50,2026-09-05 19:16:04.311927+00:00,[],2026-09-05
dalalstreet_diary|2026-09-05T18:12:24.851791+00:00|Short positions added on #banknifty belo,dalalstreet_diary,"Short positions added on #banknifty below 22572, target 23372 Keep an eye on FII/DII data.",2026-09-05 18:12:24.851791+00:00,7,0,0,['banknifty'],[],banknifty,2026-09-05 19:16:04.253018+00:00,[],2026-09-05
"options_owl|2026-09-05T16:47:04.189357+00:00|Sideways action continues on #sensex, 47",options_owl,"Sideways action continues on #sensex, 47765-48065 range holding Budget session ahead, stay alert.",2026-09-05 16:47:04.189357+00:00,9,1,1,"['sensex', 'nifty50']",[],sensex,2026-09-05 19:16:04.290413+00:00,[],2026-09-05
"trader_raj|2026-09-05T07:38:24.563804+00:00|#intraday breaking down below 50183, exp",trader_raj,"#intraday breaking down below 50183, expecting further downside to 50983 #stockmarket #trading",2026-09-05 07:38:24.563804+00:00,3,0,0,['intraday'],['user_639a0d'],intraday,2026-09-05 19:16:04.271123+00:00,[],2026-09-05
"intraday_ishaan|2026-09-04T18:25:39.323191+00:00|Market crash ho sakta hai, 23458 ka supp",intraday_ishaan,"Market crash ho sakta hai, 23458 ka support toot gaya, bearish on #banknifty Options data suggests the same.",2026-09-04 18:25:39.323191+00:00,10,2,0,['banknifty'],[],banknifty,2026-09-05 19:16:04.296241+00:00,[],2026-09-04
"options_owl|2026-09-04T18:49:35.336743+00:00|#nifty50 breaking down below 23105, expe",options_owl,"#nifty50 breaking down below 23105, expecting further downside to 23555 DYOR.",2026-09-04 18:49:35.336743+00:00,1,0,0,['nifty50'],[],nifty50,2026-09-05 19:16:04.313449+00:00,[],2026-09-04
"intraday_ishaan|2026-09-05T16:28:55.145991+00:00|Mixed signals on #banknifty today, 22768",intraday_ishaan,"Mixed signals on #banknifty today, 22768 acting as a pivot",2026-09-05 16:28:55.145991+00:00,6,1,1,"['banknifty', 'banknifty']",[],banknifty,2026-09-05 19:16:04.313424+00:00,[],2026-09-05
"sensex_scalper|2026-09-04T18:29:51.139269+00:00|FIIs selling continuously, #intraday wea",sensex_scalper,"FIIs selling continuously, #intraday weak below 50882",2026-09-04 18:29:51.139269+00:00,6,0,0,['intraday'],[],intraday,2026-09-05 19:16:04.265011+00:00,[],2026-09-04
"sensex_scalper|2026-09-05T03:14:51.385970+00:00|Panic selling in #sensex, 22889 breakdow",sensex_scalper,"Panic selling in #sensex, 22889 breakdown confirmed, stop loss hit DYOR.",2026-09-05 03:14:51.385970+00:00,8,1,1,['sensex'],[],sensex,2026-09-05 19:16:04.278795+00:00,[],2026-09-05
"algo_anil|2026-09-04T22:27:41.778314+00:00|FIIs selling continuously, #nifty50 weak",algo_anil,"FIIs selling continuously, #nifty50 weak below 23421",2026-09-04 22:27:41.778314+00:00,1,0,0,['nifty50'],[],nifty50,2026-09-05 19:16:04.295082+00:00,[],2026-09-04
"dalalstreet_diary|2026-09-04T23:38:11.927533+00:00|#nifty50 forming lower lows, 50897 suppo",dalalstreet_diary,"#nifty50 forming lower lows, 50897 support gone, next target 50747 Keep an eye on FII/DII data.",2026-09-04 23:38:11.927533+00:00,1,0,0,['nifty50'],[],nifty50,2026-09-05 19:16:04.286341+00:00,[],2026-09-04
"dalalstreet_diary|2026-09-04T23:58:20.070231+00:00|#intraday forming lower lows, 21583 supp",dalalstreet_diary,"#intraday forming lower lows, 21583 support gone, next target 22033 SBI also in focus.",2026-09-04 23:58:20.070231+00:00,12,1,1,['intraday'],[],intraday,2026-09-05 19:16:04.304512+00:00,[],2026-09-04
"intraday_ishaan|2026-09-05T10:29:29.533236+00:00|आज #sensex में जबरदस्त तेजी, 50540 का स्",intraday_ishaan,"आज #sensex में जबरदस्त तेजी, 50540 का स्तर पार NFA.",2026-09-05 10:29:29.533236+00:00,11,2,0,"['sensex', 'nifty50']",[],sensex,2026-09-05 19:16:04.256573+00:00,[],2026-09-05
"niftyguru|2026-09-05T09:51:37.317643+00:00|मंदी का माहौल है बाज़ार में, 49899 से नी",niftyguru,"मंदी का माहौल है बाज़ार में, 49899 से नीचे बिकवाली तेज #sensex DYOR. Reliance also in focus.",2026-09-05 09:51:37.317643+00:00,0,0,0,['sensex'],[],sensex,2026-09-05 19:16:04.305774+00:00,[],2026-09-05
"sensex_scalper|2026-09-05T04:50:20.409413+00:00|Buy the dip on 48458, 47838 target for s",sensex_scalper,"Buy the dip on 48458, 47838 target for swing trade #intraday $NIFTY",2026-09-05 04:50:20.409413+00:00,8,0,0,['intraday'],[],intraday,2026-09-05 19:16:04.265070+00:00,['NIFTY'],2026-09-05
dalalstreet_diary|2026-09-05T02:18:58.079635+00:00|Nifty ne resistance todi! bullish moment,dalalstreet_diary,"Nifty ne resistance todi! bullish momentum building, 23238 ke upar accumulate karo #banknifty DYOR.",2026-09-05 02:18:58.079635+00:00,15,2,0,['banknifty'],[],banknifty,2026-09-05 19:16:04.275284+00:00,[],2026-09-05
"dalalstreet_diary|2026-09-04T22:21:00.711448+00:00|Mixed signals on #banknifty today, 50358",dalalstreet_diary,"Mixed signals on #banknifty today, 50358 acting as a pivot NFA.",2026-09-04 22:21:00.711448+00:00,6,0,0,['banknifty'],[],banknifty,2026-09-05 19:16:04.276865+00:00,[],2026-09-04
"quant_priya|2026-09-05T11:37:02.494457+00:00|#nifty50 forming lower lows, 50176 suppo",quant_priya,"#nifty50 forming lower lows, 50176 support gone, next target 50796",2026-09-05 11:37:02.494457+00:00,4,0,0,['nifty50'],[],nifty50,2026-09-05 19:16:04.266101+00:00,[],2026-09-05
"quant_priya|2026-09-05T14:14:37.834751+00:00|Sensex rally continues, 21751 support ho",quant_priya,"Sensex rally continues, 21751 support holding well. Long positions looking good #sensex DYOR.",2026-09-05 14:14:37.834751+00:00,2,0,0,['sensex'],[],sensex,2026-09-05 19:16:04.313184+00:00,[],2026-09-05
"options_owl|2026-09-04T23:27:16.700453+00:00|Global markets weak overnight, #nifty50 ",options_owl,"Global markets weak overnight, #nifty50 may gap down below 23401",2026-09-04 23:27:16.700453+00:00,0,0,0,['nifty50'],[],nifty50,2026-09-05 19:16:04.286296+00:00,[],2026-09-04
"quant_priya|2026-09-05T13:13:26.952984+00:00|#banknifty showing higher highs, 48876 b",quant_priya,"#banknifty showing higher highs, 48876 broken with volume, next stop 48576 RBI policy day today.",2026-09-05 13:13:26.952984+00:00,8,2,1,['banknifty'],[],banknifty,2026-09-05 19:16:04.272920+00:00,[],2026-09-05
"quant_priya|2026-09-05T12:32:09.914710+00:00|FIIs buying heavily today, #banknifty co",quant_priya,"FIIs buying heavily today, #banknifty could test 23255 by expiry NFA.",2026-09-05 12:32:09.914710+00:00,14,0,0,['banknifty'],[],banknifty,2026-09-05 19:16:04.294190+00:00,[],2026-09-05
"chartwizard|2026-09-05T04:39:35.794900+00:00|Mixed signals on #nifty50 today, 22111 a",chartwizard,"Mixed signals on #nifty50 today, 22111 acting as a pivot DYOR.",2026-09-05 04:39:35.794900+00:00,0,0,0,['nifty50'],['user_76e614'],nifty50,2026-09-05 19:16:04.283994+00:00,[],2026-09-05
"banknifty_baba|2026-09-04T21:58:34.499854+00:00|मंदी का माहौल है बाज़ार में, 50336 से नी",banknifty_baba,"मंदी का माहौल है बाज़ार में, 50336 से नीचे बिकवाली तेज #intraday Let's see how it closes.",2026-09-04 21:58:34.499854+00:00,4,0,0,"['intraday', 'banknifty']",[],intraday,2026-09-05 19:16:04.296227+00:00,[],2026-09-04
"banknifty_baba|2026-09-05T16:43:35.833780+00:00|#banknifty forming lower lows, 49774 sup",banknifty_baba,"#banknifty forming lower lows, 49774 support gone, next target 50074 Kya lagta hai aap logo ka?",2026-09-05 16:43:35.833780+00:00,6,1,0,"['banknifty', 'intraday']",[],banknifty,2026-09-05 19:16:04.265231+00:00,[],2026-09-05
"swing_trader_in|2026-09-05T11:15:29.347310+00:00|FIIs buying heavily today, #nifty50 coul",swing_trader_in,"FIIs buying heavily today, #nifty50 could test 23756 by expiry Volume bhi zyada hai aaj.",2026-09-05 11:15:29.347310+00:00,8,0,0,"['nifty50', 'intraday']",[],nifty50,2026-09-05 19:16:04.310922+00:00,[],2026-09-05
"trader_raj|2026-09-04T23:27:23.278106+00:00|Low volume day for #intraday, market awa",trader_raj,"Low volume day for #intraday, market awaiting 50380 confirmation Volume bhi zyada hai aaj.",2026-09-04 23:27:23.278106+00:00,7,0,0,['intraday'],[],intraday,2026-09-05 19:16:04.307322+00:00,[],2026-09-04
"bull_on_dalal_st|2026-09-04T22:36:00.897405+00:00|#sensex looking strong today, breakout a",bull_on_dalal_st,"#sensex looking strong today, breakout above 22323, target 22943 Options data suggests the same.",2026-09-04 22:36:00.897405+00:00,10,1,1,['sensex'],[],sensex,2026-09-05 19:16:04.301410+00:00,[],2026-09-04
"chartwizard|2026-09-05T16:31:47.593503+00:00|आज #intraday में भारी गिरावट, 22815 का स",chartwizard,"आज #intraday में भारी गिरावट, 22815 का सपोर्ट टूटा Keep an eye on FII/DII data.",2026-09-05 16:31:47.593503+00:00,12,2,0,"['intraday', 'sensex']",[],intraday,2026-09-05 19:16:04.296505+00:00,[],2026-09-05
"riskmanager_99|2026-09-05T05:23:50.253903+00:00|FIIs buying heavily today, #sensex could",riskmanager_99,"FIIs buying heavily today, #sensex could test 22717 by expiry Budget session ahead, stay alert.",2026-09-05 05:23:50.253903+00:00,11,1,1,"['sensex', 'sensex']",[],sensex,2026-09-05 19:16:04.302019+00:00,[],2026-09-05
"algo_anil|2026-09-05T06:57:29.715064+00:00|Global cues supportive, #nifty50 likely ",algo_anil,"Global cues supportive, #nifty50 likely to open above 49531 tomorrow Kya lagta hai aap logo ka?",2026-09-05 06:57:29.715064+00:00,6,1,0,"['nifty50', 'intraday']",[],nifty50,2026-09-05 19:16:04.269740+00:00,[],2026-09-05
"quant_priya|2026-09-05T09:50:27.296601+00:00|Global markets weak overnight, #intraday",quant_priya,"Global markets weak overnight, #intraday may gap down below 48376 #optionstrading #dalalstreet",2026-09-05 09:50:27.296601+00:00,13,1,0,"['intraday', 'banknifty']",[],intraday,2026-09-05 19:16:04.286154+00:00,[],2026-09-05
"quant_priya|2026-09-05T07:54:34.540112+00:00|Tejji ka mahaul hai #banknifty mein, 216",quant_priya,"Tejji ka mahaul hai #banknifty mein, 21683 pe strong buying dekhi",2026-09-05 07:54:34.540112+00:00,8,2,0,"['banknifty', 'sensex']",[],banknifty,2026-09-05 19:16:04.279505+00:00,[],2026-09-05
"niftyguru|2026-09-05T13:58:25.557020+00:00|Sensex rally continues, 49192 support ho",niftyguru,"Sensex rally continues, 49192 support holding well. Long positions looking good #intraday NFA. Bajaj Finance also in focus.",2026-09-05 13:58:25.557020+00:00,15,3,1,"['intraday', 'intraday']",[],intraday,2026-09-05 19:16:04.273605+00:00,[],2026-09-05
"MarketMaverick|2026-09-05T18:48:32.618003+00:00|Global cues supportive, #banknifty likel",MarketMaverick,"Global cues supportive, #banknifty likely to open above 50856 tomorrow Thoughts? TCS also in focus.",2026-09-05 18:48:32.618003+00:00,1,0,0,['banknifty'],[],banknifty,2026-09-05 19:16:04.305016+00:00,[],2026-09-05
"banknifty_baba|2026-09-05T15:46:07.601091+00:00|आज #nifty50 में भारी गिरावट, 50555 का सप",banknifty_baba,"आज #nifty50 में भारी गिरावट, 50555 का सपोर्ट टूटा RBI policy day today. Tata Motors also in focus.",2026-09-05 15:46:07.601091+00:00,15,1,1,"['nifty50', 'intraday']",[],nifty50,2026-09-05 19:16:04.283649+00:00,[],2026-09-05
"riskmanager_99|2026-09-05T17:32:54.006620+00:00|#banknifty breaking down below 22515, ex",riskmanager_99,"#banknifty breaking down below 22515, expecting further downside to 22815 Keep an eye on FII/DII data.",2026-09-05 17:32:54.006620+00:00,11,0,1,"['banknifty', 'intraday']",[],banknifty,2026-09-05 19:16:04.287093+00:00,[],2026-09-05
"niftyguru|2026-09-05T09:15:16.256450+00:00|FIIs selling continuously, #banknifty we",niftyguru,"FIIs selling continuously, #banknifty weak below 47525 Kya lagta hai aap logo ka?",2026-09-05 09:15:16.256450+00:00,0,0,0,"['banknifty', 'nifty50']",[],banknifty,2026-09-05 19:16:04.299586+00:00,[],2026-09-05
"niftyguru|2026-09-05T05:32:56.393850+00:00|FIIs selling continuously, #nifty50 weak",niftyguru,"FIIs selling continuously, #nifty50 weak below 48998",2026-09-05 05:32:56.393850+00:00,1,0,0,"['nifty50', 'sensex']",[],nifty50,2026-09-05 19:16:04.270398+00:00,[],2026-09-05
"banknifty_baba|2026-09-05T14:06:06.509720+00:00|मंदी का माहौल है बाज़ार में, 47821 से नी",banknifty_baba,"मंदी का माहौल है बाज़ार में, 47821 से नीचे बिकवाली तेज #sensex NFA.",2026-09-05 14:06:06.509720+00:00,1,0,0,['sensex'],['user_d2e405'],sensex,2026-09-05 19:16:04.283239+00:00,[],2026-09-05
"trader_raj|2026-09-05T13:12:07.169712+00:00|#banknifty breaking down below 23117, ex",trader_raj,"#banknifty breaking down below 23117, expecting further downside to 23737 Let's see how it closes.",2026-09-05 13:12:07.169712+00:00,1,0,0,['banknifty'],['user_800b87'],banknifty,2026-09-05 19:16:04.268079+00:00,[],2026-09-05
"banknifty_baba|2026-09-05T08:50:57.417100+00:00|#intraday consolidating near 49235, need",banknifty_baba,"#intraday consolidating near 49235, need a breakout either side Volume bhi zyada hai aaj.",2026-09-05 08:50:57.417100+00:00,2,0,0,"['intraday', 'banknifty']",[],intraday,2026-09-05 19:16:04.278933+00:00,[],2026-09-05
"MarketMaverick|2026-09-05T11:58:59.487441+00:00|बाजार में तेजी है, 50909 के ऊपर खरीदारी ",MarketMaverick,"बाजार में तेजी है, 50909 के ऊपर खरीदारी का मौका #sensex",2026-09-05 11:58:59.487441+00:00,10,2,0,['sensex'],['user_b6bc16'],sensex,2026-09-05 19:16:04.261366+00:00,[],2026-09-05
"swing_trader_in|2026-09-05T06:04:24.186506+00:00|#banknifty showing higher highs, 22144 b",swing_trader_in,"#banknifty showing higher highs, 22144 broken with volume, next stop 21844 NFA.",2026-09-05 06:04:24.186506+00:00,14,3,1,['banknifty'],[],banknifty,2026-09-05 19:16:04.275620+00:00,[],2026-09-05
dalalstreet_diary|2026-09-05T02:00:00.889038+00:00|Profit booking seen in #nifty50 near 231,dalalstreet_diary,"Profit booking seen in #nifty50 near 23142, caution advised",2026-09-05 02:00:00.889038+00:00,13,2,1,['nifty50'],[],nifty50,2026-09-05 19:16:04.269853+00:00,[],2026-09-05
"swing_trader_in|2026-09-04T22:06:54.327495+00:00|Tejji ka mahaul hai #intraday mein, 2248",swing_trader_in,"Tejji ka mahaul hai #intraday mein, 22482 pe strong buying dekhi",2026-09-04 22:06:54.327495+00:00,13,2,1,['intraday'],[],intraday,2026-09-05 19:16:04.302278+00:00,[],2026-09-04
"sensex_scalper|2026-09-05T08:06:57.302632+00:00|Low volume day for #intraday, market awa",sensex_scalper,"Low volume day for #intraday, market awaiting 49086 confirmation Keep an eye on FII/DII data. Reliance also in focus.",2026-09-05 08:06:57.302632+00:00,3,0,0,['intraday'],[],intraday,2026-09-05 19:16:04.274141+00:00,[],2026-09-05
"sensex_scalper|2026-09-05T18:29:16.199295+00:00|आज #banknifty में जबरदस्त तेजी, 22204 का",sensex_scalper,"आज #banknifty में जबरदस्त तेजी, 22204 का स्तर पार DYOR.",2026-09-05 18:29:16.199295+00:00,3,0,0,"['banknifty', 'intraday']",[],banknifty,2026-09-05 19:16:04.253205+00:00,[],2026-09-05
